id_encuesta,GastoSnacksPartido,CantidadSnacks,AltaIntencionCompra,CategoriaPrecio,FrecuenciaConsumoSnacks,SeleccionApoya,JugadoresInfluyentes,PlaneaVerMundial2026,ConQuienVePartidos,id_encuestado,id_ubicacion,id_tiempo,id_campania
1,Q25 - Q50,3,1,Accesible,Varias veces al mes,Portugal,Kylian Mbappé; Cristiano Ronaldo; Neymar Jr.,Sí,Amigos,1,1,1,1
2,Q51 - Q100,2,1,Premium,1 a 2 veces por semana,Portugal,Cristiano Ronaldo; Kylian Mbappé; Christian Pulisic,Sí,Solo,2,2,2,2
3,Q51 - Q100,3,1,Moderado,Varias veces al mes,España,Cristiano Ronaldo; Federico Valverde,Sí,Familia,3,3,3,3
4,Q25 - Q50,2,1,Moderado,3 a 5 veces por semana,Inglaterra,Vinícius Júnior,No,Solo,4,4,4,4
5,Q51 - Q100,2,0,Moderado,Varias veces al mes,España,Kylian Mbappé,No,Amigos,5,5,5,5
6,Menos de Q25,1,1,Premium,1 a 2 veces por semana,Estados Unidos,Kylian Mbappé,Sí,Solo,6,6,6,6
7,Q51 - Q100,1,0,Moderado,3 a 5 veces por semana,Francia,Lionel Messi,Sí,Solo,7,7,7,7
8,Q25 - Q50,3,0,Super Premium,3 a 5 veces por semana,Nueva Zelanda,Cristiano Ronaldo; Lionel Messi; Julián Álvarez,Sí,Amigos,8,8,8,8
9,Q25 - Q50,1,0,Accesible,Todos los días,Brasil,Lionel Messi; Neymar Jr.,Sí,Familia,9,9,9,9
10,Q51 - Q100,3,0,Super Premium,Varias veces al mes,Portugal,Cristiano Ronaldo; Rodri,Sí,Familia,10,10,10,10
11,Menos de Q25,1,1,Moderado,Todos los días,Estados Unidos,Neymar Jr.; Cristiano Ronaldo,No,Familia,11,11,11,11
12,Q51 - Q100,1,1,Moderado,3 a 5 veces por semana,Argentina,Vinícius Júnior,Sí,Compañeros de trabajo,12,12,12,12
13,Q101 - Q150,3,0,Super Premium,3 a 5 veces por semana,Argentina,Cristiano Ronaldo,Sí,Familia,13,13,13,13
14,Q51 - Q100,1,1,Moderado,3 a 5 veces por semana,Argentina,Cristiano Ronaldo; Neymar Jr.,Sí,Amigos,14,14,14,14
15,Q51 - Q100,3,1,Accesible,1 a 2 veces por semana,Inglaterra,Lionel Messi; Neymar Jr.; Kylian Mbappé,Sí,Compañeros de trabajo,15,15,15,15
16,Q25 - Q50,2,1,Moderado,1 a 2 veces por semana,Brasil,Jude Bellingham; Cristiano Ronaldo,Sí,Amigos,16,16,16,16
17,Más de Q150,3,1,Moderado,Todos los días,México,Rodri; Alphonso Davies; Vinícius Júnior,Sí,Familia,17,17,17,17
18,Q101 - Q150,2,1,Premium,1 a 2 veces por semana,Brasil,Neymar Jr.; Vinícius Júnior; Lionel Messi,Sí,Amigos,18,18,18,18
19,Q25 - Q50,2,1,Super Premium,1 a 2 veces por semana,Australia,Julián Álvarez; Harry Kane,Sí,Familia,19,19,19,19
20,Q51 - Q100,3,1,Moderado,Varias veces al mes,Estados Unidos,Jude Bellingham,Sí,Amigos,20,20,20,20
21,Q25 - Q50,3,1,Moderado,1 a 2 veces por semana,Brasil,Lionel Messi; Rodri; Harry Kane,Sí,Amigos,21,21,21,21
22,Q51 - Q100,2,1,Premium,Todos los días,Irán,Lionel Messi; Cristiano Ronaldo; Neymar Jr.,Sí,Familia,22,22,22,22
23,Q25 - Q50,1,1,Moderado,Todos los días,Estados Unidos,Vinícius Júnior; Lionel Messi; Christian Pulisic,Sí,Otro,23,23,23,23
24,Q101 - Q150,2,0,Premium,Todos los días,Brasil,Neymar Jr.; Vinícius Júnior,Sí,Amigos,24,24,24,24
25,Q51 - Q100,2,1,Moderado,3 a 5 veces por semana,Portugal,Lionel Messi,Sí,Solo,25,25,25,25
26,Q25 - Q50,2,1,Premium,1 a 2 veces por semana,España,Lamine Yamal; Kylian Mbappé,Sí,Familia,26,26,26,26
27,Menos de Q25,1,1,Premium,Todos los días,Brasil,Kylian Mbappé,No,Familia,27,27,27,27
28,Menos de Q25,1,0,Accesible,1 a 2 veces por semana,México,Lionel Messi; Jude Bellingham,Sí,Amigos,28,28,28,28
29,Q25 - Q50,1,0,Moderado,3 a 5 veces por semana,España,Ninguno,Sí,Amigos,29,29,29,29
30,Q51 - Q100,2,1,Moderado,Todos los días,Brasil,Ninguno; Lionel Messi; Jude Bellingham,Sí,Amigos,30,30,30,30
31,Q25 - Q50,2,0,Moderado,Todos los días,Corea del Sur,Rodri,Sí,Amigos,31,31,31,31
32,Q51 - Q100,3,1,Premium,1 a 2 veces por semana,ESTADOS UNIDOS,Cristiano Ronaldo; Vinícius Júnior; Alphonso Davies,Sí,Familia,32,32,32,32
33,Q51 - Q100,3,0,Moderado,Todos los días,FRANCIA,Harry Kane; Rodri,Sí,Amigos,33,33,33,33
34,Q101 - Q150,1,0,Moderado,Varias veces al mes,Noruega,Lionel Messi,Sí,Familia,34,34,34,34
35,Menos de Q25,1,1,Moderado,Todos los días,Brasil,Christian Pulisic,Sí,Familia,35,35,35,35
36,Q51 - Q100,2,0,Accesible,Todos los días,Argentina,Lamine Yamal,Sí,Familia,36,36,36,36
37,Q51 - Q100,3,1,Premium,3 a 5 veces por semana,Portugal,Federico Valverde,Sí,Solo,37,37,37,37
38,Q51 - Q100,2,1,Moderado,Rara vez,España,Lionel Messi; Jude Bellingham; Vinícius Júnior,Sí,Otro,38,38,38,38
39,Más de Q150,3,0,Accesible,Todos los días,Argentina,Ninguno,Sí,Compañeros de trabajo,39,39,39,39
40,Menos de Q25,3,1,Super Premium,3 a 5 veces por semana,Argentina,Jude Bellingham,Sí,Familia,40,40,40,40
41,Q101 - Q150,1,1,Accesible,3 a 5 veces por semana,Francia,Cristiano Ronaldo; Vinícius Júnior; Rodri,Sí,Otro,41,41,41,41
42,Q51 - Q100,2,1,Premium,1 a 2 veces por semana,Argentina,Neymar Jr.; Julián Álvarez,Sí,Amigos,42,42,42,42
43,Menos de Q25,1,1,Super Premium,Todos los días,Estados Unidos,Lamine Yamal; Kylian Mbappé,Sí,Amigos,43,43,43,43
44,Q51 - Q100,1,0,Moderado,1 a 2 veces por semana,Francia,Neymar Jr.; Jude Bellingham,Sí,Amigos,44,44,44,44
45,Q25 - Q50,3,0,Accesible,Varias veces al mes,Brasil,Vinícius Júnior,Sí,Familia,45,45,45,45
46,Q25 - Q50,3,0,Super Premium,3 a 5 veces por semana,Portugal,Rodri; Jude Bellingham,Sí,Solo,46,46,46,46
47,Q51 - Q100,2,1,Accesible,1 a 2 veces por semana,Argentina,Ninguno; Lionel Messi; Vinícius Júnior,No,Compañeros de trabajo,47,47,47,47
48,Q51 - Q100,1,1,Super Premium,Todos los días,ARGENTINA,Lionel Messi,Sí,Amigos,48,48,48,48
49,Q25 - Q50,1,1,Super Premium,Todos los días,Argentina,Neymar Jr.,Sí,Familia,49,49,49,49
50,Q51 - Q100,2,0,Accesible,Todos los días,Francia,Cristiano Ronaldo,Sí,Amigos,50,50,50,50
51,Q101 - Q150,3,0,Moderado,1 a 2 veces por semana,Estados Unidos,Lionel Messi; Christian Pulisic; Neymar Jr.,Sí,Otro,51,51,51,51
52,Menos de Q25,1,1,Premium,Rara vez,Portugal,Lionel Messi; Cristiano Ronaldo,Sí,Familia,52,52,52,52
53,Q51 - Q100,3,1,Economico,Varias veces al mes,Argentina,Neymar Jr.; Jude Bellingham; Lamine Yamal,Sí,Amigos,53,53,53,53
54,Más de Q150,2,0,Moderado,1 a 2 veces por semana,Francia,Kylian Mbappé,Sí,Familia,54,54,54,54
55,Q51 - Q100,1,1,Premium,Rara vez,México,Federico Valverde; Vinícius Júnior; Ninguno,Sí,Compañeros de trabajo,55,55,55,55
56,Q51 - Q100,1,1,Accesible,3 a 5 veces por semana,Brasil,Lionel Messi; Neymar Jr.; Vinícius Júnior,Sí,Familia,56,56,56,56
57,Q51 - Q100,3,0,Accesible,Varias veces al mes,Estados Unidos,Neymar Jr.; Federico Valverde,Sí,Familia,57,57,57,57
58,Q25 - Q50,3,1,Moderado,Varias veces al mes,Uruguay,Neymar Jr.; Harry Kane; Lamine Yamal,Sí,Familia,58,58,58,58
59,Q25 - Q50,1,1,Economico,1 a 2 veces por semana,Inglaterra,Kylian Mbappé; Neymar Jr.,Sí,Familia,59,59,59,59
60,Menos de Q25,1,0,Moderado,1 a 2 veces por semana,Argentina,Federico Valverde,Sí,Amigos,60,60,60,60
61,Q101 - Q150,1,0,Moderado,3 a 5 veces por semana,Brasil,Julián Álvarez; Neymar Jr.,Sí,Familia,61,61,61,61
62,Q51 - Q100,1,0,Premium,3 a 5 veces por semana,Inglaterra,Rodri; Cristiano Ronaldo,Sí,Amigos,62,62,62,62
63,Q25 - Q50,2,1,Moderado,Todos los días,Brasil,Julián Álvarez; Cristiano Ronaldo,Sí,Familia,63,63,63,63
64,Menos de Q25,3,1,Economico,3 a 5 veces por semana,Austria,Lionel Messi; Jude Bellingham; Cristiano Ronaldo,Sí,Compañeros de trabajo,64,64,64,64
65,Q101 - Q150,2,0,Accesible,Varias veces al mes,Argentina,Neymar Jr.,Sí,Compañeros de trabajo,65,65,65,65
66,Q51 - Q100,1,1,Moderado,1 a 2 veces por semana,Estados Unidos,Julián Álvarez; Cristiano Ronaldo,Sí,Compañeros de trabajo,66,66,66,66
67,Q25 - Q50,3,1,Moderado,3 a 5 veces por semana,Türkiye,Lionel Messi; Vinícius Júnior,Sí,Familia,67,67,67,67
68,Q25 - Q50,2,0,Moderado,Varias veces al mes,México,Lionel Messi; Kylian Mbappé,Sí,Solo,68,68,68,68
69,Q51 - Q100,1,1,Accesible,1 a 2 veces por semana,España,Neymar Jr.; Lionel Messi,Sí,Otro,69,69,69,69
70,Q51 - Q100,2,1,Moderado,3 a 5 veces por semana,Japón,Kylian Mbappé; Christian Pulisic,Sí,Amigos,70,70,70,70
71,Q25 - Q50,1,1,Accesible,1 a 2 veces por semana,Argentina,Neymar Jr.; Kylian Mbappé,Sí,Amigos,71,71,71,71
72,Menos de Q25,2,1,Accesible,3 a 5 veces por semana,Inglaterra,Lionel Messi; Lamine Yamal; Harry Kane,Sí,Familia,72,72,72,72
73,Q25 - Q50,2,0,Economico,1 a 2 veces por semana,Brasil,Lionel Messi; Ninguno,Sí,Amigos,73,73,73,73
74,Más de Q150,1,1,Accesible,3 a 5 veces por semana,Noruega,Vinícius Júnior,No,Familia,74,74,74,74
75,Menos de Q25,3,0,Moderado,Todos los días,BRASIL,Kylian Mbappé; Cristiano Ronaldo,Sí,Amigos,75,75,75,75
76,Q51 - Q100,1,0,Economico,3 a 5 veces por semana,Alemania,Lionel Messi; Federico Valverde; Vinícius Júnior,Sí,Amigos,76,76,76,76
77,Q25 - Q50,3,1,Premium,Varias veces al mes,Estados Unidos,Cristiano Ronaldo; Neymar Jr.,Sí,Amigos,77,77,77,77
78,Q25 - Q50,2,1,Moderado,1 a 2 veces por semana,Colombia,Jude Bellingham; Lionel Messi; Lamine Yamal,Sí,Amigos,78,78,78,78
79,Q25 - Q50,1,1,Moderado,3 a 5 veces por semana,Brasil,Harry Kane; Cristiano Ronaldo,Sí,Familia,79,79,79,79
80,Menos de Q25,2,0,Moderado,1 a 2 veces por semana,Inglaterra,Kylian Mbappé; Christian Pulisic,Sí,Otro,80,80,80,80
81,Menos de Q25,2,1,Moderado,1 a 2 veces por semana,Alemania,Neymar Jr.; Kylian Mbappé; Vinícius Júnior,Sí,Familia,81,81,81,81
82,Menos de Q25,2,1,Moderado,1 a 2 veces por semana,España,Neymar Jr.,No,Amigos,82,82,82,82
83,Menos de Q25,3,1,Accesible,Varias veces al mes,México,Kylian Mbappé; Jude Bellingham,Sí,Familia,83,83,83,83
84,Q51 - Q100,3,0,Premium,Rara vez,México,Neymar Jr.; Lionel Messi,Sí,Familia,84,84,84,84
85,Q51 - Q100,3,1,Premium,3 a 5 veces por semana,Colombia,Lionel Messi,Sí,Amigos,85,85,85,85
86,Más de Q150,2,1,Accesible,Varias veces al mes,Brasil,Christian Pulisic; Kylian Mbappé,Sí,Compañeros de trabajo,86,86,86,86
87,Q51 - Q100,3,0,Super Premium,1 a 2 veces por semana,Brasil,Neymar Jr.,Sí,Otro,87,87,87,87
88,Más de Q150,2,1,Accesible,1 a 2 veces por semana,Portugal,Cristiano Ronaldo; Lamine Yamal; Neymar Jr.,Sí,Amigos,88,88,88,88
89,Menos de Q25,2,0,Super Premium,3 a 5 veces por semana,Alemania,Lionel Messi; Jude Bellingham; Cristiano Ronaldo,No,Familia,89,89,89,89
90,Q25 - Q50,3,0,Accesible,Todos los días,Colombia,Cristiano Ronaldo,Sí,Familia,90,90,90,90
91,Menos de Q25,2,1,Moderado,3 a 5 veces por semana,Portugal,Lionel Messi,Sí,Familia,91,91,91,91
92,Q101 - Q150,1,0,Premium,3 a 5 veces por semana,Brasil,Harry Kane; Cristiano Ronaldo; Vinícius Júnior,Sí,Familia,92,92,92,92
93,Menos de Q25,3,1,Moderado,3 a 5 veces por semana,Suecia,Cristiano Ronaldo; Vinícius Júnior,No,Familia,93,93,93,93
94,Q25 - Q50,1,0,Premium,Todos los días,Argentina,Cristiano Ronaldo; Neymar Jr.; Lamine Yamal,No,Compañeros de trabajo,94,94,94,94
95,Más de Q150,2,1,Economico,Varias veces al mes,España,Lionel Messi; Alphonso Davies; Neymar Jr.,Sí,Familia,95,95,95,95
96,Menos de Q25,1,1,Economico,Varias veces al mes,España,Vinícius Júnior; Federico Valverde,Sí,Familia,96,96,96,96
97,Q51 - Q100,3,1,Premium,Todos los días,Portugal,Cristiano Ronaldo,Sí,Amigos,97,97,97,97
98,Q51 - Q100,2,1,Moderado,1 a 2 veces por semana,México,Cristiano Ronaldo,Sí,Amigos,98,98,98,98
99,Menos de Q25,1,1,Moderado,3 a 5 veces por semana,Argentina,Lionel Messi,Sí,Compañeros de trabajo,99,99,99,99
100,Menos de Q25,1,1,Moderado,3 a 5 veces por semana,México,Lionel Messi; Neymar Jr.; Cristiano Ronaldo,Sí,Familia,100,100,100,100
101,Q51 - Q100,3,1,Accesible,Varias veces al mes,Colombia,Harry Kane; Lionel Messi,Sí,Amigos,101,101,101,101
102,Q25 - Q50,2,0,Premium,1 a 2 veces por semana,Portugal,Jude Bellingham,Sí,Familia,102,102,102,102
103,Q51 - Q100,1,1,Moderado,Todos los días,Francia,Lamine Yamal; Lionel Messi; Kylian Mbappé,Sí,Amigos,103,103,103,103
104,Más de Q150,1,1,Premium,3 a 5 veces por semana,Panamá,Neymar Jr.; Cristiano Ronaldo; Federico Valverde,No,Familia,104,104,104,104
105,Q51 - Q100,3,0,Accesible,Todos los días,Francia,Lamine Yamal; Vinícius Júnior,Sí,Familia,105,105,105,105
106,Q101 - Q150,1,1,Moderado,3 a 5 veces por semana,Noruega,Lionel Messi; Vinícius Júnior; Harry Kane,Sí,Familia,106,106,106,106
107,Q25 - Q50,1,1,Premium,Todos los días,Estados Unidos,Cristiano Ronaldo; Lamine Yamal,Sí,Amigos,107,107,107,107
108,Q25 - Q50,1,0,Accesible,1 a 2 veces por semana,Argentina,Kylian Mbappé; Lionel Messi,Sí,Familia,108,108,108,108
109,Q101 - Q150,3,0,Accesible,Varias veces al mes,Inglaterra,Julián Álvarez; Alphonso Davies,No,Amigos,109,109,109,109
110,Q51 - Q100,3,1,Moderado,Todos los días,Argentina,Kylian Mbappé; Cristiano Ronaldo,Sí,Familia,110,110,110,110
111,Q101 - Q150,3,0,Economico,Varias veces al mes,Brasil,Vinícius Júnior; Cristiano Ronaldo; Federico Valverde,Sí,Amigos,111,111,111,111
112,Q101 - Q150,1,1,Moderado,Todos los días,Argentina,Jude Bellingham; Cristiano Ronaldo; Lamine Yamal,No,Amigos,112,112,112,112
113,Q51 - Q100,1,1,Premium,Todos los días,ALEMANIA,Kylian Mbappé; Lionel Messi; Vinícius Júnior,Sí,Familia,113,113,113,113
114,Q51 - Q100,3,1,Accesible,3 a 5 veces por semana,España,Lionel Messi; Cristiano Ronaldo,Sí,Familia,114,114,114,114
115,Q25 - Q50,2,0,Super Premium,1 a 2 veces por semana,Estados Unidos,Lamine Yamal,Sí,Solo,115,115,115,115
116,Q25 - Q50,3,0,Accesible,Varias veces al mes,Inglaterra,Lamine Yamal,Sí,Solo,116,116,116,116
117,Q51 - Q100,3,1,Premium,Varias veces al mes,España,Jude Bellingham; Cristiano Ronaldo,Sí,Familia,117,117,117,117
118,Q51 - Q100,1,0,Accesible,3 a 5 veces por semana,México,Neymar Jr.; Lamine Yamal,No,Familia,118,118,118,118
119,Q101 - Q150,2,1,Accesible,Todos los días,México,Lionel Messi,Sí,Familia,119,119,119,119
120,Q51 - Q100,3,1,Economico,Varias veces al mes,Brasil,Cristiano Ronaldo; Kylian Mbappé,Sí,Amigos,120,120,120,120
121,Q25 - Q50,1,1,Super Premium,Todos los días,Inglaterra,Ninguno,Sí,Familia,121,121,121,121
122,Q25 - Q50,2,1,Moderado,Todos los días,España,Neymar Jr.; Kylian Mbappé; Cristiano Ronaldo,Sí,Familia,122,122,122,122
123,Q25 - Q50,2,1,Super Premium,1 a 2 veces por semana,Argentina,Federico Valverde; Harry Kane,Sí,Familia,123,123,123,123
124,Q51 - Q100,3,1,Moderado,Varias veces al mes,México,Jude Bellingham,Sí,Compañeros de trabajo,124,124,124,124
125,Q25 - Q50,1,1,Premium,Varias veces al mes,Brasil,Jude Bellingham,Sí,Familia,125,125,125,125
126,Q51 - Q100,1,1,Accesible,1 a 2 veces por semana,Alemania,Cristiano Ronaldo,Sí,Compañeros de trabajo,126,126,126,126
127,Q51 - Q100,3,0,Moderado,3 a 5 veces por semana,México,Lionel Messi; Kylian Mbappé,Sí,Compañeros de trabajo,127,127,127,127
128,Q25 - Q50,3,1,Super Premium,Varias veces al mes,Estados Unidos,Julián Álvarez; Vinícius Júnior,Sí,Familia,128,128,128,128
129,Q25 - Q50,3,0,Economico,Varias veces al mes,España,Kylian Mbappé; Lionel Messi,Sí,Familia,129,129,129,129
130,Más de Q150,1,1,Accesible,1 a 2 veces por semana,Portugal,Vinícius Júnior; Julián Álvarez,Sí,Amigos,130,130,130,130
131,Q51 - Q100,1,1,Accesible,3 a 5 veces por semana,México,Vinícius Júnior; Ninguno,Sí,Familia,131,131,131,131
132,Menos de Q25,3,1,Premium,Varias veces al mes,Portugal,Kylian Mbappé; Lionel Messi,Sí,Amigos,132,132,132,132
133,Q25 - Q50,3,1,Accesible,3 a 5 veces por semana,Inglaterra,Kylian Mbappé,Sí,Compañeros de trabajo,133,133,133,133
134,Q101 - Q150,2,0,Premium,1 a 2 veces por semana,Brasil,Neymar Jr.; Jude Bellingham; Kylian Mbappé,Sí,Amigos,134,134,134,134
135,Q101 - Q150,2,0,Accesible,1 a 2 veces por semana,Argentina,Lionel Messi; Christian Pulisic,Sí,Familia,135,135,135,135
136,Q25 - Q50,3,1,Premium,1 a 2 veces por semana,México,Lionel Messi; Neymar Jr.,No,Otro,136,136,136,136
137,Q51 - Q100,1,0,Moderado,1 a 2 veces por semana,España,Lamine Yamal; Cristiano Ronaldo,Sí,Amigos,137,137,137,137
138,Q51 - Q100,1,1,Accesible,3 a 5 veces por semana,España,Harry Kane; Lamine Yamal,Sí,Familia,138,138,138,138
139,Q25 - Q50,1,1,Moderado,1 a 2 veces por semana,Argentina,Neymar Jr.; Christian Pulisic,Sí,Amigos,139,139,139,139
140,Q25 - Q50,2,1,Moderado,1 a 2 veces por semana,Portugal,Kylian Mbappé; Cristiano Ronaldo; Lionel Messi,Sí,Otro,140,140,140,140
141,Menos de Q25,2,1,Economico,Todos los días,ESPAÑA,Neymar Jr.; Lamine Yamal; Alphonso Davies,Sí,Familia,141,141,141,141
142,Q25 - Q50,3,1,Moderado,1 a 2 veces por semana,México,Alphonso Davies; Lionel Messi; Lamine Yamal,Sí,Familia,142,142,142,142
143,Q51 - Q100,1,1,Moderado,Rara vez,Alemania,Lionel Messi,Sí,Amigos,143,143,143,143
144,Q25 - Q50,1,1,Moderado,1 a 2 veces por semana,Inglaterra,Lionel Messi,Sí,Amigos,144,144,144,144
145,Q25 - Q50,1,1,Premium,1 a 2 veces por semana,España,Lionel Messi; Cristiano Ronaldo; Vinícius Júnior,Sí,Amigos,145,145,145,145
146,Q101 - Q150,2,1,Accesible,1 a 2 veces por semana,Estados Unidos,Lionel Messi; Cristiano Ronaldo,Sí,Familia,146,146,146,146
147,Q25 - Q50,1,1,Moderado,Todos los días,Brasil,Kylian Mbappé,Sí,Amigos,147,147,147,147
148,Q51 - Q100,3,0,Moderado,Varias veces al mes,Brasil,Lionel Messi; Christian Pulisic; Vinícius Júnior,Sí,Amigos,148,148,148,148
149,Q101 - Q150,2,0,Moderado,1 a 2 veces por semana,Brasil,Christian Pulisic,No,Familia,149,149,149,149
150,Q51 - Q100,1,0,Accesible,3 a 5 veces por semana,Portugal,Kylian Mbappé; Julián Álvarez,Sí,Solo,150,150,150,150
151,Q51 - Q100,2,0,Moderado,Varias veces al mes,Argentina,Lamine Yamal; Neymar Jr.,Sí,Solo,151,151,151,151
152,Más de Q150,3,0,Accesible,Rara vez,Inglaterra,Lionel Messi,Sí,Amigos,152,152,152,152
153,Q51 - Q100,1,0,Moderado,1 a 2 veces por semana,Uruguay,Vinícius Júnior; Cristiano Ronaldo,No,Familia,153,153,153,153
154,Q51 - Q100,2,1,Accesible,Todos los días,Portugal,Cristiano Ronaldo,Sí,Compañeros de trabajo,154,154,154,154
155,Q25 - Q50,2,1,Moderado,3 a 5 veces por semana,Francia,Cristiano Ronaldo; Ninguno; Federico Valverde,Sí,Amigos,155,155,155,155
156,Q25 - Q50,3,0,Moderado,Varias veces al mes,México,Cristiano Ronaldo,Sí,Amigos,156,156,156,156
157,Q51 - Q100,1,0,Accesible,1 a 2 veces por semana,Argentina,Neymar Jr.; Vinícius Júnior,Sí,Solo,157,157,157,157
158,Q25 - Q50,2,0,Economico,3 a 5 veces por semana,Francia,Lionel Messi,Sí,Familia,158,158,158,158
159,Q51 - Q100,1,1,Moderado,1 a 2 veces por semana,MÉXICO,Kylian Mbappé; Vinícius Júnior,Sí,Otro,159,159,159,159
160,Q25 - Q50,2,0,Moderado,Rara vez,Estados Unidos,Christian Pulisic; Cristiano Ronaldo,Sí,Familia,160,160,160,160
161,Q101 - Q150,1,1,Premium,Varias veces al mes,Inglaterra,Cristiano Ronaldo; Jude Bellingham,Sí,Familia,161,161,161,161
162,Q51 - Q100,1,0,Economico,3 a 5 veces por semana,PORTUGAL,Kylian Mbappé; Lamine Yamal,Sí,Familia,162,162,162,162
163,Q51 - Q100,3,1,Accesible,1 a 2 veces por semana,Argentina,Lionel Messi; Lamine Yamal; Kylian Mbappé,Sí,Amigos,163,163,163,163
164,Más de Q150,3,1,Moderado,3 a 5 veces por semana,MÉXICO,Lionel Messi; Vinícius Júnior; Federico Valverde,Sí,Familia,164,164,164,164
165,Q25 - Q50,2,1,Moderado,1 a 2 veces por semana,Uruguay,Christian Pulisic; Neymar Jr.,Sí,Familia,165,165,165,165
166,Menos de Q25,3,1,Accesible,Todos los días,Argentina,Lionel Messi; Kylian Mbappé,Sí,Familia,166,166,166,166
167,Q25 - Q50,3,1,Moderado,1 a 2 veces por semana,Estados Unidos,Cristiano Ronaldo; Lionel Messi; Kylian Mbappé,Sí,Compañeros de trabajo,167,167,167,167
168,Q101 - Q150,3,1,Accesible,3 a 5 veces por semana,Argentina,Jude Bellingham; Rodri,Sí,Amigos,168,168,168,168
169,Menos de Q25,2,1,Moderado,Varias veces al mes,Brasil,Christian Pulisic; Cristiano Ronaldo; Lionel Messi,Sí,Solo,169,169,169,169
170,Q25 - Q50,1,1,Moderado,3 a 5 veces por semana,Brasil,Jude Bellingham,Sí,Amigos,170,170,170,170
171,Q25 - Q50,2,1,Accesible,1 a 2 veces por semana,Paraguay,Rodri,Sí,Amigos,171,171,171,171
172,Q101 - Q150,1,0,Super Premium,1 a 2 veces por semana,Brasil,Kylian Mbappé,Sí,Amigos,172,172,172,172
173,Más de Q150,3,1,Premium,Varias veces al mes,Alemania,Neymar Jr.; Lionel Messi; Christian Pulisic,Sí,Familia,173,173,173,173
174,Menos de Q25,1,0,Moderado,Todos los días,Francia,Vinícius Júnior; Lionel Messi; Cristiano Ronaldo,Sí,Familia,174,174,174,174
175,Q51 - Q100,1,1,Moderado,Rara vez,España,Ninguno,Sí,Compañeros de trabajo,175,175,175,175
176,Q51 - Q100,1,1,Accesible,1 a 2 veces por semana,Argentina,Jude Bellingham,Sí,Compañeros de trabajo,176,176,176,176
177,Q51 - Q100,3,1,Premium,Varias veces al mes,Egipto,Lionel Messi,No,Familia,177,177,177,177
178,Q25 - Q50,1,1,Accesible,Varias veces al mes,España,Jude Bellingham; Cristiano Ronaldo; Kylian Mbappé,Sí,Amigos,178,178,178,178
179,Q101 - Q150,1,1,Super Premium,Varias veces al mes,Alemania,Vinícius Júnior; Neymar Jr.; Kylian Mbappé,Sí,Amigos,179,179,179,179
180,Menos de Q25,2,1,Premium,3 a 5 veces por semana,Alemania,Jude Bellingham; Neymar Jr.; Julián Álvarez,No,Amigos,180,180,180,180
181,Q101 - Q150,3,0,Premium,3 a 5 veces por semana,Brasil,Jude Bellingham; Alphonso Davies; Kylian Mbappé,Sí,Otro,181,181,181,181
182,Q51 - Q100,2,0,Accesible,3 a 5 veces por semana,Brasil,Kylian Mbappé; Harry Kane,Sí,Amigos,182,182,182,182
183,Q25 - Q50,1,0,Accesible,1 a 2 veces por semana,Francia,Lionel Messi,Sí,Familia,183,183,183,183
184,Q101 - Q150,3,1,Accesible,1 a 2 veces por semana,Argentina,Cristiano Ronaldo; Federico Valverde; Vinícius Júnior,Sí,Amigos,184,184,184,184
185,Q25 - Q50,1,1,Moderado,3 a 5 veces por semana,Brasil,Lionel Messi; Harry Kane; Neymar Jr.,Sí,Amigos,185,185,185,185
186,Q25 - Q50,3,1,Moderado,3 a 5 veces por semana,Argentina,Neymar Jr.; Jude Bellingham; Lionel Messi,Sí,Familia,186,186,186,186
187,Menos de Q25,2,0,Moderado,1 a 2 veces por semana,Uruguay,Vinícius Júnior; Neymar Jr.,Sí,Familia,187,187,187,187
188,Más de Q150,3,0,Premium,Varias veces al mes,Corea del Sur,Lionel Messi,No,Otro,188,188,188,188
189,Q25 - Q50,1,1,Economico,Rara vez,México,Cristiano Ronaldo,Sí,Amigos,189,189,189,189
190,Q25 - Q50,3,0,Accesible,Rara vez,Túnez,Kylian Mbappé; Lionel Messi,Sí,Amigos,190,190,190,190
191,Q25 - Q50,1,1,Accesible,Todos los días,Argentina,Vinícius Júnior,Sí,Familia,191,191,191,191
192,Q25 - Q50,2,1,Premium,1 a 2 veces por semana,Argentina,Lamine Yamal,Sí,Compañeros de trabajo,192,192,192,192
193,Q51 - Q100,3,1,Moderado,1 a 2 veces por semana,Argentina,Harry Kane; Vinícius Júnior; Cristiano Ronaldo,No,Familia,193,193,193,193
194,Q51 - Q100,3,0,Premium,1 a 2 veces por semana,Argentina,Lamine Yamal; Federico Valverde,Sí,Familia,194,194,194,194
195,Menos de Q25,1,1,Accesible,Todos los días,Francia,Jude Bellingham,Sí,Familia,195,195,195,195
196,Q25 - Q50,2,0,Accesible,Todos los días,Inglaterra,Federico Valverde,Sí,Familia,196,196,196,196
197,Q25 - Q50,1,1,Economico,Todos los días,Cabo Verde,Cristiano Ronaldo,Sí,Amigos,197,197,197,197
198,Más de Q150,1,1,Economico,Todos los días,Argentina,Neymar Jr.,Sí,Familia,198,198,198,198
199,Q25 - Q50,3,1,Premium,3 a 5 veces por semana,Brasil,Lionel Messi; Vinícius Júnior,No,Amigos,199,199,199,199
200,Q25 - Q50,3,1,Accesible,1 a 2 veces por semana,Uruguay,Lionel Messi,Sí,Familia,200,200,200,200
201,Q51 - Q100,2,1,Accesible,3 a 5 veces por semana,Brasil,Christian Pulisic; Cristiano Ronaldo; Federico Valverde,Sí,Amigos,201,201,201,201
202,Más de Q150,1,1,Moderado,Todos los días,Francia,Neymar Jr.; Lionel Messi; Cristiano Ronaldo,No,Familia,202,202,202,202
203,Q51 - Q100,3,0,Premium,1 a 2 veces por semana,Inglaterra,Lamine Yamal; Jude Bellingham,Sí,Familia,203,203,203,203
204,Q25 - Q50,3,1,Economico,1 a 2 veces por semana,España,Lionel Messi,Sí,Compañeros de trabajo,204,204,204,204
205,Q25 - Q50,2,1,Premium,3 a 5 veces por semana,Inglaterra,Vinícius Júnior; Lionel Messi; Kylian Mbappé,Sí,Familia,205,205,205,205
206,Q51 - Q100,3,0,Moderado,Todos los días,Alemania,Kylian Mbappé; Cristiano Ronaldo,Sí,Familia,206,206,206,206
207,Q51 - Q100,3,1,Moderado,Todos los días,México,Neymar Jr.; Lamine Yamal,Sí,Familia,207,207,207,207
208,Q101 - Q150,3,1,Accesible,3 a 5 veces por semana,Inglaterra,Lionel Messi,Sí,Familia,208,208,208,208
209,Q51 - Q100,1,1,Accesible,1 a 2 veces por semana,Colombia,Lionel Messi; Julián Álvarez; Lamine Yamal,Sí,Familia,209,209,209,209
210,Menos de Q25,3,0,Premium,1 a 2 veces por semana,FRANCIA,Neymar Jr.; Vinícius Júnior,Sí,Amigos,210,210,210,210
211,Más de Q150,1,1,Accesible,Varias veces al mes,España,Lionel Messi; Jude Bellingham; Lamine Yamal,Sí,Solo,211,211,211,211
212,Q25 - Q50,3,0,Accesible,3 a 5 veces por semana,Bosnia y Herzegovina,Kylian Mbappé; Lionel Messi,No,Familia,212,212,212,212
213,Más de Q150,1,1,Moderado,3 a 5 veces por semana,Alemania,Vinícius Júnior,Sí,Familia,213,213,213,213
214,Q51 - Q100,1,1,Moderado,1 a 2 veces por semana,España,Jude Bellingham,Sí,Familia,214,214,214,214
215,Q25 - Q50,2,1,Premium,1 a 2 veces por semana,México,Lionel Messi; Lamine Yamal; Christian Pulisic,Sí,Amigos,215,215,215,215
216,Q25 - Q50,3,0,Accesible,1 a 2 veces por semana,Estados Unidos,Cristiano Ronaldo; Lionel Messi; Kylian Mbappé,Sí,Familia,216,216,216,216
217,Q25 - Q50,2,0,Moderado,1 a 2 veces por semana,Brasil,Vinícius Júnior; Cristiano Ronaldo,No,Amigos,217,217,217,217
218,Q25 - Q50,1,0,Premium,Rara vez,México,Cristiano Ronaldo,Sí,Familia,218,218,218,218
219,Q101 - Q150,1,0,Moderado,Todos los días,Francia,Lionel Messi; Neymar Jr.,Sí,Amigos,219,219,219,219
220,Q25 - Q50,1,1,Accesible,Varias veces al mes,Argentina,Cristiano Ronaldo; Lionel Messi,Sí,Amigos,220,220,220,220
221,Q25 - Q50,2,1,Accesible,3 a 5 veces por semana,Argentina,Lionel Messi; Christian Pulisic; Neymar Jr.,Sí,Amigos,221,221,221,221
222,Q25 - Q50,2,1,Accesible,1 a 2 veces por semana,Argentina,Kylian Mbappé,Sí,Familia,222,222,222,222
223,Q101 - Q150,1,1,Accesible,3 a 5 veces por semana,España,Jude Bellingham; Cristiano Ronaldo,No,Amigos,223,223,223,223
224,Q25 - Q50,2,0,Super Premium,Todos los días,Argentina,Alphonso Davies; Lionel Messi,Sí,Solo,224,224,224,224
225,Menos de Q25,3,0,Moderado,1 a 2 veces por semana,Francia,Cristiano Ronaldo,Sí,Familia,225,225,225,225
226,Q51 - Q100,3,1,Moderado,3 a 5 veces por semana,BRASIL,Cristiano Ronaldo,Sí,Familia,226,226,226,226
227,Q51 - Q100,1,0,Economico,Varias veces al mes,Inglaterra,Lionel Messi; Vinícius Júnior; Christian Pulisic,Sí,Compañeros de trabajo,227,227,227,227
228,Menos de Q25,1,1,Premium,Todos los días,Brasil,Christian Pulisic; Harry Kane; Lamine Yamal,Sí,Amigos,228,228,228,228
229,Q25 - Q50,1,1,Premium,1 a 2 veces por semana,Argentina,Lamine Yamal; Cristiano Ronaldo; Vinícius Júnior,Sí,Familia,229,229,229,229
230,Q101 - Q150,2,1,Moderado,Todos los días,Argentina,Christian Pulisic; Lionel Messi,Sí,Familia,230,230,230,230
231,Q25 - Q50,3,0,Premium,Todos los días,Portugal,Christian Pulisic; Cristiano Ronaldo,Sí,Solo,231,231,231,231
232,Q25 - Q50,2,0,Super Premium,3 a 5 veces por semana,México,Jude Bellingham; Federico Valverde,Sí,Familia,232,232,232,232
233,Q25 - Q50,2,0,Moderado,Varias veces al mes,Alemania,Ninguno; Lamine Yamal; Kylian Mbappé,Sí,Familia,233,233,233,233
234,Q25 - Q50,2,1,Moderado,1 a 2 veces por semana,Portugal,Cristiano Ronaldo,Sí,Familia,234,234,234,234
235,Más de Q150,2,1,Premium,Varias veces al mes,México,Cristiano Ronaldo; Kylian Mbappé; Jude Bellingham,Sí,Amigos,235,235,235,235
236,Q51 - Q100,1,1,Economico,3 a 5 veces por semana,Francia,Neymar Jr.; Alphonso Davies,Sí,Familia,236,236,236,236
237,Q25 - Q50,2,1,Premium,Varias veces al mes,FRANCIA,Cristiano Ronaldo,Sí,Compañeros de trabajo,237,237,237,237
238,Más de Q150,3,0,Moderado,Varias veces al mes,México,Lionel Messi; Neymar Jr.,Sí,Compañeros de trabajo,238,238,238,238
239,Q51 - Q100,2,0,Accesible,Todos los días,Argentina,Vinícius Júnior; Christian Pulisic,Sí,Amigos,239,239,239,239
240,Q25 - Q50,3,1,Super Premium,3 a 5 veces por semana,Portugal,Lionel Messi; Federico Valverde,Sí,Amigos,240,240,240,240
241,Q51 - Q100,2,1,Moderado,3 a 5 veces por semana,Haití,Rodri; Christian Pulisic; Lamine Yamal,Sí,Otro,241,241,241,241
242,Menos de Q25,3,0,Moderado,Todos los días,España,Christian Pulisic,Sí,Amigos,242,242,242,242
243,Q25 - Q50,2,1,Moderado,3 a 5 veces por semana,MÉXICO,Kylian Mbappé; Federico Valverde,Sí,Familia,243,243,243,243
244,Menos de Q25,2,0,Moderado,3 a 5 veces por semana,Francia,Lionel Messi,Sí,Familia,244,244,244,244
245,Q51 - Q100,3,0,Premium,Todos los días,Alemania,Lionel Messi,Sí,Compañeros de trabajo,245,245,245,245
246,Q51 - Q100,1,1,Premium,Varias veces al mes,Portugal,Cristiano Ronaldo; Lionel Messi; Harry Kane,Sí,Familia,246,246,246,246
247,Q51 - Q100,2,0,Moderado,3 a 5 veces por semana,Argentina,Neymar Jr.,Sí,Amigos,247,247,247,247
248,Q51 - Q100,1,0,Accesible,Todos los días,Brasil,Cristiano Ronaldo; Federico Valverde,Sí,Familia,248,248,248,248
249,Menos de Q25,1,1,Premium,Varias veces al mes,Argentina,Lionel Messi,Sí,Familia,249,249,249,249
250,Más de Q150,1,0,Premium,1 a 2 veces por semana,Inglaterra,Cristiano Ronaldo; Neymar Jr.,Sí,Familia,250,250,250,250
251,Q51 - Q100,3,1,Moderado,1 a 2 veces por semana,Inglaterra,Rodri; Lionel Messi; Neymar Jr.,Sí,Familia,251,251,251,251
252,Menos de Q25,2,1,Accesible,3 a 5 veces por semana,Uruguay,Jude Bellingham; Lionel Messi; Kylian Mbappé,Sí,Amigos,252,252,252,252
253,Q25 - Q50,2,1,Moderado,3 a 5 veces por semana,España,Vinícius Júnior; Cristiano Ronaldo; Jude Bellingham,Sí,Amigos,253,253,253,253
254,Q101 - Q150,3,1,Moderado,1 a 2 veces por semana,Estados Unidos,Neymar Jr.; Lamine Yamal,Sí,Compañeros de trabajo,254,254,254,254
255,Q25 - Q50,2,0,Accesible,1 a 2 veces por semana,Brasil,Neymar Jr.,Sí,Otro,255,255,255,255
256,Menos de Q25,2,0,Super Premium,1 a 2 veces por semana,Brasil,Kylian Mbappé; Lionel Messi; Neymar Jr.,Sí,Amigos,256,256,256,256
257,Menos de Q25,3,1,Moderado,Todos los días,Argentina,Cristiano Ronaldo,Sí,Familia,257,257,257,257
258,Q25 - Q50,2,0,Moderado,3 a 5 veces por semana,Argentina,Ninguno; Lamine Yamal,Sí,Amigos,258,258,258,258
259,Q51 - Q100,3,0,Accesible,Rara vez,Irak,Lamine Yamal; Vinícius Júnior,No,Amigos,259,259,259,259
260,Q25 - Q50,1,1,Moderado,Todos los días,Francia,Vinícius Júnior; Lionel Messi,Sí,Amigos,260,260,260,260
261,Menos de Q25,2,0,Economico,1 a 2 veces por semana,Alemania,Cristiano Ronaldo; Vinícius Júnior; Neymar Jr.,No,Familia,261,261,261,261
262,Menos de Q25,3,1,Premium,Varias veces al mes,Portugal,Lionel Messi; Christian Pulisic,Sí,Familia,262,262,262,262
263,Menos de Q25,3,0,Economico,3 a 5 veces por semana,Argentina,Kylian Mbappé,Sí,Familia,263,263,263,263
264,Q101 - Q150,3,0,Premium,Todos los días,Argentina,Neymar Jr.; Christian Pulisic; Cristiano Ronaldo,No,Amigos,264,264,264,264
265,Q51 - Q100,3,1,Moderado,Rara vez,Argentina,Jude Bellingham,No,Amigos,265,265,265,265
266,Menos de Q25,3,1,Accesible,Todos los días,Egipto,Neymar Jr.,Sí,Familia,266,266,266,266
267,Q25 - Q50,3,1,Moderado,Varias veces al mes,Brasil,Jude Bellingham,Sí,Amigos,267,267,267,267
268,Q51 - Q100,1,1,Premium,3 a 5 veces por semana,FRANCIA,Neymar Jr.,Sí,Familia,268,268,268,268
269,Q51 - Q100,2,1,Moderado,3 a 5 veces por semana,México,Cristiano Ronaldo; Lionel Messi; Kylian Mbappé,Sí,Familia,269,269,269,269
270,Q25 - Q50,2,1,Accesible,1 a 2 veces por semana,Panamá,Alphonso Davies; Federico Valverde; Cristiano Ronaldo,Sí,Solo,270,270,270,270
271,Q25 - Q50,1,0,Economico,Varias veces al mes,Argentina,Lionel Messi; Neymar Jr.,No,Otro,271,271,271,271
272,Menos de Q25,2,1,Moderado,Varias veces al mes,Uruguay,Vinícius Júnior; Lamine Yamal,Sí,Compañeros de trabajo,272,272,272,272
273,Q51 - Q100,3,1,Premium,Varias veces al mes,Brasil,Cristiano Ronaldo,Sí,Otro,273,273,273,273
274,Más de Q150,3,0,Economico,Todos los días,Inglaterra,Lionel Messi; Vinícius Júnior; Jude Bellingham,Sí,Amigos,274,274,274,274
275,Q25 - Q50,3,0,Premium,Rara vez,España,Cristiano Ronaldo; Lionel Messi; Federico Valverde,Sí,Familia,275,275,275,275
276,Q51 - Q100,3,1,Premium,Varias veces al mes,BRASIL,Cristiano Ronaldo; Lionel Messi; Kylian Mbappé,No,Familia,276,276,276,276
277,Q25 - Q50,3,1,Moderado,1 a 2 veces por semana,México,Kylian Mbappé; Lionel Messi,Sí,Familia,277,277,277,277
278,Q51 - Q100,2,1,Moderado,3 a 5 veces por semana,Estados Unidos,Kylian Mbappé; Cristiano Ronaldo; Jude Bellingham,Sí,Familia,278,278,278,278
279,Q101 - Q150,2,0,Moderado,Varias veces al mes,Estados Unidos,Lionel Messi,Sí,Amigos,279,279,279,279
280,Q51 - Q100,3,0,Premium,1 a 2 veces por semana,Francia,Cristiano Ronaldo,No,Familia,280,280,280,280
281,Q25 - Q50,3,0,Premium,Rara vez,Argentina,Rodri; Cristiano Ronaldo,Sí,Familia,281,281,281,281
282,Más de Q150,3,0,Economico,Todos los días,México,Lamine Yamal; Ninguno; Vinícius Júnior,No,Compañeros de trabajo,282,282,282,282
283,Q101 - Q150,1,1,Economico,3 a 5 veces por semana,Argentina,Lionel Messi; Neymar Jr.,Sí,Familia,283,283,283,283
284,Q25 - Q50,3,0,Super Premium,Varias veces al mes,Portugal,Cristiano Ronaldo; Harry Kane,Sí,Otro,284,284,284,284
285,Q51 - Q100,1,0,Economico,Todos los días,Francia,Cristiano Ronaldo,Sí,Familia,285,285,285,285
286,Más de Q150,3,0,Accesible,Todos los días,Argentina,Alphonso Davies,Sí,Amigos,286,286,286,286
287,Q51 - Q100,3,1,Premium,3 a 5 veces por semana,México,Lionel Messi; Alphonso Davies; Lamine Yamal,Sí,Familia,287,287,287,287
288,Menos de Q25,2,1,Premium,Varias veces al mes,Inglaterra,Neymar Jr.; Vinícius Júnior,Sí,Familia,288,288,288,288
289,Q51 - Q100,1,1,Moderado,3 a 5 veces por semana,Argentina,Lionel Messi; Neymar Jr.,Sí,Familia,289,289,289,289
290,Q51 - Q100,3,1,Premium,1 a 2 veces por semana,Francia,Cristiano Ronaldo,Sí,Familia,290,290,290,290
291,Q25 - Q50,2,1,Accesible,Todos los días,Argentina,Lamine Yamal; Neymar Jr.,Sí,Amigos,291,291,291,291
1595,Q51 - Q100,2,1,Premium,Varias veces al mes,Estados Unidos,Lionel Messi; Harry Kane; Neymar Jr.,Sí,Familia,1595,1595,1595,1595
293,Q25 - Q50,3,0,Moderado,3 a 5 veces por semana,Colombia,Vinícius Júnior,Sí,Familia,293,293,293,293
294,Q51 - Q100,2,1,Moderado,Rara vez,Czechia,Vinícius Júnior,Sí,Familia,294,294,294,294
295,Q25 - Q50,1,1,Super Premium,Varias veces al mes,Brasil,Lionel Messi,Sí,Familia,295,295,295,295
296,Q25 - Q50,2,0,Accesible,Varias veces al mes,Argentina,Jude Bellingham; Cristiano Ronaldo; Lionel Messi,No,Otro,296,296,296,296
297,Q25 - Q50,3,0,Economico,1 a 2 veces por semana,Inglaterra,Cristiano Ronaldo,Sí,Solo,297,297,297,297
298,Q25 - Q50,3,1,Premium,1 a 2 veces por semana,Alemania,Cristiano Ronaldo; Ninguno,Sí,Familia,298,298,298,298
299,Más de Q150,3,1,Accesible,Todos los días,Francia,Lionel Messi,Sí,Amigos,299,299,299,299
300,Q25 - Q50,1,1,Accesible,Todos los días,Argelia,Neymar Jr.,Sí,Familia,300,300,300,300
301,Q51 - Q100,2,0,Accesible,Varias veces al mes,Argelia,Lamine Yamal,Sí,Amigos,301,301,301,301
302,Q25 - Q50,3,0,Premium,1 a 2 veces por semana,Brasil,Neymar Jr.,No,Amigos,302,302,302,302
303,Q51 - Q100,3,0,Moderado,3 a 5 veces por semana,Francia,Jude Bellingham,Sí,Amigos,303,303,303,303
304,Q25 - Q50,2,0,Moderado,3 a 5 veces por semana,Argentina,Alphonso Davies; Vinícius Júnior; Kylian Mbappé,Sí,Familia,304,304,304,304
305,Q51 - Q100,2,1,Accesible,Rara vez,México,Neymar Jr.,Sí,Solo,305,305,305,305
306,Q51 - Q100,3,1,Economico,3 a 5 veces por semana,Argentina,Harry Kane; Cristiano Ronaldo,Sí,Familia,306,306,306,306
307,Q51 - Q100,2,1,Accesible,1 a 2 veces por semana,Uruguay,Cristiano Ronaldo,No,Solo,307,307,307,307
308,Q51 - Q100,3,0,Economico,Todos los días,Uruguay,Lamine Yamal; Vinícius Júnior,Sí,Familia,308,308,308,308
309,Q51 - Q100,3,1,Premium,3 a 5 veces por semana,BRASIL,Cristiano Ronaldo; Vinícius Júnior,Sí,Amigos,309,309,309,309
310,Q101 - Q150,1,1,Moderado,Rara vez,Estados Unidos,Lionel Messi; Harry Kane,Sí,Solo,310,310,310,310
311,Menos de Q25,2,1,Accesible,1 a 2 veces por semana,Uruguay,Jude Bellingham,Sí,Amigos,311,311,311,311
312,Menos de Q25,2,0,Accesible,Varias veces al mes,México,Lionel Messi; Neymar Jr.,Sí,Familia,312,312,312,312
313,Q51 - Q100,3,0,Premium,Rara vez,Brasil,Vinícius Júnior,No,Solo,313,313,313,313
314,Q101 - Q150,3,1,Accesible,Todos los días,Francia,Neymar Jr.; Cristiano Ronaldo,Sí,Familia,314,314,314,314
315,Q51 - Q100,3,1,Moderado,3 a 5 veces por semana,Argentina,Harry Kane; Vinícius Júnior; Lamine Yamal,Sí,Amigos,315,315,315,315
316,Q25 - Q50,3,0,Moderado,Todos los días,México,Lionel Messi; Kylian Mbappé,Sí,Amigos,316,316,316,316
317,Q25 - Q50,2,1,Super Premium,Rara vez,Croacia,Lionel Messi; Kylian Mbappé,No,Amigos,317,317,317,317
318,Menos de Q25,1,1,Moderado,1 a 2 veces por semana,Alemania,Lionel Messi; Jude Bellingham; Vinícius Júnior,No,Amigos,318,318,318,318
319,Q101 - Q150,1,0,Economico,Varias veces al mes,México,Lionel Messi,Sí,Amigos,319,319,319,319
320,Q25 - Q50,3,0,Moderado,1 a 2 veces por semana,Argentina,Lionel Messi; Federico Valverde,Sí,Amigos,320,320,320,320
321,Q101 - Q150,1,0,Accesible,3 a 5 veces por semana,Francia,Lionel Messi; Cristiano Ronaldo,Sí,Amigos,321,321,321,321
322,Q101 - Q150,2,1,Moderado,3 a 5 veces por semana,Portugal,Vinícius Júnior; Ninguno; Jude Bellingham,Sí,Familia,322,322,322,322
323,Q25 - Q50,2,0,Super Premium,1 a 2 veces por semana,Argentina,Neymar Jr.; Harry Kane; Lamine Yamal,No,Solo,323,323,323,323
324,Q101 - Q150,1,1,Moderado,1 a 2 veces por semana,Brasil,Harry Kane,Sí,Amigos,324,324,324,324
325,Q51 - Q100,3,1,Moderado,3 a 5 veces por semana,Argentina,Cristiano Ronaldo; Lionel Messi,Sí,Familia,325,325,325,325
326,Q51 - Q100,3,0,Moderado,Varias veces al mes,Alemania,Vinícius Júnior; Cristiano Ronaldo; Christian Pulisic,Sí,Familia,326,326,326,326
327,Q25 - Q50,1,1,Moderado,1 a 2 veces por semana,Francia,Neymar Jr.; Julián Álvarez; Lamine Yamal,No,Solo,327,327,327,327
328,Q51 - Q100,3,1,Premium,1 a 2 veces por semana,Brasil,Lionel Messi; Federico Valverde,Sí,Familia,328,328,328,328
329,Q25 - Q50,2,1,Economico,Rara vez,Argentina,Vinícius Júnior; Harry Kane; Kylian Mbappé,Sí,Amigos,329,329,329,329
330,Menos de Q25,3,0,Premium,Rara vez,Curaçao,Kylian Mbappé; Jude Bellingham,No,Familia,330,330,330,330
331,Menos de Q25,3,0,Accesible,1 a 2 veces por semana,Portugal,Kylian Mbappé,Sí,Familia,331,331,331,331
332,Q51 - Q100,3,1,Premium,1 a 2 veces por semana,España,Lionel Messi; Cristiano Ronaldo,Sí,Familia,332,332,332,332
333,Q25 - Q50,1,1,Accesible,Varias veces al mes,México,Cristiano Ronaldo,Sí,Familia,333,333,333,333
334,Q25 - Q50,2,1,Moderado,Varias veces al mes,Francia,Vinícius Júnior; Julián Álvarez,Sí,Amigos,334,334,334,334
335,Q25 - Q50,3,1,Moderado,Todos los días,México,Lamine Yamal; Jude Bellingham,Sí,Amigos,335,335,335,335
336,Q25 - Q50,1,0,Accesible,1 a 2 veces por semana,Portugal,Lamine Yamal; Christian Pulisic,Sí,Solo,336,336,336,336
337,Q25 - Q50,1,0,Moderado,1 a 2 veces por semana,Colombia,Neymar Jr.; Lionel Messi; Kylian Mbappé,Sí,Solo,337,337,337,337
338,Q25 - Q50,1,0,Accesible,1 a 2 veces por semana,Argentina,Vinícius Júnior; Cristiano Ronaldo,Sí,Familia,338,338,338,338
339,Q25 - Q50,3,1,Moderado,Todos los días,Brasil,Cristiano Ronaldo; Julián Álvarez; Kylian Mbappé,Sí,Familia,339,339,339,339
340,Q51 - Q100,1,1,Accesible,3 a 5 veces por semana,Alemania,Cristiano Ronaldo,No,Amigos,340,340,340,340
341,Más de Q150,2,1,Premium,Rara vez,Argentina,Lionel Messi; Ninguno,Sí,Compañeros de trabajo,341,341,341,341
342,Q51 - Q100,1,1,Premium,3 a 5 veces por semana,Argentina,Cristiano Ronaldo,Sí,Amigos,342,342,342,342
343,Q51 - Q100,2,1,Accesible,Todos los días,Alemania,Kylian Mbappé; Cristiano Ronaldo; Vinícius Júnior,No,Familia,343,343,343,343
344,Q51 - Q100,1,0,Moderado,Varias veces al mes,México,Kylian Mbappé,Sí,Amigos,344,344,344,344
345,Q25 - Q50,2,1,Economico,Todos los días,Brasil,Rodri; Alphonso Davies,Sí,Familia,345,345,345,345
346,Menos de Q25,3,1,Accesible,Todos los días,Inglaterra,Lionel Messi,Sí,Compañeros de trabajo,346,346,346,346
347,Menos de Q25,3,1,Moderado,Varias veces al mes,Argentina,Christian Pulisic,Sí,Familia,347,347,347,347
348,Menos de Q25,1,1,Premium,Todos los días,Estados Unidos,Cristiano Ronaldo,Sí,Familia,348,348,348,348
1960,Más de Q150,3,0,Super Premium,3 a 5 veces por semana,Brasil,Julián Álvarez,Sí,Familia,1960,1960,1960,1960
350,Q51 - Q100,3,1,Accesible,1 a 2 veces por semana,Argentina,Cristiano Ronaldo; Neymar Jr.; Lionel Messi,Sí,Amigos,350,350,350,350
351,Q51 - Q100,2,1,Moderado,1 a 2 veces por semana,Japón,Lamine Yamal; Cristiano Ronaldo; Julián Álvarez,Sí,Amigos,351,351,351,351
352,Q101 - Q150,2,0,Premium,1 a 2 veces por semana,Portugal,Alphonso Davies; Christian Pulisic; Cristiano Ronaldo,Sí,Familia,352,352,352,352
353,Q101 - Q150,2,1,Accesible,1 a 2 veces por semana,Brasil,Harry Kane; Lionel Messi; Lamine Yamal,Sí,Amigos,353,353,353,353
354,Q25 - Q50,3,1,Moderado,Todos los días,España,Cristiano Ronaldo,Sí,Familia,354,354,354,354
355,Q51 - Q100,2,1,Premium,3 a 5 veces por semana,Brasil,Neymar Jr.; Lionel Messi; Vinícius Júnior,Sí,Familia,355,355,355,355
356,Q25 - Q50,3,0,Accesible,Varias veces al mes,Brasil,Neymar Jr.; Vinícius Júnior; Cristiano Ronaldo,Sí,Familia,356,356,356,356
357,Q101 - Q150,1,1,Moderado,Varias veces al mes,España,Cristiano Ronaldo; Federico Valverde,Sí,Solo,357,357,357,357
358,Q51 - Q100,3,1,Premium,3 a 5 veces por semana,Brasil,Kylian Mbappé; Lionel Messi; Cristiano Ronaldo,Sí,Amigos,358,358,358,358
359,Más de Q150,2,1,Accesible,Todos los días,Czechia,Lionel Messi; Julián Álvarez; Cristiano Ronaldo,Sí,Amigos,359,359,359,359
360,Menos de Q25,3,0,Moderado,Varias veces al mes,España,Lionel Messi; Jude Bellingham; Vinícius Júnior,Sí,Amigos,360,360,360,360
361,Q25 - Q50,1,1,Premium,1 a 2 veces por semana,Francia,Lamine Yamal,Sí,Familia,361,361,361,361
362,Q51 - Q100,2,1,Accesible,3 a 5 veces por semana,Brasil,Vinícius Júnior; Harry Kane,Sí,Amigos,362,362,362,362
363,Menos de Q25,1,1,Accesible,3 a 5 veces por semana,Francia,Federico Valverde; Lionel Messi,Sí,Amigos,363,363,363,363
364,Q25 - Q50,2,1,Accesible,1 a 2 veces por semana,Alemania,Julián Álvarez; Lionel Messi; Vinícius Júnior,Sí,Familia,364,364,364,364
365,Q51 - Q100,3,0,Super Premium,3 a 5 veces por semana,Czechia,Federico Valverde,No,Amigos,365,365,365,365
366,Menos de Q25,2,1,Accesible,3 a 5 veces por semana,España,Kylian Mbappé; Lionel Messi; Alphonso Davies,Sí,Solo,366,366,366,366
367,Q51 - Q100,3,1,Moderado,3 a 5 veces por semana,España,Christian Pulisic; Cristiano Ronaldo; Rodri,Sí,Familia,367,367,367,367
368,Q25 - Q50,1,0,Moderado,3 a 5 veces por semana,Argentina,Kylian Mbappé,Sí,Amigos,368,368,368,368
369,Q51 - Q100,1,1,Economico,Todos los días,Alemania,Cristiano Ronaldo; Vinícius Júnior; Neymar Jr.,No,Familia,369,369,369,369
370,Q101 - Q150,1,0,Premium,1 a 2 veces por semana,Suecia,Rodri; Kylian Mbappé,Sí,Familia,370,370,370,370
371,Más de Q150,2,1,Premium,1 a 2 veces por semana,España,Vinícius Júnior; Cristiano Ronaldo; Neymar Jr.,Sí,Amigos,371,371,371,371
372,Q51 - Q100,3,1,Moderado,1 a 2 veces por semana,Portugal,Kylian Mbappé; Ninguno; Neymar Jr.,Sí,Familia,372,372,372,372
373,Menos de Q25,3,1,Moderado,1 a 2 veces por semana,Francia,Federico Valverde; Lionel Messi; Cristiano Ronaldo,Sí,Otro,373,373,373,373
374,Q51 - Q100,2,0,Economico,Rara vez,Túnez,Federico Valverde; Neymar Jr.,Sí,Amigos,374,374,374,374
375,Q51 - Q100,3,1,Moderado,Todos los días,México,Cristiano Ronaldo,Sí,Solo,375,375,375,375
376,Q25 - Q50,2,1,Moderado,Varias veces al mes,Argentina,Lionel Messi; Alphonso Davies,Sí,Amigos,376,376,376,376
377,Q51 - Q100,3,0,Accesible,1 a 2 veces por semana,España,Lionel Messi,Sí,Amigos,377,377,377,377
378,Q101 - Q150,2,1,Accesible,1 a 2 veces por semana,Brasil,Kylian Mbappé; Lionel Messi; Alphonso Davies,No,Solo,378,378,378,378
379,Q25 - Q50,1,0,Economico,3 a 5 veces por semana,Brasil,Cristiano Ronaldo; Neymar Jr.,Sí,Amigos,379,379,379,379
380,Q51 - Q100,1,1,Premium,Varias veces al mes,Estados Unidos,Lamine Yamal; Kylian Mbappé,Sí,Solo,380,380,380,380
381,Q51 - Q100,3,1,Premium,3 a 5 veces por semana,Panamá,Lionel Messi; Jude Bellingham,Sí,Familia,381,381,381,381
382,Q51 - Q100,1,1,Accesible,1 a 2 veces por semana,Argentina,Kylian Mbappé; Cristiano Ronaldo; Ninguno,No,Amigos,382,382,382,382
383,Q25 - Q50,1,1,Moderado,1 a 2 veces por semana,Francia,Kylian Mbappé; Alphonso Davies,Sí,Amigos,383,383,383,383
384,Q51 - Q100,1,1,Accesible,1 a 2 veces por semana,México,Cristiano Ronaldo; Alphonso Davies; Jude Bellingham,Sí,Amigos,384,384,384,384
385,Q25 - Q50,3,1,Moderado,3 a 5 veces por semana,Argentina,Lionel Messi,Sí,Amigos,385,385,385,385
386,Q51 - Q100,3,0,Accesible,Varias veces al mes,Uzbekistán,Lionel Messi; Vinícius Júnior; Alphonso Davies,Sí,Familia,386,386,386,386
387,Q25 - Q50,3,1,Economico,Todos los días,Japón,Cristiano Ronaldo; Lionel Messi; Kylian Mbappé,Sí,Amigos,387,387,387,387
388,Q51 - Q100,1,0,Accesible,3 a 5 veces por semana,Brasil,Julián Álvarez,Sí,Amigos,388,388,388,388
389,Q25 - Q50,3,0,Super Premium,Varias veces al mes,Brasil,Jude Bellingham; Rodri,Sí,Familia,389,389,389,389
390,Q25 - Q50,3,1,Moderado,Varias veces al mes,Suiza,Lamine Yamal,No,Amigos,390,390,390,390
391,Q25 - Q50,1,0,Moderado,Varias veces al mes,Argentina,Cristiano Ronaldo,Sí,Familia,391,391,391,391
392,Q51 - Q100,3,0,Accesible,Todos los días,Brasil,Christian Pulisic; Kylian Mbappé; Vinícius Júnior,Sí,Familia,392,392,392,392
393,Q25 - Q50,3,1,Moderado,Varias veces al mes,Argentina,Neymar Jr.,Sí,Compañeros de trabajo,393,393,393,393
394,Q51 - Q100,2,1,Moderado,1 a 2 veces por semana,México,Kylian Mbappé; Lionel Messi,Sí,Familia,394,394,394,394
395,Q25 - Q50,3,1,Premium,Todos los días,Portugal,Neymar Jr.,No,Familia,395,395,395,395
396,Q101 - Q150,2,1,Moderado,3 a 5 veces por semana,Argentina,Julián Álvarez; Jude Bellingham,Sí,Familia,396,396,396,396
397,Más de Q150,2,0,Moderado,3 a 5 veces por semana,México,Cristiano Ronaldo,Sí,Familia,397,397,397,397
398,Menos de Q25,2,0,Moderado,Todos los días,México,Lionel Messi; Cristiano Ronaldo,Sí,Amigos,398,398,398,398
399,Q51 - Q100,1,1,Super Premium,1 a 2 veces por semana,Francia,Jude Bellingham,Sí,Familia,399,399,399,399
400,Menos de Q25,1,1,Moderado,Varias veces al mes,Francia,Neymar Jr.,Sí,Familia,400,400,400,400
401,Q51 - Q100,3,1,Moderado,1 a 2 veces por semana,Austria,Cristiano Ronaldo; Alphonso Davies,Sí,Amigos,401,401,401,401
402,Q101 - Q150,2,1,Accesible,Varias veces al mes,México,Lamine Yamal; Lionel Messi,Sí,Compañeros de trabajo,402,402,402,402
403,Q51 - Q100,2,0,Premium,3 a 5 veces por semana,Portugal,Vinícius Júnior; Cristiano Ronaldo; Lionel Messi,Sí,Familia,403,403,403,403
404,Q51 - Q100,1,1,Moderado,Rara vez,Argentina,Vinícius Júnior; Cristiano Ronaldo,Sí,Amigos,404,404,404,404
405,Menos de Q25,2,1,Premium,1 a 2 veces por semana,Estados Unidos,Lamine Yamal; Christian Pulisic; Lionel Messi,Sí,Familia,405,405,405,405
406,Q51 - Q100,3,1,Moderado,Todos los días,Inglaterra,Alphonso Davies,Sí,Amigos,406,406,406,406
407,Q51 - Q100,1,1,Moderado,Varias veces al mes,Brasil,Lamine Yamal,No,Familia,407,407,407,407
408,Q101 - Q150,1,1,Moderado,3 a 5 veces por semana,Brasil,Cristiano Ronaldo,Sí,Compañeros de trabajo,408,408,408,408
409,Q25 - Q50,1,1,Moderado,Rara vez,Brasil,Kylian Mbappé,Sí,Familia,409,409,409,409
410,Q51 - Q100,1,0,Accesible,3 a 5 veces por semana,México,Kylian Mbappé; Jude Bellingham,Sí,Familia,410,410,410,410
411,Q51 - Q100,2,1,Accesible,Varias veces al mes,Brasil,Vinícius Júnior; Julián Álvarez,Sí,Familia,411,411,411,411
412,Q25 - Q50,3,0,Accesible,Rara vez,Brasil,Cristiano Ronaldo,Sí,Familia,412,412,412,412
413,Q25 - Q50,3,0,Moderado,Rara vez,Estados Unidos,Vinícius Júnior; Kylian Mbappé,Sí,Familia,413,413,413,413
414,Q101 - Q150,1,0,Accesible,3 a 5 veces por semana,Uruguay,Rodri,Sí,Familia,414,414,414,414
415,Q25 - Q50,1,0,Moderado,Varias veces al mes,Francia,Lionel Messi,Sí,Compañeros de trabajo,415,415,415,415
416,Menos de Q25,3,0,Moderado,1 a 2 veces por semana,Brasil,Julián Álvarez,Sí,Amigos,416,416,416,416
417,Q51 - Q100,2,0,Moderado,1 a 2 veces por semana,Estados Unidos,Jude Bellingham; Lionel Messi; Cristiano Ronaldo,Sí,Amigos,417,417,417,417
418,Menos de Q25,1,1,Premium,Todos los días,México,Lionel Messi; Julián Álvarez; Kylian Mbappé,Sí,Familia,418,418,418,418
420,Q51 - Q100,1,1,Accesible,1 a 2 veces por semana,Portugal,Vinícius Júnior; Cristiano Ronaldo; Harry Kane,Sí,Familia,420,420,420,420
421,Menos de Q25,2,1,Moderado,3 a 5 veces por semana,Alemania,Lamine Yamal; Lionel Messi,Sí,Familia,421,421,421,421
422,Q51 - Q100,1,1,Moderado,Varias veces al mes,México,Neymar Jr.,Sí,Amigos,422,422,422,422
423,Menos de Q25,2,0,Economico,3 a 5 veces por semana,Portugal,Jude Bellingham,Sí,Otro,423,423,423,423
424,Q51 - Q100,3,0,Moderado,Todos los días,Francia,Lamine Yamal; Vinícius Júnior,Sí,Amigos,424,424,424,424
425,Más de Q150,1,0,Premium,3 a 5 veces por semana,Argentina,Julián Álvarez,Sí,Amigos,425,425,425,425
426,Q51 - Q100,2,0,Moderado,Todos los días,Colombia,Vinícius Júnior,Sí,Amigos,426,426,426,426
427,Q51 - Q100,2,1,Premium,1 a 2 veces por semana,Estados Unidos,Cristiano Ronaldo; Jude Bellingham,Sí,Familia,427,427,427,427
428,Q25 - Q50,2,0,Accesible,3 a 5 veces por semana,Argentina,Lionel Messi; Rodri; Lamine Yamal,Sí,Familia,428,428,428,428
429,Q51 - Q100,1,1,Moderado,Varias veces al mes,Brasil,Cristiano Ronaldo,Sí,Familia,429,429,429,429
430,Q51 - Q100,3,1,Moderado,1 a 2 veces por semana,Francia,Lamine Yamal,Sí,Familia,430,430,430,430
431,Q25 - Q50,3,0,Moderado,Todos los días,Argentina,Lionel Messi; Lamine Yamal; Christian Pulisic,Sí,Familia,431,431,431,431
432,Q51 - Q100,1,0,Accesible,3 a 5 veces por semana,Brasil,Federico Valverde; Cristiano Ronaldo; Kylian Mbappé,No,Amigos,432,432,432,432
433,Q25 - Q50,1,1,Premium,1 a 2 veces por semana,México,Harry Kane,Sí,Familia,433,433,433,433
434,Menos de Q25,2,1,Accesible,Rara vez,Argentina,Vinícius Júnior; Lamine Yamal; Rodri,Sí,Otro,434,434,434,434
435,Menos de Q25,2,0,Economico,1 a 2 veces por semana,Colombia,Vinícius Júnior,Sí,Compañeros de trabajo,435,435,435,435
436,Q25 - Q50,2,0,Accesible,Todos los días,México,Cristiano Ronaldo; Lionel Messi; Kylian Mbappé,Sí,Familia,436,436,436,436
437,Q25 - Q50,2,0,Moderado,1 a 2 veces por semana,Estados Unidos,Jude Bellingham; Lionel Messi,Sí,Familia,437,437,437,437
438,Q51 - Q100,1,0,Accesible,3 a 5 veces por semana,Colombia,Lionel Messi; Vinícius Júnior,Sí,Familia,438,438,438,438
439,Q51 - Q100,1,1,Premium,1 a 2 veces por semana,México,Neymar Jr.; Jude Bellingham; Christian Pulisic,Sí,Solo,439,439,439,439
440,Q25 - Q50,2,0,Premium,Varias veces al mes,Inglaterra,Lamine Yamal; Neymar Jr.,No,Amigos,440,440,440,440
441,Q101 - Q150,2,1,Premium,1 a 2 veces por semana,España,Rodri; Jude Bellingham,Sí,Familia,441,441,441,441
442,Menos de Q25,3,0,Moderado,3 a 5 veces por semana,Portugal,Cristiano Ronaldo; Lionel Messi,Sí,Familia,442,442,442,442
443,Q25 - Q50,3,1,Accesible,Rara vez,México,Neymar Jr.; Kylian Mbappé,Sí,Amigos,443,443,443,443
444,Menos de Q25,1,0,Premium,3 a 5 veces por semana,España,Christian Pulisic; Lionel Messi; Lamine Yamal,Sí,Familia,444,444,444,444
445,Q25 - Q50,2,0,Premium,Rara vez,Brasil,Kylian Mbappé,Sí,Otro,445,445,445,445
446,Q51 - Q100,1,1,Accesible,Rara vez,México,Lionel Messi; Kylian Mbappé,Sí,Amigos,446,446,446,446
447,Menos de Q25,2,1,Super Premium,Todos los días,Argentina,Neymar Jr.; Kylian Mbappé,Sí,Familia,447,447,447,447
448,Q25 - Q50,1,0,Accesible,Todos los días,Francia,Cristiano Ronaldo; Lionel Messi,Sí,Familia,448,448,448,448
449,Q51 - Q100,2,1,Moderado,3 a 5 veces por semana,Argentina,Lionel Messi,Sí,Amigos,449,449,449,449
1193,Q25 - Q50,2,1,Economico,Todos los días,Suecia,Vinícius Júnior; Cristiano Ronaldo,Sí,Familia,1193,1193,1193,1193
451,Q51 - Q100,3,1,Accesible,Todos los días,España,Lionel Messi,Sí,Otro,451,451,451,451
452,Q51 - Q100,1,1,Accesible,3 a 5 veces por semana,México,Jude Bellingham; Lamine Yamal,Sí,Familia,452,452,452,452
453,Q25 - Q50,3,1,Moderado,Rara vez,México,Lamine Yamal; Cristiano Ronaldo,Sí,Familia,453,453,453,453
454,Q101 - Q150,2,1,Accesible,Rara vez,Estados Unidos,Neymar Jr.; Vinícius Júnior,Sí,Amigos,454,454,454,454
455,Q51 - Q100,1,0,Premium,Varias veces al mes,Portugal,Vinícius Júnior,Sí,Familia,455,455,455,455
456,Q101 - Q150,3,0,Economico,1 a 2 veces por semana,Brasil,Cristiano Ronaldo,Sí,Amigos,456,456,456,456
457,Q101 - Q150,2,0,Premium,Varias veces al mes,Escocia,Federico Valverde; Cristiano Ronaldo; Christian Pulisic,Sí,Amigos,457,457,457,457
458,Q101 - Q150,1,1,Accesible,Varias veces al mes,MÉXICO,Vinícius Júnior; Lionel Messi; Cristiano Ronaldo,Sí,Amigos,458,458,458,458
459,Q101 - Q150,3,0,Moderado,Todos los días,Alemania,Vinícius Júnior,Sí,Amigos,459,459,459,459
460,Q101 - Q150,1,0,Premium,Todos los días,Alemania,Julián Álvarez; Cristiano Ronaldo,Sí,Familia,460,460,460,460
461,Q25 - Q50,2,1,Moderado,Todos los días,Brasil,Cristiano Ronaldo,Sí,Amigos,461,461,461,461
462,Menos de Q25,3,0,Accesible,3 a 5 veces por semana,Inglaterra,Cristiano Ronaldo,Sí,Otro,462,462,462,462
463,Menos de Q25,1,1,Accesible,1 a 2 veces por semana,Estados Unidos,Neymar Jr.; Julián Álvarez,Sí,Familia,463,463,463,463
1049,Q25 - Q50,2,1,Premium,3 a 5 veces por semana,Brasil,Neymar Jr.,Sí,Familia,1049,1049,1049,1049
465,Q25 - Q50,3,1,Accesible,Varias veces al mes,México,Neymar Jr.; Cristiano Ronaldo; Lionel Messi,Sí,Amigos,465,465,465,465
466,Q101 - Q150,3,1,Accesible,Rara vez,México,Vinícius Júnior; Lamine Yamal; Cristiano Ronaldo,No,Amigos,466,466,466,466
467,Q25 - Q50,2,1,Economico,1 a 2 veces por semana,Argentina,Neymar Jr.,Sí,Amigos,467,467,467,467
468,Q25 - Q50,2,1,Premium,Varias veces al mes,Argentina,Lamine Yamal; Lionel Messi; Cristiano Ronaldo,Sí,Amigos,468,468,468,468
469,Menos de Q25,3,1,Moderado,3 a 5 veces por semana,España,Kylian Mbappé; Lionel Messi,Sí,Amigos,469,469,469,469
470,Q25 - Q50,3,0,Premium,Varias veces al mes,Inglaterra,Kylian Mbappé,Sí,Amigos,470,470,470,470
471,Q51 - Q100,2,1,Accesible,Todos los días,Portugal,Alphonso Davies,No,Familia,471,471,471,471
472,Q25 - Q50,1,0,Economico,Varias veces al mes,Argentina,Jude Bellingham,Sí,Familia,472,472,472,472
473,Q25 - Q50,1,0,Accesible,1 a 2 veces por semana,Francia,Julián Álvarez; Christian Pulisic,Sí,Amigos,473,473,473,473
2439,Más de Q150,2,1,Moderado,3 a 5 veces por semana,México,Kylian Mbappé,Sí,Familia,2439,2439,2439,2439
475,Q51 - Q100,1,0,Moderado,3 a 5 veces por semana,Portugal,Harry Kane; Lionel Messi,Sí,Amigos,475,475,475,475
476,Q51 - Q100,3,1,Accesible,1 a 2 veces por semana,Portugal,Vinícius Júnior,Sí,Familia,476,476,476,476
477,Q25 - Q50,1,1,Moderado,1 a 2 veces por semana,Brasil,Kylian Mbappé; Neymar Jr.,No,Amigos,477,477,477,477
478,Q101 - Q150,2,0,Moderado,Varias veces al mes,Brasil,Neymar Jr.; Lionel Messi,Sí,Amigos,478,478,478,478
479,Q51 - Q100,3,1,Premium,Todos los días,Haití,Rodri,Sí,Compañeros de trabajo,479,479,479,479
480,Menos de Q25,3,0,Moderado,Varias veces al mes,Argentina,Kylian Mbappé; Julián Álvarez; Cristiano Ronaldo,Sí,Amigos,480,480,480,480
481,Menos de Q25,2,1,Accesible,1 a 2 veces por semana,Alemania,Kylian Mbappé; Cristiano Ronaldo,Sí,Solo,481,481,481,481
482,Q25 - Q50,2,1,Premium,3 a 5 veces por semana,Argentina,Vinícius Júnior; Alphonso Davies; Neymar Jr.,No,Solo,482,482,482,482
483,Menos de Q25,3,1,Moderado,3 a 5 veces por semana,BRASIL,Neymar Jr.; Cristiano Ronaldo,Sí,Solo,483,483,483,483
484,Menos de Q25,3,1,Premium,1 a 2 veces por semana,Argentina,Cristiano Ronaldo,Sí,Solo,484,484,484,484
485,Q51 - Q100,2,1,Premium,1 a 2 veces por semana,Alemania,Lionel Messi,Sí,Amigos,485,485,485,485
486,Q25 - Q50,3,0,Premium,Rara vez,Francia,Kylian Mbappé,Sí,Compañeros de trabajo,486,486,486,486
487,Q51 - Q100,3,1,Economico,1 a 2 veces por semana,Brasil,Lionel Messi; Cristiano Ronaldo; Vinícius Júnior,Sí,Familia,487,487,487,487
488,Q101 - Q150,2,0,Accesible,Todos los días,Alemania,Vinícius Júnior,Sí,Familia,488,488,488,488
489,Más de Q150,2,0,Premium,3 a 5 veces por semana,Inglaterra,Vinícius Júnior,Sí,Familia,489,489,489,489
490,Menos de Q25,3,1,Premium,3 a 5 veces por semana,Brasil,Lamine Yamal; Harry Kane,Sí,Familia,490,490,490,490
491,Q101 - Q150,2,1,Accesible,Rara vez,Inglaterra,Cristiano Ronaldo,Sí,Familia,491,491,491,491
492,Más de Q150,2,1,Moderado,1 a 2 veces por semana,Estados Unidos,Julián Álvarez; Ninguno,Sí,Amigos,492,492,492,492
493,Menos de Q25,1,0,Super Premium,3 a 5 veces por semana,Inglaterra,Neymar Jr.,Sí,Familia,493,493,493,493
494,Q25 - Q50,3,1,Moderado,Varias veces al mes,Argentina,Kylian Mbappé,Sí,Familia,494,494,494,494
495,Q101 - Q150,2,0,Moderado,1 a 2 veces por semana,Estados Unidos,Lamine Yamal; Lionel Messi,Sí,Familia,495,495,495,495
496,Q25 - Q50,2,1,Moderado,Todos los días,México,Lionel Messi; Vinícius Júnior,Sí,Familia,496,496,496,496
497,Q51 - Q100,1,0,Moderado,1 a 2 veces por semana,Paraguay,Lamine Yamal,Sí,Familia,497,497,497,497
498,Menos de Q25,3,1,Accesible,1 a 2 veces por semana,Argentina,Neymar Jr.; Vinícius Júnior,Sí,Familia,498,498,498,498
499,Q101 - Q150,2,1,Super Premium,3 a 5 veces por semana,Argentina,Cristiano Ronaldo,Sí,Solo,499,499,499,499
500,Q51 - Q100,3,1,Economico,Todos los días,Brasil,Julián Álvarez; Neymar Jr.,Sí,Familia,500,500,500,500
501,Q51 - Q100,1,0,Accesible,Varias veces al mes,México,Cristiano Ronaldo; Vinícius Júnior,Sí,Familia,501,501,501,501
502,Q25 - Q50,1,1,Moderado,Varias veces al mes,Colombia,Lionel Messi,Sí,Solo,502,502,502,502
503,Q51 - Q100,2,1,Accesible,1 a 2 veces por semana,Brasil,Lionel Messi; Julián Álvarez,Sí,Familia,503,503,503,503
504,Menos de Q25,3,1,Premium,3 a 5 veces por semana,Francia,Cristiano Ronaldo,Sí,Familia,504,504,504,504
505,Q51 - Q100,1,1,Accesible,Varias veces al mes,Argentina,Cristiano Ronaldo; Julián Álvarez,Sí,Amigos,505,505,505,505
506,Menos de Q25,3,0,Premium,Varias veces al mes,Paraguay,Christian Pulisic; Rodri,Sí,Amigos,506,506,506,506
507,Q101 - Q150,3,1,Accesible,1 a 2 veces por semana,México,Christian Pulisic; Jude Bellingham,Sí,Amigos,507,507,507,507
508,Q25 - Q50,2,0,Accesible,3 a 5 veces por semana,Francia,Cristiano Ronaldo,Sí,Amigos,508,508,508,508
509,Más de Q150,2,1,Moderado,3 a 5 veces por semana,Francia,Cristiano Ronaldo; Alphonso Davies; Lionel Messi,Sí,Amigos,509,509,509,509
510,Menos de Q25,3,1,Premium,Varias veces al mes,BRASIL,Lamine Yamal; Lionel Messi,Sí,Amigos,510,510,510,510
511,Q51 - Q100,1,1,Economico,1 a 2 veces por semana,Francia,Lionel Messi; Neymar Jr.; Ninguno,No,Compañeros de trabajo,511,511,511,511
512,Q25 - Q50,3,1,Accesible,Varias veces al mes,Argentina,Kylian Mbappé,Sí,Compañeros de trabajo,512,512,512,512
513,Q25 - Q50,2,1,Moderado,3 a 5 veces por semana,Haití,Neymar Jr.; Cristiano Ronaldo; Julián Álvarez,Sí,Amigos,513,513,513,513
514,Q25 - Q50,2,0,Accesible,1 a 2 veces por semana,Argentina,Cristiano Ronaldo,No,Familia,514,514,514,514
515,Q25 - Q50,3,1,Accesible,Varias veces al mes,Estados Unidos,Cristiano Ronaldo; Vinícius Júnior,No,Familia,515,515,515,515
516,Q51 - Q100,3,1,Moderado,1 a 2 veces por semana,España,Lionel Messi; Cristiano Ronaldo,Sí,Compañeros de trabajo,516,516,516,516
517,Q25 - Q50,1,0,Accesible,Varias veces al mes,Colombia,Lionel Messi,Sí,Otro,517,517,517,517
518,Menos de Q25,3,0,Economico,1 a 2 veces por semana,Francia,Jude Bellingham; Cristiano Ronaldo,Sí,Amigos,518,518,518,518
519,Q101 - Q150,3,1,Accesible,1 a 2 veces por semana,Uruguay,Lionel Messi,Sí,Familia,519,519,519,519
520,Q51 - Q100,1,0,Accesible,3 a 5 veces por semana,Uruguay,Harry Kane; Lionel Messi,Sí,Familia,520,520,520,520
521,Q101 - Q150,1,0,Accesible,3 a 5 veces por semana,Japón,Julián Álvarez; Federico Valverde; Neymar Jr.,No,Amigos,521,521,521,521
522,Q51 - Q100,3,0,Premium,1 a 2 veces por semana,Alemania,Neymar Jr.; Cristiano Ronaldo; Kylian Mbappé,Sí,Solo,522,522,522,522
523,Menos de Q25,3,0,Accesible,3 a 5 veces por semana,Estados Unidos,Cristiano Ronaldo; Vinícius Júnior; Neymar Jr.,Sí,Amigos,523,523,523,523
524,Más de Q150,2,1,Premium,3 a 5 veces por semana,Senegal,Vinícius Júnior,No,Amigos,524,524,524,524
525,Q51 - Q100,3,0,Economico,Rara vez,Uruguay,Christian Pulisic; Neymar Jr.,No,Amigos,525,525,525,525
526,Menos de Q25,2,1,Moderado,1 a 2 veces por semana,Brasil,Lionel Messi; Jude Bellingham; Federico Valverde,Sí,Solo,526,526,526,526
527,Más de Q150,2,1,Moderado,Varias veces al mes,Uruguay,Julián Álvarez,Sí,Amigos,527,527,527,527
528,Más de Q150,1,1,Premium,3 a 5 veces por semana,Portugal,Lionel Messi; Harry Kane; Rodri,Sí,Amigos,528,528,528,528
529,Q25 - Q50,2,0,Moderado,1 a 2 veces por semana,Inglaterra,Vinícius Júnior; Cristiano Ronaldo,Sí,Amigos,529,529,529,529
530,Q25 - Q50,1,1,Accesible,Todos los días,Portugal,Lionel Messi,No,Familia,530,530,530,530
531,Q51 - Q100,3,0,Premium,1 a 2 veces por semana,Francia,Lamine Yamal,Sí,Amigos,531,531,531,531
532,Q51 - Q100,2,1,Accesible,Todos los días,BRASIL,Federico Valverde,Sí,Familia,532,532,532,532
533,Q25 - Q50,1,0,Moderado,Rara vez,Argentina,Vinícius Júnior,Sí,Amigos,533,533,533,533
534,Más de Q150,1,0,Accesible,Rara vez,Bélgica,Vinícius Júnior; Lionel Messi; Harry Kane,Sí,Amigos,534,534,534,534
535,Menos de Q25,1,1,Premium,3 a 5 veces por semana,Brasil,Vinícius Júnior; Jude Bellingham; Neymar Jr.,No,Familia,535,535,535,535
536,Q25 - Q50,2,1,Moderado,Todos los días,Francia,Federico Valverde; Kylian Mbappé; Lamine Yamal,Sí,Compañeros de trabajo,536,536,536,536
537,Más de Q150,3,0,Moderado,1 a 2 veces por semana,Colombia,Federico Valverde; Christian Pulisic,Sí,Familia,537,537,537,537
538,Q101 - Q150,1,1,Accesible,Rara vez,Senegal,Cristiano Ronaldo; Lionel Messi,Sí,Amigos,538,538,538,538
539,Q25 - Q50,2,1,Accesible,Todos los días,México,Ninguno; Neymar Jr.; Jude Bellingham,Sí,Familia,539,539,539,539
540,Q51 - Q100,2,1,Accesible,3 a 5 veces por semana,México,Neymar Jr.; Cristiano Ronaldo,No,Solo,540,540,540,540
541,Más de Q150,1,1,Accesible,Todos los días,México,Cristiano Ronaldo; Lionel Messi,Sí,Familia,541,541,541,541
542,Q25 - Q50,1,1,Super Premium,1 a 2 veces por semana,Estados Unidos,Cristiano Ronaldo; Christian Pulisic,Sí,Amigos,542,542,542,542
543,Q25 - Q50,3,1,Premium,1 a 2 veces por semana,Portugal,Lionel Messi; Harry Kane,Sí,Familia,543,543,543,543
544,Q25 - Q50,1,1,Premium,1 a 2 veces por semana,Argentina,Cristiano Ronaldo; Lionel Messi; Neymar Jr.,Sí,Amigos,544,544,544,544
545,Menos de Q25,2,1,Accesible,Rara vez,Brasil,Vinícius Júnior; Cristiano Ronaldo,Sí,Compañeros de trabajo,545,545,545,545
546,Q51 - Q100,1,0,Premium,1 a 2 veces por semana,Colombia,Jude Bellingham; Neymar Jr.; Vinícius Júnior,Sí,Familia,546,546,546,546
547,Q51 - Q100,3,1,Premium,3 a 5 veces por semana,Argentina,Federico Valverde,Sí,Solo,547,547,547,547
548,Q25 - Q50,2,1,Super Premium,Todos los días,Brasil,Vinícius Júnior,Sí,Otro,548,548,548,548
549,Menos de Q25,2,1,Super Premium,1 a 2 veces por semana,Inglaterra,Cristiano Ronaldo,Sí,Familia,549,549,549,549
550,Q25 - Q50,3,0,Moderado,3 a 5 veces por semana,Argentina,Lamine Yamal; Alphonso Davies; Cristiano Ronaldo,Sí,Amigos,550,550,550,550
551,Q25 - Q50,3,1,Accesible,3 a 5 veces por semana,Brasil,Federico Valverde,Sí,Familia,551,551,551,551
552,Q25 - Q50,1,0,Accesible,Todos los días,Francia,Lamine Yamal; Kylian Mbappé; Lionel Messi,Sí,Familia,552,552,552,552
553,Q25 - Q50,3,1,Super Premium,3 a 5 veces por semana,Brasil,Jude Bellingham,Sí,Amigos,553,553,553,553
554,Q25 - Q50,3,0,Accesible,1 a 2 veces por semana,Argentina,Lionel Messi,Sí,Amigos,554,554,554,554
555,Q25 - Q50,1,0,Moderado,3 a 5 veces por semana,Francia,Lionel Messi,Sí,Compañeros de trabajo,555,555,555,555
556,Menos de Q25,3,1,Moderado,Rara vez,Francia,Neymar Jr.,Sí,Familia,556,556,556,556
557,Menos de Q25,3,1,Moderado,Varias veces al mes,Inglaterra,Federico Valverde,Sí,Familia,557,557,557,557
558,Q51 - Q100,1,1,Moderado,3 a 5 veces por semana,Portugal,Kylian Mbappé; Lionel Messi; Vinícius Júnior,Sí,Amigos,558,558,558,558
559,Q101 - Q150,1,1,Accesible,Todos los días,Brasil,Vinícius Júnior,Sí,Familia,559,559,559,559
560,Q25 - Q50,2,1,Accesible,1 a 2 veces por semana,Francia,Lionel Messi; Christian Pulisic; Cristiano Ronaldo,Sí,Compañeros de trabajo,560,560,560,560
561,Más de Q150,3,0,Accesible,3 a 5 veces por semana,México,Vinícius Júnior; Jude Bellingham,No,Familia,561,561,561,561
562,Q51 - Q100,2,0,Premium,Varias veces al mes,Argentina,Kylian Mbappé; Jude Bellingham; Lionel Messi,Sí,Amigos,562,562,562,562
563,Q25 - Q50,3,0,Premium,Todos los días,Portugal,Neymar Jr.; Cristiano Ronaldo,Sí,Amigos,563,563,563,563
564,Q51 - Q100,2,0,Accesible,Todos los días,Argentina,Vinícius Júnior; Lamine Yamal; Lionel Messi,Sí,Familia,564,564,564,564
565,Menos de Q25,1,0,Moderado,Todos los días,Francia,Neymar Jr.,Sí,Amigos,565,565,565,565
566,Q25 - Q50,3,0,Moderado,1 a 2 veces por semana,Uruguay,Lionel Messi; Alphonso Davies; Cristiano Ronaldo,Sí,Compañeros de trabajo,566,566,566,566
567,Q25 - Q50,1,1,Moderado,Rara vez,Argentina,Cristiano Ronaldo,Sí,Familia,567,567,567,567
568,Q25 - Q50,3,0,Economico,1 a 2 veces por semana,México,Jude Bellingham; Vinícius Júnior; Alphonso Davies,Sí,Amigos,568,568,568,568
569,Q51 - Q100,1,1,Premium,Varias veces al mes,Estados Unidos,Kylian Mbappé,Sí,Amigos,569,569,569,569
570,Q25 - Q50,2,0,Moderado,Varias veces al mes,México,Cristiano Ronaldo; Lionel Messi; Kylian Mbappé,Sí,Familia,570,570,570,570
571,Más de Q150,1,1,Super Premium,Varias veces al mes,Portugal,Alphonso Davies; Ninguno,Sí,Amigos,571,571,571,571
572,Q25 - Q50,1,1,Moderado,Todos los días,Brasil,Lamine Yamal,Sí,Compañeros de trabajo,572,572,572,572
573,Menos de Q25,1,1,Premium,1 a 2 veces por semana,Panamá,Lionel Messi; Ninguno,Sí,Familia,573,573,573,573
574,Q51 - Q100,2,1,Accesible,1 a 2 veces por semana,Colombia,Neymar Jr.,Sí,Solo,574,574,574,574
575,Q101 - Q150,2,1,Moderado,Todos los días,Argentina,Lionel Messi; Cristiano Ronaldo,Sí,Compañeros de trabajo,575,575,575,575
576,Q25 - Q50,2,0,Economico,Rara vez,Arabia Saudita,Neymar Jr.; Lionel Messi,Sí,Familia,576,576,576,576
577,Q25 - Q50,3,1,Moderado,3 a 5 veces por semana,ESTADOS UNIDOS,Alphonso Davies,Sí,Amigos,577,577,577,577
578,Q25 - Q50,1,1,Accesible,1 a 2 veces por semana,Argentina,Cristiano Ronaldo; Harry Kane,Sí,Compañeros de trabajo,578,578,578,578
579,Menos de Q25,2,1,Moderado,3 a 5 veces por semana,Argentina,Kylian Mbappé,Sí,Familia,579,579,579,579
580,Menos de Q25,3,1,Moderado,Todos los días,México,Rodri; Neymar Jr.; Jude Bellingham,Sí,Familia,580,580,580,580
581,Q51 - Q100,2,1,Moderado,Todos los días,Portugal,Vinícius Júnior,Sí,Familia,581,581,581,581
582,Q25 - Q50,1,0,Premium,3 a 5 veces por semana,Estados Unidos,Kylian Mbappé; Cristiano Ronaldo; Neymar Jr.,Sí,Familia,582,582,582,582
583,Q25 - Q50,2,0,Super Premium,Rara vez,Escocia,Kylian Mbappé; Neymar Jr.,Sí,Familia,583,583,583,583
584,Menos de Q25,3,1,Economico,1 a 2 veces por semana,Inglaterra,Lionel Messi,Sí,Familia,584,584,584,584
585,Q101 - Q150,1,1,Moderado,Varias veces al mes,Portugal,Neymar Jr.,Sí,Amigos,585,585,585,585
586,Q25 - Q50,2,0,Moderado,1 a 2 veces por semana,Portugal,Alphonso Davies,Sí,Familia,586,586,586,586
587,Q51 - Q100,2,0,Moderado,1 a 2 veces por semana,Inglaterra,Cristiano Ronaldo; Lionel Messi,Sí,Familia,587,587,587,587
588,Q25 - Q50,1,1,Accesible,1 a 2 veces por semana,México,Lionel Messi,Sí,Amigos,588,588,588,588
589,Q25 - Q50,1,0,Moderado,Varias veces al mes,México,Alphonso Davies; Vinícius Júnior,Sí,Amigos,589,589,589,589
590,Más de Q150,2,1,Premium,Varias veces al mes,Argentina,Harry Kane,Sí,Amigos,590,590,590,590
591,Menos de Q25,2,1,Premium,1 a 2 veces por semana,Uruguay,Lamine Yamal,Sí,Familia,591,591,591,591
592,Q51 - Q100,1,1,Moderado,Todos los días,Argentina,Vinícius Júnior; Lamine Yamal; Harry Kane,No,Familia,592,592,592,592
593,Q51 - Q100,3,0,Super Premium,Rara vez,España,Kylian Mbappé; Cristiano Ronaldo; Lionel Messi,Sí,Familia,593,593,593,593
594,Q51 - Q100,2,1,Moderado,Todos los días,México,Cristiano Ronaldo,Sí,Compañeros de trabajo,594,594,594,594
595,Q25 - Q50,3,1,Moderado,1 a 2 veces por semana,Inglaterra,Neymar Jr.; Lionel Messi; Julián Álvarez,Sí,Familia,595,595,595,595
596,Menos de Q25,3,1,Accesible,3 a 5 veces por semana,Colombia,Lionel Messi,Sí,Amigos,596,596,596,596
597,Q51 - Q100,1,1,Accesible,3 a 5 veces por semana,Estados Unidos,Cristiano Ronaldo; Vinícius Júnior; Kylian Mbappé,No,Compañeros de trabajo,597,597,597,597
598,Q25 - Q50,2,0,Moderado,3 a 5 veces por semana,Argentina,Neymar Jr.; Cristiano Ronaldo; Jude Bellingham,Sí,Familia,598,598,598,598
599,Q25 - Q50,3,0,Accesible,3 a 5 veces por semana,Portugal,Vinícius Júnior; Jude Bellingham,Sí,Amigos,599,599,599,599
600,Más de Q150,3,1,Premium,1 a 2 veces por semana,Francia,Jude Bellingham; Neymar Jr.,Sí,Solo,600,600,600,600
601,Q51 - Q100,1,1,Moderado,3 a 5 veces por semana,Inglaterra,Harry Kane; Cristiano Ronaldo; Lionel Messi,Sí,Familia,601,601,601,601
602,Q25 - Q50,1,0,Premium,1 a 2 veces por semana,Argentina,Cristiano Ronaldo; Neymar Jr.; Lionel Messi,Sí,Solo,602,602,602,602
603,Menos de Q25,1,1,Moderado,Varias veces al mes,Portugal,Lionel Messi; Jude Bellingham; Kylian Mbappé,Sí,Familia,603,603,603,603
604,Q51 - Q100,3,1,Moderado,3 a 5 veces por semana,Portugal,Vinícius Júnior,Sí,Familia,604,604,604,604
605,Menos de Q25,3,1,Moderado,3 a 5 veces por semana,España,Neymar Jr.,Sí,Familia,605,605,605,605
606,Q51 - Q100,2,1,Moderado,3 a 5 veces por semana,Portugal,Jude Bellingham,Sí,Compañeros de trabajo,606,606,606,606
607,Q51 - Q100,2,1,Moderado,1 a 2 veces por semana,Estados Unidos,Christian Pulisic; Lionel Messi; Harry Kane,Sí,Familia,607,607,607,607
608,Q25 - Q50,3,1,Accesible,Todos los días,Brasil,Christian Pulisic,No,Familia,608,608,608,608
609,Q51 - Q100,1,0,Premium,1 a 2 veces por semana,Argentina,Lionel Messi; Julián Álvarez; Neymar Jr.,Sí,Amigos,609,609,609,609
1416,Q25 - Q50,3,1,Premium,3 a 5 veces por semana,México,Federico Valverde,Sí,Compañeros de trabajo,1416,1416,1416,1416
611,Q51 - Q100,1,0,Moderado,Varias veces al mes,Arabia Saudita,Cristiano Ronaldo,Sí,Familia,611,611,611,611
612,Q51 - Q100,1,0,Moderado,1 a 2 veces por semana,Brasil,Cristiano Ronaldo,Sí,Familia,612,612,612,612
613,Q51 - Q100,3,0,Premium,1 a 2 veces por semana,Estados Unidos,Vinícius Júnior; Cristiano Ronaldo; Lionel Messi,No,Amigos,613,613,613,613
614,Q25 - Q50,3,1,Premium,1 a 2 veces por semana,Brasil,Cristiano Ronaldo,Sí,Familia,614,614,614,614
615,Q25 - Q50,2,1,Accesible,1 a 2 veces por semana,Brasil,Lionel Messi; Vinícius Júnior,Sí,Familia,615,615,615,615
1472,Menos de Q25,2,1,Accesible,Todos los días,Francia,Neymar Jr.; Cristiano Ronaldo,Sí,Familia,1472,1472,1472,1472
617,Q51 - Q100,2,1,Moderado,1 a 2 veces por semana,BRASIL,Neymar Jr.,Sí,Familia,617,617,617,617
618,Menos de Q25,3,0,Moderado,Varias veces al mes,PORTUGAL,Kylian Mbappé,Sí,Amigos,618,618,618,618
619,Q25 - Q50,2,0,Accesible,1 a 2 veces por semana,España,Neymar Jr.; Lionel Messi; Vinícius Júnior,No,Amigos,619,619,619,619
620,Q51 - Q100,1,1,Accesible,Rara vez,Argentina,Alphonso Davies; Kylian Mbappé; Vinícius Júnior,Sí,Amigos,620,620,620,620
621,Q25 - Q50,1,1,Super Premium,1 a 2 veces por semana,Arabia Saudita,Jude Bellingham; Julián Álvarez; Kylian Mbappé,Sí,Compañeros de trabajo,621,621,621,621
622,Q51 - Q100,1,1,Moderado,3 a 5 veces por semana,Brasil,Neymar Jr.,No,Compañeros de trabajo,622,622,622,622
623,Menos de Q25,3,1,Moderado,Varias veces al mes,Brasil,Federico Valverde; Lionel Messi; Rodri,Sí,Familia,623,623,623,623
624,Q51 - Q100,2,0,Premium,Varias veces al mes,Inglaterra,Jude Bellingham; Vinícius Júnior,Sí,Familia,624,624,624,624
625,Q25 - Q50,3,1,Accesible,Todos los días,Portugal,Ninguno; Christian Pulisic; Jude Bellingham,Sí,Amigos,625,625,625,625
626,Q25 - Q50,3,1,Moderado,3 a 5 veces por semana,Francia,Cristiano Ronaldo; Julián Álvarez,Sí,Compañeros de trabajo,626,626,626,626
627,Q51 - Q100,1,0,Accesible,3 a 5 veces por semana,Estados Unidos,Lionel Messi; Neymar Jr.,Sí,Amigos,627,627,627,627
628,Menos de Q25,1,0,Accesible,3 a 5 veces por semana,Brasil,Christian Pulisic; Federico Valverde,Sí,Familia,628,628,628,628
629,Q51 - Q100,1,0,Premium,Todos los días,Argentina,Lamine Yamal; Harry Kane,No,Familia,629,629,629,629
630,Q51 - Q100,3,0,Accesible,Rara vez,Colombia,Christian Pulisic; Neymar Jr.; Alphonso Davies,Sí,Amigos,630,630,630,630
631,Q25 - Q50,3,0,Accesible,Rara vez,México,Rodri; Alphonso Davies; Julián Álvarez,Sí,Solo,631,631,631,631
632,Q25 - Q50,1,1,Moderado,Todos los días,México,Christian Pulisic; Ninguno,No,Compañeros de trabajo,632,632,632,632
633,Menos de Q25,1,0,Super Premium,Todos los días,Brasil,Lionel Messi,Sí,Familia,633,633,633,633
634,Q25 - Q50,3,0,Accesible,3 a 5 veces por semana,Argelia,Lamine Yamal; Ninguno,Sí,Amigos,634,634,634,634
635,Q51 - Q100,3,1,Moderado,Varias veces al mes,España,Lionel Messi,Sí,Amigos,635,635,635,635
636,Q25 - Q50,1,1,Accesible,Todos los días,España,Lionel Messi,Sí,Familia,636,636,636,636
637,Q51 - Q100,3,1,Moderado,Todos los días,Brasil,Federico Valverde,Sí,Familia,637,637,637,637
638,Q101 - Q150,2,1,Moderado,3 a 5 veces por semana,Portugal,Cristiano Ronaldo; Neymar Jr.; Kylian Mbappé,Sí,Familia,638,638,638,638
639,Q101 - Q150,3,1,Accesible,3 a 5 veces por semana,Brasil,Lionel Messi; Cristiano Ronaldo,Sí,Familia,639,639,639,639
640,Q101 - Q150,1,0,Moderado,Varias veces al mes,Curaçao,Kylian Mbappé; Vinícius Júnior,Sí,Familia,640,640,640,640
641,Q25 - Q50,3,1,Moderado,Varias veces al mes,Brasil,Vinícius Júnior; Cristiano Ronaldo; Julián Álvarez,Sí,Amigos,641,641,641,641
642,Q51 - Q100,2,0,Economico,Varias veces al mes,Francia,Lamine Yamal; Neymar Jr.,Sí,Amigos,642,642,642,642
643,Q25 - Q50,1,0,Accesible,1 a 2 veces por semana,Portugal,Lionel Messi; Cristiano Ronaldo,No,Familia,643,643,643,643
644,Q51 - Q100,2,1,Economico,1 a 2 veces por semana,Francia,Cristiano Ronaldo,Sí,Familia,644,644,644,644
645,Q51 - Q100,1,1,Moderado,Varias veces al mes,Francia,Lamine Yamal,Sí,Familia,645,645,645,645
646,Menos de Q25,2,1,Accesible,Varias veces al mes,España,Lionel Messi,Sí,Familia,646,646,646,646
647,Q101 - Q150,2,1,Moderado,3 a 5 veces por semana,Portugal,Christian Pulisic,Sí,Familia,647,647,647,647
648,Q51 - Q100,1,0,Moderado,Todos los días,Alemania,Kylian Mbappé; Vinícius Júnior,Sí,Amigos,648,648,648,648
649,Q51 - Q100,3,1,Moderado,Rara vez,Alemania,Lionel Messi; Alphonso Davies,Sí,Familia,649,649,649,649
650,Más de Q150,1,0,Premium,1 a 2 veces por semana,Portugal,Lionel Messi; Kylian Mbappé; Jude Bellingham,Sí,Otro,650,650,650,650
651,Q101 - Q150,1,0,Moderado,3 a 5 veces por semana,Argentina,Kylian Mbappé; Cristiano Ronaldo,Sí,Amigos,651,651,651,651
652,Q25 - Q50,3,1,Accesible,Rara vez,Ghana,Ninguno; Federico Valverde; Neymar Jr.,No,Solo,652,652,652,652
653,Q101 - Q150,1,1,Accesible,Todos los días,Brasil,Harry Kane; Federico Valverde; Kylian Mbappé,Sí,Amigos,653,653,653,653
654,Q51 - Q100,2,0,Moderado,1 a 2 veces por semana,España,Harry Kane; Cristiano Ronaldo,No,Amigos,654,654,654,654
655,Menos de Q25,2,0,Accesible,1 a 2 veces por semana,Inglaterra,Julián Álvarez; Neymar Jr.,Sí,Familia,655,655,655,655
656,Q51 - Q100,3,1,Moderado,Todos los días,México,Lionel Messi,Sí,Familia,656,656,656,656
657,Q25 - Q50,2,0,Moderado,1 a 2 veces por semana,Uzbekistán,Kylian Mbappé; Lionel Messi; Lamine Yamal,Sí,Familia,657,657,657,657
658,Q51 - Q100,3,0,Moderado,3 a 5 veces por semana,España,Lionel Messi,Sí,Familia,658,658,658,658
659,Menos de Q25,1,1,Accesible,Todos los días,Portugal,Kylian Mbappé; Julián Álvarez,Sí,Familia,659,659,659,659
660,Más de Q150,3,0,Super Premium,1 a 2 veces por semana,Francia,Rodri; Cristiano Ronaldo,Sí,Familia,660,660,660,660
661,Q51 - Q100,2,1,Economico,3 a 5 veces por semana,México,Kylian Mbappé; Vinícius Júnior; Cristiano Ronaldo,Sí,Familia,661,661,661,661
662,Más de Q150,3,1,Premium,Rara vez,Inglaterra,Jude Bellingham,Sí,Amigos,662,662,662,662
663,Q51 - Q100,1,1,Premium,Varias veces al mes,Uruguay,Neymar Jr.,Sí,Amigos,663,663,663,663
664,Q25 - Q50,3,1,Economico,Varias veces al mes,Colombia,Alphonso Davies; Neymar Jr.; Julián Álvarez,Sí,Amigos,664,664,664,664
665,Q25 - Q50,2,1,Accesible,Todos los días,Brasil,Cristiano Ronaldo; Jude Bellingham,Sí,Familia,665,665,665,665
666,Q25 - Q50,2,1,Premium,Todos los días,Portugal,Lionel Messi,Sí,Solo,666,666,666,666
667,Q101 - Q150,3,1,Premium,Todos los días,Curaçao,Ninguno,Sí,Familia,667,667,667,667
668,Q51 - Q100,1,1,Premium,3 a 5 veces por semana,España,Federico Valverde; Cristiano Ronaldo,Sí,Compañeros de trabajo,668,668,668,668
669,Q101 - Q150,2,1,Moderado,1 a 2 veces por semana,Argentina,Kylian Mbappé; Julián Álvarez,Sí,Amigos,669,669,669,669
670,Q25 - Q50,3,1,Moderado,1 a 2 veces por semana,México,Lamine Yamal,Sí,Otro,670,670,670,670
671,Q51 - Q100,1,1,Premium,Todos los días,Brasil,Rodri; Federico Valverde; Neymar Jr.,Sí,Solo,671,671,671,671
672,Q51 - Q100,3,0,Accesible,Todos los días,Argentina,Rodri; Jude Bellingham,Sí,Amigos,672,672,672,672
673,Q25 - Q50,1,1,Economico,Varias veces al mes,Francia,Neymar Jr.,Sí,Compañeros de trabajo,673,673,673,673
674,Menos de Q25,2,0,Accesible,1 a 2 veces por semana,Alemania,Ninguno,No,Familia,674,674,674,674
675,Q101 - Q150,1,1,Super Premium,3 a 5 veces por semana,Argentina,Lamine Yamal; Lionel Messi; Cristiano Ronaldo,Sí,Otro,675,675,675,675
676,Menos de Q25,2,0,Accesible,3 a 5 veces por semana,España,Lionel Messi; Cristiano Ronaldo,Sí,Familia,676,676,676,676
677,Q25 - Q50,1,1,Accesible,Varias veces al mes,Argentina,Cristiano Ronaldo; Jude Bellingham,Sí,Solo,677,677,677,677
678,Q25 - Q50,2,1,Moderado,3 a 5 veces por semana,Inglaterra,Christian Pulisic,Sí,Familia,678,678,678,678
679,Q51 - Q100,1,1,Accesible,1 a 2 veces por semana,Portugal,Cristiano Ronaldo; Vinícius Júnior,Sí,Amigos,679,679,679,679
680,Q25 - Q50,1,0,Premium,3 a 5 veces por semana,Francia,Rodri; Federico Valverde; Lionel Messi,Sí,Familia,680,680,680,680
681,Q101 - Q150,3,0,Moderado,3 a 5 veces por semana,España,Neymar Jr.; Lionel Messi,Sí,Familia,681,681,681,681
682,Menos de Q25,1,1,Moderado,Todos los días,Portugal,Ninguno,Sí,Amigos,682,682,682,682
683,Q25 - Q50,3,1,Premium,3 a 5 veces por semana,Inglaterra,Neymar Jr.; Lionel Messi,Sí,Amigos,683,683,683,683
684,Q25 - Q50,3,0,Accesible,3 a 5 veces por semana,Argentina,Kylian Mbappé,Sí,Familia,684,684,684,684
685,Q51 - Q100,2,0,Premium,1 a 2 veces por semana,Portugal,Lamine Yamal,Sí,Otro,685,685,685,685
686,Q25 - Q50,2,1,Moderado,Todos los días,México,Cristiano Ronaldo; Vinícius Júnior; Neymar Jr.,Sí,Familia,686,686,686,686
687,Más de Q150,1,1,Accesible,1 a 2 veces por semana,México,Lamine Yamal,No,Otro,687,687,687,687
688,Menos de Q25,2,1,Accesible,1 a 2 veces por semana,México,Christian Pulisic; Jude Bellingham,Sí,Amigos,688,688,688,688
689,Menos de Q25,1,1,Premium,1 a 2 veces por semana,Francia,Neymar Jr.,Sí,Familia,689,689,689,689
1961,Q25 - Q50,2,1,Premium,Varias veces al mes,Brasil,Julián Álvarez,No,Otro,1961,1961,1961,1961
691,Q101 - Q150,2,1,Accesible,1 a 2 veces por semana,Argentina,Lionel Messi; Christian Pulisic; Lamine Yamal,Sí,Familia,691,691,691,691
692,Q101 - Q150,1,0,Accesible,3 a 5 veces por semana,Estados Unidos,Lamine Yamal; Kylian Mbappé,Sí,Amigos,692,692,692,692
693,Menos de Q25,2,0,Moderado,Varias veces al mes,Argentina,Kylian Mbappé,Sí,Amigos,693,693,693,693
694,Q25 - Q50,1,0,Premium,1 a 2 veces por semana,Argentina,Kylian Mbappé; Vinícius Júnior; Harry Kane,Sí,Amigos,694,694,694,694
695,Q25 - Q50,3,0,Premium,3 a 5 veces por semana,Francia,Cristiano Ronaldo; Vinícius Júnior,Sí,Amigos,695,695,695,695
696,Menos de Q25,1,1,Moderado,1 a 2 veces por semana,España,Cristiano Ronaldo,Sí,Familia,696,696,696,696
697,Q101 - Q150,1,0,Accesible,3 a 5 veces por semana,Argentina,Neymar Jr.; Lionel Messi,Sí,Familia,697,697,697,697
698,Q25 - Q50,1,0,Premium,Todos los días,PORTUGAL,Cristiano Ronaldo; Kylian Mbappé,Sí,Amigos,698,698,698,698
699,Q51 - Q100,2,1,Accesible,Todos los días,Croacia,Julián Álvarez; Lionel Messi,Sí,Amigos,699,699,699,699
700,Menos de Q25,2,0,Moderado,1 a 2 veces por semana,México,Lionel Messi,No,Otro,700,700,700,700
701,Q25 - Q50,1,1,Moderado,3 a 5 veces por semana,México,Harry Kane,Sí,Familia,701,701,701,701
702,Q25 - Q50,3,1,Accesible,1 a 2 veces por semana,Argentina,Cristiano Ronaldo,Sí,Amigos,702,702,702,702
703,Q101 - Q150,1,0,Accesible,3 a 5 veces por semana,México,Christian Pulisic; Vinícius Júnior,Sí,Solo,703,703,703,703
704,Q25 - Q50,2,1,Accesible,1 a 2 veces por semana,Alemania,Cristiano Ronaldo,Sí,Compañeros de trabajo,704,704,704,704
705,Q101 - Q150,3,0,Accesible,1 a 2 veces por semana,Egipto,Julián Álvarez; Kylian Mbappé; Lionel Messi,No,Familia,705,705,705,705
706,Menos de Q25,1,1,Premium,Varias veces al mes,Argentina,Lionel Messi; Neymar Jr.,Sí,Familia,706,706,706,706
707,Más de Q150,3,1,Premium,3 a 5 veces por semana,Japón,Cristiano Ronaldo,No,Amigos,707,707,707,707
708,Q25 - Q50,3,0,Moderado,Varias veces al mes,México,Kylian Mbappé; Lamine Yamal,Sí,Familia,708,708,708,708
709,Q51 - Q100,2,0,Economico,Varias veces al mes,Argentina,Cristiano Ronaldo; Jude Bellingham,Sí,Solo,709,709,709,709
710,Q25 - Q50,3,1,Premium,3 a 5 veces por semana,Argentina,Kylian Mbappé; Neymar Jr.,Sí,Amigos,710,710,710,710
711,Q51 - Q100,2,0,Premium,3 a 5 veces por semana,Portugal,Christian Pulisic,Sí,Amigos,711,711,711,711
712,Q25 - Q50,2,0,Economico,Varias veces al mes,Argentina,Lamine Yamal,Sí,Familia,712,712,712,712
713,Q101 - Q150,3,1,Moderado,3 a 5 veces por semana,Brasil,Harry Kane; Rodri; Vinícius Júnior,Sí,Amigos,713,713,713,713
714,Q25 - Q50,1,1,Premium,1 a 2 veces por semana,España,Kylian Mbappé,Sí,Amigos,714,714,714,714
715,Q51 - Q100,1,1,Moderado,1 a 2 veces por semana,Brasil,Neymar Jr.,No,Familia,715,715,715,715
716,Q25 - Q50,1,1,Premium,3 a 5 veces por semana,España,Lionel Messi; Cristiano Ronaldo; Alphonso Davies,Sí,Compañeros de trabajo,716,716,716,716
717,Más de Q150,1,1,Accesible,Todos los días,Brasil,Jude Bellingham,Sí,Amigos,717,717,717,717
718,Q51 - Q100,2,1,Premium,3 a 5 veces por semana,Argentina,Alphonso Davies; Neymar Jr.,Sí,Solo,718,718,718,718
719,Q101 - Q150,2,1,Moderado,1 a 2 veces por semana,Colombia,Lamine Yamal; Jude Bellingham; Neymar Jr.,No,Familia,719,719,719,719
720,Q51 - Q100,1,0,Moderado,3 a 5 veces por semana,España,Neymar Jr.; Lionel Messi; Harry Kane,Sí,Amigos,720,720,720,720
721,Menos de Q25,2,0,Moderado,Varias veces al mes,Brasil,Cristiano Ronaldo; Rodri,Sí,Familia,721,721,721,721
722,Menos de Q25,3,1,Premium,1 a 2 veces por semana,Brasil,Cristiano Ronaldo,Sí,Amigos,722,722,722,722
723,Q101 - Q150,2,1,Accesible,Varias veces al mes,Brasil,Alphonso Davies; Lionel Messi; Kylian Mbappé,Sí,Familia,723,723,723,723
724,Q25 - Q50,3,1,Premium,3 a 5 veces por semana,Argentina,Lionel Messi; Lamine Yamal; Cristiano Ronaldo,Sí,Familia,724,724,724,724
725,Menos de Q25,2,1,Super Premium,Rara vez,Portugal,Vinícius Júnior; Cristiano Ronaldo; Alphonso Davies,Sí,Familia,725,725,725,725
726,Q25 - Q50,3,0,Accesible,3 a 5 veces por semana,Argentina,Jude Bellingham; Harry Kane,Sí,Familia,726,726,726,726
727,Q101 - Q150,3,1,Accesible,Todos los días,Portugal,Julián Álvarez; Neymar Jr.,Sí,Familia,727,727,727,727
728,Q25 - Q50,2,0,Economico,3 a 5 veces por semana,Estados Unidos,Harry Kane; Neymar Jr.,Sí,Familia,728,728,728,728
729,Más de Q150,3,1,Moderado,3 a 5 veces por semana,Brasil,Julián Álvarez; Kylian Mbappé; Neymar Jr.,Sí,Familia,729,729,729,729
730,Q101 - Q150,3,0,Economico,Todos los días,Brasil,Neymar Jr.,Sí,Familia,730,730,730,730
731,Q25 - Q50,2,1,Super Premium,3 a 5 veces por semana,Francia,Lionel Messi,Sí,Amigos,731,731,731,731
732,Q51 - Q100,1,1,Accesible,3 a 5 veces por semana,Brasil,Lionel Messi; Neymar Jr.,Sí,Amigos,732,732,732,732
733,Q51 - Q100,2,1,Accesible,1 a 2 veces por semana,Portugal,Jude Bellingham; Vinícius Júnior; Cristiano Ronaldo,Sí,Familia,733,733,733,733
734,Menos de Q25,3,0,Moderado,1 a 2 veces por semana,España,Neymar Jr.; Lionel Messi; Kylian Mbappé,Sí,Amigos,734,734,734,734
735,Q25 - Q50,3,1,Moderado,3 a 5 veces por semana,Argentina,Alphonso Davies,Sí,Familia,735,735,735,735
736,Q51 - Q100,3,0,Accesible,3 a 5 veces por semana,ARGENTINA,Neymar Jr.; Lamine Yamal,Sí,Compañeros de trabajo,736,736,736,736
737,Menos de Q25,3,0,Economico,3 a 5 veces por semana,España,Kylian Mbappé; Neymar Jr.; Jude Bellingham,Sí,Familia,737,737,737,737
738,Q25 - Q50,3,1,Economico,1 a 2 veces por semana,Brasil,Neymar Jr.,Sí,Amigos,738,738,738,738
739,Q51 - Q100,1,0,Moderado,Todos los días,Brasil,Cristiano Ronaldo,Sí,Familia,739,739,739,739
740,Q25 - Q50,3,0,Super Premium,3 a 5 veces por semana,España,Christian Pulisic; Lionel Messi,No,Otro,740,740,740,740
741,Más de Q150,3,1,Moderado,Varias veces al mes,Argentina,Lamine Yamal; Neymar Jr.; Vinícius Júnior,Sí,Amigos,741,741,741,741
742,Menos de Q25,2,1,Accesible,Todos los días,Alemania,Cristiano Ronaldo,Sí,Familia,742,742,742,742
743,Q25 - Q50,1,1,Accesible,1 a 2 veces por semana,Argentina,Lionel Messi; Rodri; Neymar Jr.,Sí,Solo,743,743,743,743
744,Q51 - Q100,3,1,Moderado,3 a 5 veces por semana,Brasil,Kylian Mbappé; Neymar Jr.,Sí,Compañeros de trabajo,744,744,744,744
745,Q25 - Q50,3,1,Moderado,1 a 2 veces por semana,Colombia,Cristiano Ronaldo; Harry Kane; Kylian Mbappé,Sí,Solo,745,745,745,745
746,Q25 - Q50,3,0,Moderado,Varias veces al mes,Brasil,Harry Kane,Sí,Amigos,746,746,746,746
747,Q101 - Q150,1,0,Moderado,3 a 5 veces por semana,Ghana,Rodri,Sí,Familia,747,747,747,747
748,Q25 - Q50,2,1,Moderado,1 a 2 veces por semana,Estados Unidos,Vinícius Júnior,No,Amigos,748,748,748,748
749,Q51 - Q100,3,1,Premium,3 a 5 veces por semana,Paraguay,Lamine Yamal; Vinícius Júnior,Sí,Familia,749,749,749,749
750,Más de Q150,2,1,Moderado,Varias veces al mes,España,Lionel Messi,Sí,Familia,750,750,750,750
751,Q25 - Q50,2,1,Moderado,Rara vez,Argentina,Jude Bellingham; Lionel Messi; Neymar Jr.,Sí,Compañeros de trabajo,751,751,751,751
752,Q51 - Q100,2,1,Moderado,3 a 5 veces por semana,Uruguay,Neymar Jr.,Sí,Compañeros de trabajo,752,752,752,752
753,Q101 - Q150,2,0,Moderado,Todos los días,Francia,Lionel Messi,Sí,Amigos,753,753,753,753
754,Q25 - Q50,2,0,Moderado,3 a 5 veces por semana,España,Julián Álvarez; Neymar Jr.; Vinícius Júnior,Sí,Amigos,754,754,754,754
755,Q51 - Q100,3,1,Moderado,1 a 2 veces por semana,España,Lionel Messi,Sí,Familia,755,755,755,755
756,Q25 - Q50,1,0,Super Premium,1 a 2 veces por semana,Argentina,Cristiano Ronaldo,Sí,Solo,756,756,756,756
757,Menos de Q25,3,0,Premium,3 a 5 veces por semana,Brasil,Neymar Jr.; Cristiano Ronaldo; Kylian Mbappé,Sí,Familia,757,757,757,757
758,Q25 - Q50,2,1,Accesible,Varias veces al mes,Inglaterra,Neymar Jr.,Sí,Familia,758,758,758,758
759,Más de Q150,3,0,Moderado,Varias veces al mes,México,Rodri; Cristiano Ronaldo,Sí,Amigos,759,759,759,759
760,Menos de Q25,3,1,Moderado,3 a 5 veces por semana,Brasil,Federico Valverde,Sí,Familia,760,760,760,760
761,Q25 - Q50,1,0,Premium,1 a 2 veces por semana,España,Julián Álvarez; Lionel Messi; Neymar Jr.,Sí,Compañeros de trabajo,761,761,761,761
762,Q101 - Q150,3,1,Super Premium,Todos los días,Argentina,Ninguno; Lamine Yamal,Sí,Amigos,762,762,762,762
763,Q25 - Q50,3,1,Accesible,1 a 2 veces por semana,Francia,Lionel Messi; Harry Kane,Sí,Amigos,763,763,763,763
764,Q25 - Q50,2,1,Accesible,Todos los días,Estados Unidos,Lionel Messi; Vinícius Júnior; Cristiano Ronaldo,Sí,Amigos,764,764,764,764
765,Más de Q150,1,1,Moderado,1 a 2 veces por semana,Brasil,Kylian Mbappé; Federico Valverde,Sí,Familia,765,765,765,765
766,Q25 - Q50,1,1,Moderado,Varias veces al mes,Estados Unidos,Lamine Yamal,Sí,Amigos,766,766,766,766
767,Q101 - Q150,2,0,Moderado,Varias veces al mes,Francia,Kylian Mbappé; Cristiano Ronaldo; Jude Bellingham,Sí,Compañeros de trabajo,767,767,767,767
768,Q51 - Q100,1,1,Super Premium,1 a 2 veces por semana,Paraguay,Kylian Mbappé; Cristiano Ronaldo,No,Familia,768,768,768,768
769,Más de Q150,3,1,Accesible,3 a 5 veces por semana,Portugal,Cristiano Ronaldo,Sí,Compañeros de trabajo,769,769,769,769
770,Q25 - Q50,3,0,Premium,1 a 2 veces por semana,Argentina,Rodri,Sí,Amigos,770,770,770,770
771,Q101 - Q150,3,0,Premium,3 a 5 veces por semana,Brasil,Lionel Messi,Sí,Familia,771,771,771,771
772,Menos de Q25,1,1,Economico,3 a 5 veces por semana,Jordania,Lionel Messi; Christian Pulisic; Kylian Mbappé,Sí,Familia,772,772,772,772
773,Q25 - Q50,1,1,Moderado,Todos los días,Brasil,Neymar Jr.,Sí,Amigos,773,773,773,773
774,Q25 - Q50,3,1,Moderado,1 a 2 veces por semana,Inglaterra,Neymar Jr.,Sí,Amigos,774,774,774,774
775,Menos de Q25,1,1,Premium,3 a 5 veces por semana,México,Kylian Mbappé,Sí,Compañeros de trabajo,775,775,775,775
776,Q25 - Q50,3,1,Premium,Todos los días,Brasil,Neymar Jr.; Lionel Messi; Kylian Mbappé,Sí,Amigos,776,776,776,776
777,Q51 - Q100,1,1,Accesible,Rara vez,Jordania,Neymar Jr.; Jude Bellingham,Sí,Familia,777,777,777,777
778,Q51 - Q100,2,1,Economico,Rara vez,Francia,Kylian Mbappé; Neymar Jr.; Federico Valverde,No,Familia,778,778,778,778
779,Q25 - Q50,3,0,Accesible,1 a 2 veces por semana,Portugal,Lionel Messi; Vinícius Júnior; Alphonso Davies,Sí,Compañeros de trabajo,779,779,779,779
780,Menos de Q25,3,0,Economico,Todos los días,Argentina,Cristiano Ronaldo,Sí,Otro,780,780,780,780
781,Q25 - Q50,2,1,Moderado,3 a 5 veces por semana,México,Neymar Jr.,Sí,Amigos,781,781,781,781
782,Q51 - Q100,1,0,Accesible,1 a 2 veces por semana,FRANCIA,Lionel Messi; Jude Bellingham; Vinícius Júnior,Sí,Amigos,782,782,782,782
783,Q25 - Q50,2,1,Accesible,Todos los días,Brasil,Neymar Jr.,Sí,Solo,783,783,783,783
784,Q25 - Q50,2,1,Economico,1 a 2 veces por semana,Francia,Kylian Mbappé; Neymar Jr.; Vinícius Júnior,Sí,Familia,784,784,784,784
785,Menos de Q25,1,0,Moderado,1 a 2 veces por semana,BRASIL,Harry Kane; Jude Bellingham,Sí,Amigos,785,785,785,785
786,Q25 - Q50,3,1,Moderado,Todos los días,Brasil,Lionel Messi; Alphonso Davies; Cristiano Ronaldo,Sí,Familia,786,786,786,786
787,Q25 - Q50,1,0,Moderado,3 a 5 veces por semana,Argentina,Christian Pulisic; Cristiano Ronaldo,Sí,Amigos,787,787,787,787
788,Q25 - Q50,3,1,Premium,1 a 2 veces por semana,Inglaterra,Neymar Jr.; Alphonso Davies; Lionel Messi,Sí,Solo,788,788,788,788
789,Más de Q150,3,0,Super Premium,Todos los días,Portugal,Harry Kane,Sí,Compañeros de trabajo,789,789,789,789
790,Q51 - Q100,2,0,Premium,3 a 5 veces por semana,Colombia,Harry Kane,Sí,Familia,790,790,790,790
791,Q25 - Q50,2,1,Accesible,Todos los días,México,Cristiano Ronaldo; Ninguno,Sí,Familia,791,791,791,791
792,Q51 - Q100,2,1,Premium,1 a 2 veces por semana,Alemania,Lionel Messi,Sí,Compañeros de trabajo,792,792,792,792
793,Q25 - Q50,3,0,Premium,Todos los días,México,Julián Álvarez; Lamine Yamal,No,Familia,793,793,793,793
794,Menos de Q25,2,1,Premium,3 a 5 veces por semana,Portugal,Kylian Mbappé; Ninguno,Sí,Amigos,794,794,794,794
795,Q25 - Q50,1,0,Accesible,1 a 2 veces por semana,Francia,Cristiano Ronaldo; Neymar Jr.; Lamine Yamal,No,Solo,795,795,795,795
796,Q51 - Q100,1,1,Accesible,1 a 2 veces por semana,México,Neymar Jr.; Lamine Yamal,No,Compañeros de trabajo,796,796,796,796
797,Q51 - Q100,1,1,Moderado,3 a 5 veces por semana,Canadá,Kylian Mbappé,No,Amigos,797,797,797,797
798,Q101 - Q150,2,1,Economico,1 a 2 veces por semana,México,Julián Álvarez,Sí,Compañeros de trabajo,798,798,798,798
799,Q25 - Q50,1,1,Super Premium,3 a 5 veces por semana,Portugal,Lamine Yamal,Sí,Amigos,799,799,799,799
800,Menos de Q25,2,1,Economico,Todos los días,Brasil,Jude Bellingham; Lionel Messi,Sí,Familia,800,800,800,800
801,Q51 - Q100,3,1,Premium,Varias veces al mes,México,Kylian Mbappé; Alphonso Davies; Rodri,Sí,Compañeros de trabajo,801,801,801,801
802,Más de Q150,3,1,Moderado,Varias veces al mes,Estados Unidos,Lionel Messi; Jude Bellingham,Sí,Amigos,802,802,802,802
803,Menos de Q25,2,0,Accesible,Todos los días,Argentina,Julián Álvarez,Sí,Amigos,803,803,803,803
804,Q51 - Q100,1,1,Moderado,3 a 5 veces por semana,Francia,Neymar Jr.; Cristiano Ronaldo,Sí,Familia,804,804,804,804
805,Q51 - Q100,1,1,Premium,1 a 2 veces por semana,México,Kylian Mbappé; Alphonso Davies,Sí,Familia,805,805,805,805
806,Q25 - Q50,3,1,Moderado,Todos los días,Argentina,Cristiano Ronaldo; Kylian Mbappé; Neymar Jr.,Sí,Familia,806,806,806,806
807,Menos de Q25,3,1,Accesible,3 a 5 veces por semana,Brasil,Lionel Messi,Sí,Amigos,807,807,807,807
808,Más de Q150,1,0,Accesible,Todos los días,Brasil,Lionel Messi,No,Solo,808,808,808,808
809,Q51 - Q100,2,1,Moderado,Rara vez,Uruguay,Jude Bellingham; Kylian Mbappé; Lionel Messi,Sí,Otro,809,809,809,809
810,Q25 - Q50,2,0,Super Premium,1 a 2 veces por semana,Irán,Christian Pulisic; Vinícius Júnior; Neymar Jr.,Sí,Amigos,810,810,810,810
811,Q25 - Q50,2,1,Premium,3 a 5 veces por semana,México,Alphonso Davies; Vinícius Júnior; Rodri,Sí,Familia,811,811,811,811
812,Menos de Q25,3,0,Accesible,3 a 5 veces por semana,Brasil,Cristiano Ronaldo,Sí,Otro,812,812,812,812
813,Q25 - Q50,2,1,Premium,Todos los días,México,Cristiano Ronaldo; Vinícius Júnior,Sí,Amigos,813,813,813,813
814,Menos de Q25,3,1,Premium,1 a 2 veces por semana,TÜRKIYE,Cristiano Ronaldo,Sí,Compañeros de trabajo,814,814,814,814
815,Q25 - Q50,1,1,Moderado,3 a 5 veces por semana,México,Cristiano Ronaldo; Lionel Messi; Christian Pulisic,Sí,Amigos,815,815,815,815
816,Q101 - Q150,2,1,Moderado,1 a 2 veces por semana,Brasil,Vinícius Júnior; Cristiano Ronaldo,Sí,Familia,816,816,816,816
817,Q51 - Q100,3,1,Accesible,1 a 2 veces por semana,México,Lionel Messi,Sí,Amigos,817,817,817,817
818,Q25 - Q50,3,0,Moderado,1 a 2 veces por semana,Estados Unidos,Jude Bellingham,Sí,Amigos,818,818,818,818
819,Q25 - Q50,3,1,Moderado,Varias veces al mes,Portugal,Cristiano Ronaldo,Sí,Amigos,819,819,819,819
820,Q101 - Q150,1,0,Moderado,3 a 5 veces por semana,Francia,Lamine Yamal,Sí,Solo,820,820,820,820
821,Q25 - Q50,1,0,Accesible,Todos los días,Portugal,Vinícius Júnior; Lionel Messi; Neymar Jr.,Sí,Amigos,821,821,821,821
822,Q25 - Q50,3,1,Moderado,Varias veces al mes,Suecia,Lionel Messi; Rodri; Jude Bellingham,Sí,Amigos,822,822,822,822
823,Q51 - Q100,1,0,Moderado,Varias veces al mes,Argentina,Federico Valverde; Neymar Jr.,Sí,Otro,823,823,823,823
824,Q25 - Q50,1,1,Moderado,Todos los días,Francia,Cristiano Ronaldo; Christian Pulisic; Lionel Messi,Sí,Familia,824,824,824,824
825,Menos de Q25,1,1,Premium,Rara vez,España,Christian Pulisic; Julián Álvarez,Sí,Amigos,825,825,825,825
826,Q51 - Q100,1,1,Premium,3 a 5 veces por semana,Francia,Neymar Jr.; Federico Valverde,Sí,Amigos,826,826,826,826
827,Menos de Q25,2,0,Accesible,1 a 2 veces por semana,Francia,Lionel Messi,Sí,Amigos,827,827,827,827
828,Menos de Q25,3,1,Accesible,3 a 5 veces por semana,Argentina,Julián Álvarez,Sí,Familia,828,828,828,828
829,Q25 - Q50,1,1,Super Premium,3 a 5 veces por semana,Portugal,Lionel Messi,Sí,Solo,829,829,829,829
830,Q101 - Q150,3,1,Accesible,Varias veces al mes,España,Christian Pulisic; Lionel Messi,Sí,Solo,830,830,830,830
831,Q101 - Q150,2,1,Accesible,3 a 5 veces por semana,México,Federico Valverde; Lamine Yamal; Kylian Mbappé,Sí,Familia,831,831,831,831
832,Menos de Q25,2,0,Premium,1 a 2 veces por semana,Uruguay,Vinícius Júnior,Sí,Compañeros de trabajo,832,832,832,832
833,Q51 - Q100,3,1,Moderado,3 a 5 veces por semana,Haití,Lionel Messi; Neymar Jr.,Sí,Familia,833,833,833,833
834,Q25 - Q50,3,1,Economico,3 a 5 veces por semana,Argentina,Neymar Jr.,Sí,Familia,834,834,834,834
835,Menos de Q25,2,1,Accesible,1 a 2 veces por semana,México,Lionel Messi; Vinícius Júnior; Neymar Jr.,Sí,Familia,835,835,835,835
836,Q25 - Q50,2,1,Accesible,Todos los días,Estados Unidos,Lamine Yamal; Vinícius Júnior,Sí,Familia,836,836,836,836
837,Q25 - Q50,3,1,Moderado,Varias veces al mes,España,Jude Bellingham; Lionel Messi,Sí,Familia,837,837,837,837
838,Q51 - Q100,2,1,Accesible,Todos los días,Brasil,Neymar Jr.,Sí,Amigos,838,838,838,838
839,Q51 - Q100,3,1,Economico,3 a 5 veces por semana,Brasil,Cristiano Ronaldo; Federico Valverde; Lamine Yamal,Sí,Familia,839,839,839,839
840,Q25 - Q50,3,0,Moderado,1 a 2 veces por semana,Francia,Lionel Messi; Cristiano Ronaldo; Jude Bellingham,Sí,Otro,840,840,840,840
841,Q101 - Q150,3,0,Premium,1 a 2 veces por semana,Portugal,Federico Valverde,Sí,Amigos,841,841,841,841
842,Menos de Q25,1,0,Accesible,1 a 2 veces por semana,España,Lamine Yamal; Cristiano Ronaldo,Sí,Otro,842,842,842,842
843,Q101 - Q150,1,1,Premium,Varias veces al mes,Bosnia y Herzegovina,Vinícius Júnior; Cristiano Ronaldo,Sí,Amigos,843,843,843,843
844,Q101 - Q150,2,0,Moderado,3 a 5 veces por semana,Inglaterra,Cristiano Ronaldo; Kylian Mbappé; Harry Kane,Sí,Familia,844,844,844,844
845,Q25 - Q50,2,0,Premium,Todos los días,España,Neymar Jr.; Lionel Messi,Sí,Amigos,845,845,845,845
846,Q51 - Q100,1,1,Moderado,3 a 5 veces por semana,Portugal,Cristiano Ronaldo; Lionel Messi,Sí,Amigos,846,846,846,846
847,Q101 - Q150,1,1,Moderado,1 a 2 veces por semana,Alemania,Lionel Messi; Lamine Yamal,Sí,Familia,847,847,847,847
848,Menos de Q25,2,0,Moderado,Todos los días,Colombia,Neymar Jr.; Julián Álvarez; Lionel Messi,Sí,Amigos,848,848,848,848
849,Q25 - Q50,1,0,Accesible,3 a 5 veces por semana,Argentina,Cristiano Ronaldo; Kylian Mbappé,Sí,Familia,849,849,849,849
850,Q25 - Q50,3,0,Accesible,1 a 2 veces por semana,Portugal,Vinícius Júnior,Sí,Amigos,850,850,850,850
851,Q51 - Q100,2,1,Economico,3 a 5 veces por semana,México,Cristiano Ronaldo; Jude Bellingham,Sí,Amigos,851,851,851,851
852,Q25 - Q50,3,0,Accesible,Todos los días,Croacia,Cristiano Ronaldo,Sí,Solo,852,852,852,852
853,Menos de Q25,3,1,Economico,Varias veces al mes,Francia,Neymar Jr.; Kylian Mbappé; Federico Valverde,Sí,Familia,853,853,853,853
854,Más de Q150,2,1,Premium,3 a 5 veces por semana,Argentina,Lionel Messi; Kylian Mbappé; Julián Álvarez,Sí,Compañeros de trabajo,854,854,854,854
855,Q25 - Q50,1,1,Super Premium,3 a 5 veces por semana,Francia,Neymar Jr.,Sí,Familia,855,855,855,855
856,Q51 - Q100,3,1,Moderado,1 a 2 veces por semana,Portugal,Cristiano Ronaldo; Christian Pulisic; Vinícius Júnior,Sí,Amigos,856,856,856,856
857,Q51 - Q100,3,1,Premium,1 a 2 veces por semana,Brasil,Julián Álvarez; Lamine Yamal; Jude Bellingham,Sí,Amigos,857,857,857,857
858,Menos de Q25,2,0,Premium,Todos los días,Argentina,Cristiano Ronaldo,Sí,Familia,858,858,858,858
859,Q51 - Q100,1,1,Moderado,Rara vez,Brasil,Lionel Messi; Kylian Mbappé,Sí,Familia,859,859,859,859
860,Q51 - Q100,1,0,Accesible,3 a 5 veces por semana,Argentina,Lamine Yamal,Sí,Amigos,860,860,860,860
861,Q25 - Q50,3,1,Accesible,3 a 5 veces por semana,Nueva Zelanda,Jude Bellingham; Rodri; Cristiano Ronaldo,Sí,Solo,861,861,861,861
862,Q25 - Q50,2,1,Moderado,1 a 2 veces por semana,México,Rodri; Neymar Jr.,No,Amigos,862,862,862,862
863,Más de Q150,3,0,Premium,3 a 5 veces por semana,Canadá,Lionel Messi,No,Amigos,863,863,863,863
864,Q25 - Q50,3,0,Accesible,Varias veces al mes,México,Kylian Mbappé; Neymar Jr.; Vinícius Júnior,Sí,Familia,864,864,864,864
865,Q25 - Q50,1,0,Super Premium,Rara vez,Portugal,Vinícius Júnior; Cristiano Ronaldo; Neymar Jr.,Sí,Compañeros de trabajo,865,865,865,865
866,Q51 - Q100,1,1,Premium,Varias veces al mes,Francia,Lionel Messi,Sí,Familia,866,866,866,866
867,Q51 - Q100,3,1,Accesible,1 a 2 veces por semana,Uruguay,Lamine Yamal,No,Familia,867,867,867,867
868,Q25 - Q50,1,0,Accesible,1 a 2 veces por semana,Marruecos,Lionel Messi; Kylian Mbappé; Jude Bellingham,Sí,Familia,868,868,868,868
869,Q101 - Q150,3,0,Premium,Varias veces al mes,Brasil,Lionel Messi; Cristiano Ronaldo,Sí,Amigos,869,869,869,869
870,Q101 - Q150,2,1,Premium,3 a 5 veces por semana,Colombia,Kylian Mbappé,Sí,Amigos,870,870,870,870
871,Q51 - Q100,1,1,Moderado,3 a 5 veces por semana,Senegal,Kylian Mbappé,No,Amigos,871,871,871,871
872,Menos de Q25,2,0,Moderado,1 a 2 veces por semana,Uruguay,Neymar Jr.; Ninguno,Sí,Familia,872,872,872,872
873,Menos de Q25,2,1,Super Premium,3 a 5 veces por semana,Portugal,Vinícius Júnior,Sí,Amigos,873,873,873,873
874,Q101 - Q150,3,1,Accesible,Varias veces al mes,México,Vinícius Júnior,No,Amigos,874,874,874,874
875,Más de Q150,3,1,Moderado,3 a 5 veces por semana,México,Jude Bellingham; Lionel Messi,Sí,Solo,875,875,875,875
876,Q101 - Q150,2,1,Moderado,3 a 5 veces por semana,Estados Unidos,Lionel Messi,Sí,Amigos,876,876,876,876
877,Menos de Q25,3,0,Moderado,Todos los días,Brasil,Cristiano Ronaldo; Neymar Jr.,Sí,Amigos,877,877,877,877
878,Q25 - Q50,2,1,Economico,3 a 5 veces por semana,Argentina,Kylian Mbappé; Lamine Yamal,Sí,Familia,878,878,878,878
879,Q51 - Q100,2,0,Accesible,1 a 2 veces por semana,Uruguay,Harry Kane,Sí,Compañeros de trabajo,879,879,879,879
880,Q101 - Q150,1,0,Economico,1 a 2 veces por semana,Brasil,Vinícius Júnior,Sí,Familia,880,880,880,880
881,Menos de Q25,2,0,Super Premium,1 a 2 veces por semana,España,Alphonso Davies; Cristiano Ronaldo,Sí,Otro,881,881,881,881
882,Q25 - Q50,3,0,Super Premium,3 a 5 veces por semana,Argentina,Kylian Mbappé; Rodri; Neymar Jr.,Sí,Familia,882,882,882,882
883,Q101 - Q150,2,1,Premium,Varias veces al mes,España,Neymar Jr.; Cristiano Ronaldo; Federico Valverde,Sí,Familia,883,883,883,883
884,Menos de Q25,3,0,Premium,Todos los días,Croacia,Cristiano Ronaldo; Lionel Messi; Vinícius Júnior,Sí,Amigos,884,884,884,884
885,Q25 - Q50,1,1,Accesible,Varias veces al mes,Brasil,Cristiano Ronaldo; Vinícius Júnior; Neymar Jr.,Sí,Familia,885,885,885,885
886,Q101 - Q150,2,0,Moderado,Todos los días,México,Cristiano Ronaldo; Lamine Yamal; Vinícius Júnior,No,Amigos,886,886,886,886
888,Q25 - Q50,3,1,Moderado,1 a 2 veces por semana,Argentina,Vinícius Júnior; Kylian Mbappé,Sí,Otro,888,888,888,888
889,Q101 - Q150,1,1,Moderado,1 a 2 veces por semana,Uruguay,Lamine Yamal,Sí,Otro,889,889,889,889
890,Q25 - Q50,3,1,Super Premium,Varias veces al mes,México,Lionel Messi; Cristiano Ronaldo; Jude Bellingham,Sí,Familia,890,890,890,890
891,Q25 - Q50,3,0,Accesible,1 a 2 veces por semana,Inglaterra,Julián Álvarez; Vinícius Júnior,Sí,Solo,891,891,891,891
892,Q51 - Q100,2,1,Accesible,Varias veces al mes,Senegal,Alphonso Davies; Lionel Messi,Sí,Amigos,892,892,892,892
893,Q25 - Q50,3,1,Economico,Rara vez,Congo DR,Federico Valverde; Lionel Messi; Cristiano Ronaldo,Sí,Amigos,893,893,893,893
894,Q25 - Q50,2,0,Moderado,1 a 2 veces por semana,Estados Unidos,Lamine Yamal; Neymar Jr.; Lionel Messi,Sí,Amigos,894,894,894,894
895,Q51 - Q100,3,1,Moderado,Todos los días,Francia,Lamine Yamal,Sí,Familia,895,895,895,895
896,Q51 - Q100,2,1,Accesible,1 a 2 veces por semana,Brasil,Jude Bellingham; Lionel Messi; Christian Pulisic,Sí,Familia,896,896,896,896
897,Q101 - Q150,3,0,Moderado,1 a 2 veces por semana,Estados Unidos,Kylian Mbappé,Sí,Familia,897,897,897,897
898,Menos de Q25,3,1,Moderado,3 a 5 veces por semana,Irak,Alphonso Davies; Neymar Jr.,Sí,Amigos,898,898,898,898
899,Más de Q150,3,1,Moderado,3 a 5 veces por semana,Brasil,Lamine Yamal; Cristiano Ronaldo,Sí,Amigos,899,899,899,899
900,Q25 - Q50,2,0,Accesible,1 a 2 veces por semana,Argentina,Lionel Messi; Neymar Jr.; Kylian Mbappé,No,Amigos,900,900,900,900
901,Q25 - Q50,3,1,Moderado,3 a 5 veces por semana,México,Lionel Messi; Cristiano Ronaldo; Vinícius Júnior,Sí,Amigos,901,901,901,901
902,Q51 - Q100,2,1,Economico,Todos los días,Francia,Alphonso Davies; Lionel Messi; Kylian Mbappé,Sí,Solo,902,902,902,902
903,Q25 - Q50,1,1,Moderado,1 a 2 veces por semana,Brasil,Lionel Messi; Kylian Mbappé; Cristiano Ronaldo,No,Amigos,903,903,903,903
904,Q51 - Q100,1,1,Accesible,3 a 5 veces por semana,Alemania,Neymar Jr.; Christian Pulisic; Vinícius Júnior,Sí,Compañeros de trabajo,904,904,904,904
905,Q51 - Q100,1,1,Accesible,Varias veces al mes,Inglaterra,Julián Álvarez; Vinícius Júnior; Harry Kane,Sí,Amigos,905,905,905,905
906,Menos de Q25,1,1,Accesible,3 a 5 veces por semana,Ghana,Vinícius Júnior,Sí,Otro,906,906,906,906
907,Q51 - Q100,2,0,Moderado,3 a 5 veces por semana,Portugal,Cristiano Ronaldo; Vinícius Júnior,Sí,Familia,907,907,907,907
908,Menos de Q25,3,1,Premium,Varias veces al mes,Portugal,Lionel Messi; Vinícius Júnior; Harry Kane,No,Familia,908,908,908,908
909,Q51 - Q100,1,1,Accesible,Varias veces al mes,Argentina,Neymar Jr.,Sí,Amigos,909,909,909,909
910,Q25 - Q50,1,0,Premium,Todos los días,Argentina,Lionel Messi,Sí,Familia,910,910,910,910
911,Q25 - Q50,2,1,Premium,Todos los días,Canadá,Neymar Jr.,Sí,Amigos,911,911,911,911
912,Menos de Q25,2,1,Premium,1 a 2 veces por semana,Brasil,Neymar Jr.,Sí,Familia,912,912,912,912
913,Q25 - Q50,2,1,Moderado,3 a 5 veces por semana,Argentina,Lionel Messi; Vinícius Júnior,Sí,Amigos,913,913,913,913
914,Q51 - Q100,2,0,Premium,1 a 2 veces por semana,Uruguay,Cristiano Ronaldo,Sí,Amigos,914,914,914,914
915,Q101 - Q150,1,1,Moderado,Rara vez,Francia,Christian Pulisic; Lionel Messi,Sí,Compañeros de trabajo,915,915,915,915
916,Q25 - Q50,1,1,Accesible,Varias veces al mes,Inglaterra,Cristiano Ronaldo; Lionel Messi,No,Compañeros de trabajo,916,916,916,916
917,Q51 - Q100,1,1,Accesible,3 a 5 veces por semana,Portugal,Neymar Jr.,No,Amigos,917,917,917,917
918,Q25 - Q50,3,1,Moderado,1 a 2 veces por semana,Estados Unidos,Julián Álvarez,Sí,Amigos,918,918,918,918
919,Q25 - Q50,1,0,Moderado,Todos los días,Argentina,Lionel Messi; Christian Pulisic; Federico Valverde,Sí,Amigos,919,919,919,919
920,Q51 - Q100,1,1,Accesible,3 a 5 veces por semana,Portugal,Harry Kane; Neymar Jr.; Cristiano Ronaldo,Sí,Compañeros de trabajo,920,920,920,920
921,Menos de Q25,2,0,Moderado,1 a 2 veces por semana,Francia,Harry Kane; Ninguno,No,Solo,921,921,921,921
922,Q51 - Q100,1,1,Economico,3 a 5 veces por semana,Bosnia y Herzegovina,Neymar Jr.; Cristiano Ronaldo,Sí,Amigos,922,922,922,922
923,Q51 - Q100,1,1,Moderado,3 a 5 veces por semana,México,Federico Valverde; Lamine Yamal,Sí,Familia,923,923,923,923
924,Q25 - Q50,2,0,Accesible,Todos los días,España,Rodri; Kylian Mbappé; Lionel Messi,Sí,Amigos,924,924,924,924
925,Q51 - Q100,1,1,Accesible,Varias veces al mes,Portugal,Lionel Messi; Rodri,Sí,Familia,925,925,925,925
926,Q25 - Q50,3,0,Super Premium,Varias veces al mes,Egipto,Jude Bellingham,No,Familia,926,926,926,926
927,Q25 - Q50,3,0,Super Premium,Todos los días,España,Lionel Messi; Cristiano Ronaldo,No,Amigos,927,927,927,927
928,Menos de Q25,2,1,Accesible,Todos los días,Uruguay,Rodri; Lionel Messi,Sí,Amigos,928,928,928,928
929,Q51 - Q100,3,0,Super Premium,Varias veces al mes,México,Lionel Messi; Federico Valverde,No,Otro,929,929,929,929
930,Q25 - Q50,2,1,Accesible,3 a 5 veces por semana,Canadá,Julián Álvarez; Cristiano Ronaldo,Sí,Familia,930,930,930,930
931,Q25 - Q50,2,0,Accesible,Todos los días,España,Neymar Jr.,Sí,Familia,931,931,931,931
932,Q51 - Q100,2,1,Premium,1 a 2 veces por semana,Portugal,Jude Bellingham; Christian Pulisic,Sí,Amigos,932,932,932,932
933,Q51 - Q100,3,1,Economico,Varias veces al mes,Brasil,Lionel Messi; Neymar Jr.,Sí,Compañeros de trabajo,933,933,933,933
934,Q25 - Q50,2,0,Accesible,1 a 2 veces por semana,Costa de Marfil,Lionel Messi,No,Familia,934,934,934,934
935,Q101 - Q150,1,1,Accesible,3 a 5 veces por semana,Argentina,Lionel Messi,Sí,Familia,935,935,935,935
936,Q101 - Q150,3,1,Moderado,1 a 2 veces por semana,Portugal,Vinícius Júnior; Cristiano Ronaldo; Lionel Messi,Sí,Amigos,936,936,936,936
937,Q51 - Q100,1,0,Moderado,Varias veces al mes,Portugal,Jude Bellingham; Lionel Messi,Sí,Amigos,937,937,937,937
939,Más de Q150,2,0,Premium,3 a 5 veces por semana,Argentina,Vinícius Júnior; Lionel Messi; Cristiano Ronaldo,No,Amigos,939,939,939,939
940,Q51 - Q100,2,1,Accesible,3 a 5 veces por semana,Francia,Lionel Messi; Jude Bellingham; Kylian Mbappé,Sí,Amigos,940,940,940,940
941,Q51 - Q100,1,0,Economico,Rara vez,Francia,Kylian Mbappé; Christian Pulisic,Sí,Amigos,941,941,941,941
942,Q51 - Q100,2,1,Moderado,Rara vez,Arabia Saudita,Lamine Yamal; Lionel Messi,Sí,Familia,942,942,942,942
943,Q25 - Q50,1,1,Accesible,Rara vez,Argentina,Julián Álvarez,Sí,Familia,943,943,943,943
944,Q25 - Q50,1,1,Super Premium,3 a 5 veces por semana,México,Cristiano Ronaldo; Federico Valverde; Neymar Jr.,Sí,Compañeros de trabajo,944,944,944,944
945,Q25 - Q50,3,1,Premium,Rara vez,Argentina,Neymar Jr.,No,Familia,945,945,945,945
946,Q51 - Q100,1,0,Moderado,Todos los días,Argentina,Cristiano Ronaldo; Neymar Jr.,Sí,Solo,946,946,946,946
947,Q25 - Q50,2,0,Moderado,1 a 2 veces por semana,Argentina,Kylian Mbappé; Cristiano Ronaldo,No,Familia,947,947,947,947
948,Q25 - Q50,3,0,Moderado,3 a 5 veces por semana,Argentina,Neymar Jr.; Lamine Yamal,Sí,Amigos,948,948,948,948
949,Q25 - Q50,3,0,Moderado,3 a 5 veces por semana,España,Lamine Yamal; Ninguno,Sí,Amigos,949,949,949,949
950,Q51 - Q100,1,0,Accesible,1 a 2 veces por semana,México,Cristiano Ronaldo; Vinícius Júnior; Julián Álvarez,Sí,Compañeros de trabajo,950,950,950,950
951,Q25 - Q50,1,1,Moderado,3 a 5 veces por semana,México,Rodri,Sí,Familia,951,951,951,951
952,Q51 - Q100,2,1,Accesible,3 a 5 veces por semana,Francia,Ninguno; Lionel Messi; Christian Pulisic,Sí,Familia,952,952,952,952
953,Menos de Q25,2,0,Accesible,1 a 2 veces por semana,Portugal,Neymar Jr.; Ninguno; Vinícius Júnior,Sí,Compañeros de trabajo,953,953,953,953
954,Más de Q150,1,0,Moderado,1 a 2 veces por semana,Inglaterra,Jude Bellingham; Ninguno; Julián Álvarez,Sí,Amigos,954,954,954,954
955,Q25 - Q50,1,1,Accesible,3 a 5 veces por semana,Argentina,Lionel Messi,Sí,Amigos,955,955,955,955
956,Q101 - Q150,1,1,Premium,3 a 5 veces por semana,Francia,Federico Valverde; Christian Pulisic,Sí,Compañeros de trabajo,956,956,956,956
957,Q25 - Q50,1,0,Accesible,3 a 5 veces por semana,México,Vinícius Júnior; Lamine Yamal; Kylian Mbappé,No,Amigos,957,957,957,957
958,Menos de Q25,1,0,Moderado,Rara vez,Alemania,Alphonso Davies; Lionel Messi; Cristiano Ronaldo,Sí,Solo,958,958,958,958
959,Q25 - Q50,2,1,Moderado,1 a 2 veces por semana,Argentina,Lamine Yamal,Sí,Familia,959,959,959,959
960,Q51 - Q100,2,1,Moderado,3 a 5 veces por semana,Brasil,Lamine Yamal; Cristiano Ronaldo; Federico Valverde,No,Familia,960,960,960,960
961,Q51 - Q100,3,0,Moderado,Todos los días,México,Kylian Mbappé; Christian Pulisic,Sí,Otro,961,961,961,961
962,Q25 - Q50,1,1,Moderado,3 a 5 veces por semana,España,Lionel Messi; Cristiano Ronaldo,Sí,Familia,962,962,962,962
963,Q25 - Q50,2,1,Accesible,Varias veces al mes,Portugal,Lionel Messi; Kylian Mbappé; Jude Bellingham,Sí,Familia,963,963,963,963
964,Menos de Q25,3,1,Moderado,Todos los días,Argentina,Vinícius Júnior; Neymar Jr.; Cristiano Ronaldo,Sí,Familia,964,964,964,964
965,Q25 - Q50,3,1,Accesible,1 a 2 veces por semana,Francia,Harry Kane,Sí,Amigos,965,965,965,965
966,Q51 - Q100,1,0,Moderado,1 a 2 veces por semana,México,Cristiano Ronaldo,Sí,Amigos,966,966,966,966
967,Menos de Q25,3,0,Accesible,3 a 5 veces por semana,Brasil,Lamine Yamal,Sí,Familia,967,967,967,967
968,Q25 - Q50,3,1,Accesible,3 a 5 veces por semana,Panamá,Kylian Mbappé; Lionel Messi,Sí,Solo,968,968,968,968
969,Q101 - Q150,3,1,Moderado,Varias veces al mes,Francia,Federico Valverde; Lionel Messi; Lamine Yamal,Sí,Solo,969,969,969,969
970,Más de Q150,2,1,Super Premium,Todos los días,Uruguay,Cristiano Ronaldo,Sí,Amigos,970,970,970,970
971,Q25 - Q50,3,1,Premium,1 a 2 veces por semana,Türkiye,Kylian Mbappé,Sí,Amigos,971,971,971,971
972,Menos de Q25,3,1,Premium,1 a 2 veces por semana,Portugal,Lionel Messi; Cristiano Ronaldo; Jude Bellingham,No,Solo,972,972,972,972
973,Q101 - Q150,3,1,Moderado,3 a 5 veces por semana,Estados Unidos,Cristiano Ronaldo; Lionel Messi,Sí,Amigos,973,973,973,973
974,Menos de Q25,1,1,Moderado,Varias veces al mes,Alemania,Kylian Mbappé,Sí,Solo,974,974,974,974
975,Q25 - Q50,1,0,Moderado,3 a 5 veces por semana,Bélgica,Cristiano Ronaldo; Neymar Jr.,Sí,Solo,975,975,975,975
976,Q25 - Q50,1,0,Moderado,1 a 2 veces por semana,Brasil,Ninguno; Neymar Jr.,Sí,Familia,976,976,976,976
977,Q25 - Q50,2,0,Moderado,Varias veces al mes,Argentina,Cristiano Ronaldo; Neymar Jr.; Julián Álvarez,Sí,Amigos,977,977,977,977
978,Menos de Q25,2,0,Premium,Rara vez,Uruguay,Kylian Mbappé; Lamine Yamal; Rodri,No,Familia,978,978,978,978
979,Q101 - Q150,1,0,Accesible,3 a 5 veces por semana,Portugal,Lamine Yamal; Cristiano Ronaldo,Sí,Amigos,979,979,979,979
980,Q51 - Q100,2,0,Accesible,1 a 2 veces por semana,México,Kylian Mbappé; Vinícius Júnior; Alphonso Davies,Sí,Compañeros de trabajo,980,980,980,980
981,Q51 - Q100,3,1,Premium,Varias veces al mes,Brasil,Lionel Messi; Neymar Jr.,Sí,Otro,981,981,981,981
982,Q25 - Q50,3,0,Moderado,1 a 2 veces por semana,México,Cristiano Ronaldo,Sí,Amigos,982,982,982,982
983,Q51 - Q100,1,1,Economico,Varias veces al mes,Irán,Cristiano Ronaldo,No,Amigos,983,983,983,983
984,Q51 - Q100,1,1,Super Premium,1 a 2 veces por semana,España,Lionel Messi; Lamine Yamal,Sí,Familia,984,984,984,984
985,Q51 - Q100,1,1,Accesible,3 a 5 veces por semana,México,Neymar Jr.,Sí,Solo,985,985,985,985
986,Q25 - Q50,3,1,Accesible,1 a 2 veces por semana,Congo DR,Rodri; Cristiano Ronaldo,Sí,Amigos,986,986,986,986
987,Menos de Q25,2,1,Premium,1 a 2 veces por semana,Brasil,Cristiano Ronaldo; Lamine Yamal,Sí,Familia,987,987,987,987
988,Menos de Q25,2,1,Moderado,1 a 2 veces por semana,México,Ninguno,Sí,Amigos,988,988,988,988
989,Más de Q150,1,1,Premium,1 a 2 veces por semana,Brasil,Christian Pulisic; Lionel Messi,Sí,Familia,989,989,989,989
990,Q51 - Q100,1,1,Premium,Varias veces al mes,Portugal,Lionel Messi; Jude Bellingham; Julián Álvarez,Sí,Familia,990,990,990,990
991,Q25 - Q50,3,0,Moderado,1 a 2 veces por semana,Argentina,Kylian Mbappé; Neymar Jr.,Sí,Compañeros de trabajo,991,991,991,991
992,Q51 - Q100,1,0,Super Premium,Varias veces al mes,Uruguay,Cristiano Ronaldo,No,Familia,992,992,992,992
993,Menos de Q25,1,0,Moderado,3 a 5 veces por semana,Alemania,Alphonso Davies,Sí,Amigos,993,993,993,993
994,Q51 - Q100,3,1,Premium,Todos los días,Inglaterra,Alphonso Davies; Vinícius Júnior,Sí,Amigos,994,994,994,994
995,Q25 - Q50,1,1,Moderado,3 a 5 veces por semana,Argentina,Neymar Jr.; Alphonso Davies; Cristiano Ronaldo,Sí,Familia,995,995,995,995
996,Más de Q150,3,1,Economico,Todos los días,España,Jude Bellingham; Lionel Messi,Sí,Compañeros de trabajo,996,996,996,996
997,Q51 - Q100,3,1,Economico,3 a 5 veces por semana,CANADÁ,Vinícius Júnior; Rodri; Julián Álvarez,Sí,Otro,997,997,997,997
998,Q25 - Q50,1,0,Premium,Todos los días,México,Lionel Messi; Cristiano Ronaldo; Lamine Yamal,Sí,Solo,998,998,998,998
999,Q101 - Q150,2,1,Accesible,Varias veces al mes,Inglaterra,Cristiano Ronaldo,No,Amigos,999,999,999,999
1000,Menos de Q25,1,1,Premium,Varias veces al mes,Portugal,Vinícius Júnior; Kylian Mbappé; Lionel Messi,Sí,Familia,1000,1000,1000,1000
1001,Q25 - Q50,1,1,Accesible,3 a 5 veces por semana,Brasil,Vinícius Júnior; Neymar Jr.,Sí,Solo,1001,1001,1001,1001
1002,Q25 - Q50,1,1,Accesible,3 a 5 veces por semana,Uruguay,Kylian Mbappé; Vinícius Júnior,Sí,Familia,1002,1002,1002,1002
1003,Q25 - Q50,1,0,Premium,3 a 5 veces por semana,Estados Unidos,Cristiano Ronaldo; Alphonso Davies,Sí,Familia,1003,1003,1003,1003
1004,Q101 - Q150,3,1,Moderado,1 a 2 veces por semana,Francia,Lionel Messi; Lamine Yamal,No,Familia,1004,1004,1004,1004
1005,Q101 - Q150,2,0,Premium,1 a 2 veces por semana,Alemania,Kylian Mbappé; Vinícius Júnior,Sí,Amigos,1005,1005,1005,1005
1006,Q51 - Q100,3,1,Moderado,Varias veces al mes,Brasil,Lionel Messi,Sí,Solo,1006,1006,1006,1006
1007,Q25 - Q50,3,1,Super Premium,Varias veces al mes,Argentina,Jude Bellingham,Sí,Familia,1007,1007,1007,1007
1008,Menos de Q25,3,1,Moderado,Varias veces al mes,Argentina,Kylian Mbappé; Neymar Jr.,Sí,Amigos,1008,1008,1008,1008
1009,Más de Q150,3,0,Premium,Varias veces al mes,Argentina,Cristiano Ronaldo; Lionel Messi,Sí,Amigos,1009,1009,1009,1009
1010,Q25 - Q50,1,1,Accesible,3 a 5 veces por semana,España,Kylian Mbappé; Neymar Jr.,Sí,Otro,1010,1010,1010,1010
1011,Q25 - Q50,3,0,Premium,Varias veces al mes,ALEMANIA,Lionel Messi; Harry Kane,Sí,Familia,1011,1011,1011,1011
1012,Q25 - Q50,2,0,Accesible,3 a 5 veces por semana,Brasil,Neymar Jr.; Cristiano Ronaldo,Sí,Familia,1012,1012,1012,1012
1013,Menos de Q25,1,1,Premium,Varias veces al mes,Inglaterra,Cristiano Ronaldo; Harry Kane; Lamine Yamal,Sí,Familia,1013,1013,1013,1013
1014,Más de Q150,1,1,Premium,Todos los días,Portugal,Christian Pulisic,Sí,Familia,1014,1014,1014,1014
1015,Q51 - Q100,3,0,Premium,3 a 5 veces por semana,Francia,Jude Bellingham,Sí,Solo,1015,1015,1015,1015
1016,Q51 - Q100,1,0,Premium,1 a 2 veces por semana,Inglaterra,Harry Kane,Sí,Otro,1016,1016,1016,1016
1017,Menos de Q25,3,1,Premium,Varias veces al mes,Alemania,Cristiano Ronaldo,Sí,Familia,1017,1017,1017,1017
1018,Q25 - Q50,1,1,Moderado,Todos los días,México,Kylian Mbappé; Jude Bellingham,Sí,Amigos,1018,1018,1018,1018
1019,Q25 - Q50,2,1,Super Premium,Todos los días,México,Lamine Yamal; Federico Valverde; Neymar Jr.,Sí,Familia,1019,1019,1019,1019
1020,Q101 - Q150,2,1,Moderado,Todos los días,Estados Unidos,Neymar Jr.,Sí,Amigos,1020,1020,1020,1020
1021,Q101 - Q150,2,0,Accesible,Rara vez,Nueva Zelanda,Vinícius Júnior,Sí,Familia,1021,1021,1021,1021
1022,Menos de Q25,2,1,Accesible,Rara vez,México,Neymar Jr.; Cristiano Ronaldo; Lamine Yamal,Sí,Amigos,1022,1022,1022,1022
1023,Q25 - Q50,1,0,Super Premium,1 a 2 veces por semana,España,Lionel Messi; Vinícius Júnior,Sí,Amigos,1023,1023,1023,1023
1024,Q51 - Q100,3,0,Economico,3 a 5 veces por semana,Brasil,Lionel Messi; Cristiano Ronaldo,Sí,Compañeros de trabajo,1024,1024,1024,1024
1025,Menos de Q25,2,1,Moderado,1 a 2 veces por semana,Brasil,Neymar Jr.; Lionel Messi,Sí,Familia,1025,1025,1025,1025
1026,Q25 - Q50,3,0,Premium,Todos los días,Alemania,Kylian Mbappé; Neymar Jr.; Cristiano Ronaldo,Sí,Familia,1026,1026,1026,1026
1027,Q25 - Q50,2,1,Accesible,3 a 5 veces por semana,México,Jude Bellingham,Sí,Amigos,1027,1027,1027,1027
1028,Q25 - Q50,2,1,Premium,Todos los días,Argentina,Neymar Jr.; Kylian Mbappé; Vinícius Júnior,Sí,Amigos,1028,1028,1028,1028
1029,Q25 - Q50,3,0,Moderado,3 a 5 veces por semana,México,Cristiano Ronaldo; Julián Álvarez; Jude Bellingham,Sí,Amigos,1029,1029,1029,1029
1030,Menos de Q25,2,0,Accesible,Todos los días,Inglaterra,Lionel Messi,Sí,Compañeros de trabajo,1030,1030,1030,1030
1031,Q51 - Q100,1,1,Accesible,3 a 5 veces por semana,Brasil,Cristiano Ronaldo; Lionel Messi; Julián Álvarez,Sí,Amigos,1031,1031,1031,1031
1032,Q51 - Q100,2,0,Accesible,1 a 2 veces por semana,Alemania,Cristiano Ronaldo; Lionel Messi,Sí,Amigos,1032,1032,1032,1032
1033,Menos de Q25,2,0,Economico,1 a 2 veces por semana,Brasil,Cristiano Ronaldo,Sí,Solo,1033,1033,1033,1033
1034,Menos de Q25,1,0,Moderado,Todos los días,Alemania,Kylian Mbappé; Neymar Jr.; Lionel Messi,No,Familia,1034,1034,1034,1034
1035,Menos de Q25,2,1,Accesible,3 a 5 veces por semana,ESPAÑA,Lionel Messi; Neymar Jr.,Sí,Amigos,1035,1035,1035,1035
1036,Menos de Q25,2,1,Accesible,1 a 2 veces por semana,Brasil,Federico Valverde,Sí,Solo,1036,1036,1036,1036
1037,Q51 - Q100,3,0,Economico,3 a 5 veces por semana,Brasil,Alphonso Davies; Federico Valverde; Lionel Messi,No,Familia,1037,1037,1037,1037
1038,Q51 - Q100,1,1,Accesible,1 a 2 veces por semana,Canadá,Kylian Mbappé; Cristiano Ronaldo; Neymar Jr.,Sí,Familia,1038,1038,1038,1038
1039,Q51 - Q100,2,1,Moderado,Varias veces al mes,México,Lionel Messi,Sí,Compañeros de trabajo,1039,1039,1039,1039
1040,Q25 - Q50,2,0,Moderado,Varias veces al mes,México,Lionel Messi,Sí,Amigos,1040,1040,1040,1040
1041,Q101 - Q150,2,0,Economico,Rara vez,Inglaterra,Jude Bellingham; Federico Valverde,Sí,Solo,1041,1041,1041,1041
1042,Q25 - Q50,2,1,Premium,1 a 2 veces por semana,Portugal,Neymar Jr.; Cristiano Ronaldo; Lionel Messi,Sí,Familia,1042,1042,1042,1042
1043,Q51 - Q100,1,1,Moderado,3 a 5 veces por semana,Argentina,Lamine Yamal,No,Familia,1043,1043,1043,1043
1044,Q51 - Q100,2,1,Economico,3 a 5 veces por semana,Brasil,Julián Álvarez,Sí,Familia,1044,1044,1044,1044
1045,Q51 - Q100,3,1,Premium,3 a 5 veces por semana,México,Lionel Messi; Kylian Mbappé; Federico Valverde,Sí,Amigos,1045,1045,1045,1045
1046,Q25 - Q50,3,1,Accesible,Todos los días,Portugal,Christian Pulisic,Sí,Familia,1046,1046,1046,1046
1047,Menos de Q25,2,1,Accesible,3 a 5 veces por semana,Inglaterra,Lionel Messi,Sí,Amigos,1047,1047,1047,1047
1048,Q51 - Q100,3,0,Moderado,1 a 2 veces por semana,Alemania,Lionel Messi; Kylian Mbappé,Sí,Amigos,1048,1048,1048,1048
1050,Q25 - Q50,2,1,Moderado,1 a 2 veces por semana,Estados Unidos,Neymar Jr.; Lamine Yamal; Jude Bellingham,Sí,Amigos,1050,1050,1050,1050
1051,Q101 - Q150,2,0,Accesible,1 a 2 veces por semana,Brasil,Cristiano Ronaldo; Lamine Yamal,Sí,Amigos,1051,1051,1051,1051
1052,Q51 - Q100,3,0,Premium,Todos los días,Argentina,Kylian Mbappé,Sí,Familia,1052,1052,1052,1052
1053,Más de Q150,1,0,Moderado,Varias veces al mes,ARGENTINA,Lionel Messi,No,Compañeros de trabajo,1053,1053,1053,1053
1054,Menos de Q25,1,1,Moderado,1 a 2 veces por semana,Brasil,Alphonso Davies; Cristiano Ronaldo,Sí,Solo,1054,1054,1054,1054
1055,Menos de Q25,2,1,Accesible,Varias veces al mes,Brasil,Julián Álvarez; Vinícius Júnior; Lionel Messi,Sí,Amigos,1055,1055,1055,1055
1056,Q25 - Q50,2,1,Moderado,1 a 2 veces por semana,Francia,Cristiano Ronaldo,Sí,Familia,1056,1056,1056,1056
1057,Q51 - Q100,3,0,Moderado,Todos los días,Argentina,Lionel Messi; Lamine Yamal,Sí,Familia,1057,1057,1057,1057
1058,Q51 - Q100,3,1,Premium,Varias veces al mes,Portugal,Neymar Jr.,Sí,Solo,1058,1058,1058,1058
1059,Q101 - Q150,3,0,Accesible,Varias veces al mes,Brasil,Lamine Yamal,No,Familia,1059,1059,1059,1059
1060,Q25 - Q50,1,1,Accesible,1 a 2 veces por semana,Francia,Kylian Mbappé; Lionel Messi; Jude Bellingham,Sí,Compañeros de trabajo,1060,1060,1060,1060
1061,Q25 - Q50,1,0,Premium,Todos los días,Brasil,Kylian Mbappé,No,Compañeros de trabajo,1061,1061,1061,1061
1062,Q51 - Q100,1,1,Moderado,3 a 5 veces por semana,México,Kylian Mbappé; Cristiano Ronaldo,Sí,Familia,1062,1062,1062,1062
1063,Q25 - Q50,2,0,Accesible,Varias veces al mes,Brasil,Vinícius Júnior; Kylian Mbappé; Lionel Messi,Sí,Familia,1063,1063,1063,1063
1064,Q25 - Q50,3,0,Moderado,Varias veces al mes,Francia,Harry Kane; Neymar Jr.,Sí,Amigos,1064,1064,1064,1064
1065,Q25 - Q50,1,1,Premium,3 a 5 veces por semana,Francia,Vinícius Júnior,Sí,Familia,1065,1065,1065,1065
1066,Q51 - Q100,3,0,Accesible,1 a 2 veces por semana,Inglaterra,Christian Pulisic; Cristiano Ronaldo,Sí,Compañeros de trabajo,1066,1066,1066,1066
1067,Q51 - Q100,2,1,Accesible,1 a 2 veces por semana,México,Alphonso Davies; Cristiano Ronaldo,Sí,Familia,1067,1067,1067,1067
1068,Q25 - Q50,1,1,Moderado,1 a 2 veces por semana,Portugal,Kylian Mbappé; Christian Pulisic,Sí,Amigos,1068,1068,1068,1068
1069,Q25 - Q50,1,1,Moderado,1 a 2 veces por semana,Argentina,Cristiano Ronaldo,Sí,Amigos,1069,1069,1069,1069
1070,Menos de Q25,3,1,Moderado,3 a 5 veces por semana,Brasil,Jude Bellingham; Cristiano Ronaldo; Vinícius Júnior,Sí,Familia,1070,1070,1070,1070
1071,Más de Q150,2,1,Premium,Varias veces al mes,Argentina,Lionel Messi; Neymar Jr.; Lamine Yamal,Sí,Compañeros de trabajo,1071,1071,1071,1071
1072,Q25 - Q50,2,0,Moderado,3 a 5 veces por semana,Brasil,Neymar Jr.; Cristiano Ronaldo; Lionel Messi,Sí,Amigos,1072,1072,1072,1072
1073,Q51 - Q100,2,0,Moderado,Varias veces al mes,Portugal,Cristiano Ronaldo; Neymar Jr.,No,Solo,1073,1073,1073,1073
1074,Menos de Q25,1,0,Accesible,1 a 2 veces por semana,Francia,Federico Valverde; Vinícius Júnior,No,Familia,1074,1074,1074,1074
1075,Menos de Q25,3,1,Premium,1 a 2 veces por semana,Portugal,Cristiano Ronaldo,Sí,Familia,1075,1075,1075,1075
1076,Q25 - Q50,3,0,Super Premium,Varias veces al mes,Alemania,Lionel Messi; Neymar Jr.,Sí,Solo,1076,1076,1076,1076
1077,Q51 - Q100,1,0,Premium,Todos los días,Japón,Lamine Yamal; Lionel Messi; Neymar Jr.,Sí,Familia,1077,1077,1077,1077
1078,Q25 - Q50,2,0,Accesible,Varias veces al mes,México,Harry Kane; Lionel Messi,Sí,Amigos,1078,1078,1078,1078
1079,Q51 - Q100,3,1,Economico,1 a 2 veces por semana,Brasil,Kylian Mbappé; Jude Bellingham,No,Amigos,1079,1079,1079,1079
1080,Q25 - Q50,3,1,Accesible,Varias veces al mes,Argentina,Lionel Messi; Vinícius Júnior,Sí,Compañeros de trabajo,1080,1080,1080,1080
1081,Q25 - Q50,1,0,Moderado,Varias veces al mes,Francia,Lionel Messi; Jude Bellingham; Ninguno,Sí,Solo,1081,1081,1081,1081
1082,Q101 - Q150,3,1,Economico,1 a 2 veces por semana,Brasil,Julián Álvarez,Sí,Familia,1082,1082,1082,1082
1083,Q51 - Q100,2,1,Moderado,Rara vez,Argentina,Julián Álvarez,Sí,Familia,1083,1083,1083,1083
1084,Q25 - Q50,1,0,Accesible,1 a 2 veces por semana,Portugal,Vinícius Júnior; Jude Bellingham; Kylian Mbappé,Sí,Familia,1084,1084,1084,1084
1085,Q25 - Q50,3,1,Moderado,Varias veces al mes,México,Kylian Mbappé; Lionel Messi; Neymar Jr.,Sí,Compañeros de trabajo,1085,1085,1085,1085
1086,Menos de Q25,3,1,Premium,1 a 2 veces por semana,Portugal,Neymar Jr.,Sí,Familia,1086,1086,1086,1086
1087,Menos de Q25,3,1,Accesible,3 a 5 veces por semana,Brasil,Cristiano Ronaldo,Sí,Solo,1087,1087,1087,1087
1088,Q51 - Q100,3,1,Premium,Varias veces al mes,Alemania,Harry Kane,Sí,Amigos,1088,1088,1088,1088
1089,Q51 - Q100,3,1,Accesible,Varias veces al mes,Francia,Lionel Messi,Sí,Compañeros de trabajo,1089,1089,1089,1089
2124,Menos de Q25,3,1,Moderado,1 a 2 veces por semana,Portugal,Cristiano Ronaldo; Lionel Messi,Sí,Familia,2124,2124,2124,2124
1091,Q51 - Q100,1,1,Accesible,Varias veces al mes,Argentina,Lionel Messi,Sí,Amigos,1091,1091,1091,1091
1092,Menos de Q25,3,0,Premium,1 a 2 veces por semana,Brasil,Cristiano Ronaldo; Kylian Mbappé; Alphonso Davies,Sí,Familia,1092,1092,1092,1092
1093,Q25 - Q50,1,0,Premium,3 a 5 veces por semana,Brasil,Lamine Yamal; Lionel Messi; Neymar Jr.,No,Compañeros de trabajo,1093,1093,1093,1093
1094,Más de Q150,2,1,Super Premium,1 a 2 veces por semana,Brasil,Lamine Yamal; Lionel Messi; Neymar Jr.,Sí,Familia,1094,1094,1094,1094
1095,Menos de Q25,1,0,Super Premium,3 a 5 veces por semana,CURAÇAO,Lionel Messi,Sí,Amigos,1095,1095,1095,1095
1096,Q25 - Q50,1,1,Moderado,Varias veces al mes,México,Neymar Jr.; Kylian Mbappé,Sí,Familia,1096,1096,1096,1096
1097,Q51 - Q100,1,0,Moderado,3 a 5 veces por semana,México,Cristiano Ronaldo; Lionel Messi; Jude Bellingham,Sí,Familia,1097,1097,1097,1097
1098,Menos de Q25,1,1,Super Premium,Todos los días,Portugal,Christian Pulisic; Cristiano Ronaldo,Sí,Familia,1098,1098,1098,1098
1099,Q25 - Q50,3,0,Economico,3 a 5 veces por semana,FRANCIA,Cristiano Ronaldo; Rodri; Jude Bellingham,Sí,Amigos,1099,1099,1099,1099
1100,Q25 - Q50,2,0,Accesible,Varias veces al mes,Estados Unidos,Cristiano Ronaldo; Kylian Mbappé,Sí,Familia,1100,1100,1100,1100
1101,Más de Q150,3,1,Moderado,1 a 2 veces por semana,Portugal,Kylian Mbappé; Cristiano Ronaldo,No,Familia,1101,1101,1101,1101
1102,Menos de Q25,1,1,Accesible,3 a 5 veces por semana,España,Lionel Messi,Sí,Amigos,1102,1102,1102,1102
1103,Q51 - Q100,1,1,Moderado,Varias veces al mes,Francia,Ninguno; Cristiano Ronaldo; Julián Álvarez,No,Familia,1103,1103,1103,1103
1104,Q51 - Q100,3,1,Premium,1 a 2 veces por semana,Argentina,Christian Pulisic; Lionel Messi; Harry Kane,Sí,Compañeros de trabajo,1104,1104,1104,1104
1105,Q25 - Q50,1,0,Accesible,1 a 2 veces por semana,Francia,Lionel Messi; Neymar Jr.; Cristiano Ronaldo,Sí,Familia,1105,1105,1105,1105
1106,Q25 - Q50,2,1,Economico,Todos los días,España,Jude Bellingham; Rodri; Harry Kane,Sí,Amigos,1106,1106,1106,1106
1107,Q101 - Q150,1,1,Premium,Varias veces al mes,Estados Unidos,Cristiano Ronaldo; Neymar Jr.; Lamine Yamal,Sí,Familia,1107,1107,1107,1107
2199,Q25 - Q50,1,1,Moderado,3 a 5 veces por semana,Senegal,Cristiano Ronaldo; Vinícius Júnior,Sí,Amigos,2199,2199,2199,2199
1109,Q25 - Q50,1,1,Moderado,Todos los días,España,Harry Kane; Lionel Messi; Cristiano Ronaldo,No,Familia,1109,1109,1109,1109
1110,Q101 - Q150,1,0,Moderado,Todos los días,Brasil,Neymar Jr.,Sí,Compañeros de trabajo,1110,1110,1110,1110
1111,Q25 - Q50,3,1,Accesible,Varias veces al mes,España,Cristiano Ronaldo,Sí,Familia,1111,1111,1111,1111
1112,Q101 - Q150,3,1,Premium,Todos los días,Escocia,Cristiano Ronaldo,Sí,Familia,1112,1112,1112,1112
1113,Q101 - Q150,3,1,Moderado,3 a 5 veces por semana,Brasil,Cristiano Ronaldo,Sí,Familia,1113,1113,1113,1113
1114,Q25 - Q50,3,0,Premium,Varias veces al mes,España,Vinícius Júnior,Sí,Familia,1114,1114,1114,1114
1115,Menos de Q25,3,1,Moderado,3 a 5 veces por semana,Argentina,Neymar Jr.,No,Solo,1115,1115,1115,1115
1117,Menos de Q25,2,1,Premium,Varias veces al mes,Argentina,Kylian Mbappé; Vinícius Júnior,Sí,Familia,1117,1117,1117,1117
1118,Q51 - Q100,3,1,Premium,Todos los días,Curaçao,Kylian Mbappé; Lamine Yamal,No,Familia,1118,1118,1118,1118
1119,Menos de Q25,1,0,Premium,3 a 5 veces por semana,México,Vinícius Júnior,Sí,Amigos,1119,1119,1119,1119
1120,Más de Q150,2,1,Moderado,Todos los días,Inglaterra,Kylian Mbappé; Lionel Messi; Rodri,Sí,Otro,1120,1120,1120,1120
1121,Menos de Q25,3,1,Accesible,1 a 2 veces por semana,Portugal,Cristiano Ronaldo; Kylian Mbappé,Sí,Amigos,1121,1121,1121,1121
1122,Q101 - Q150,3,1,Accesible,3 a 5 veces por semana,Argentina,Vinícius Júnior; Julián Álvarez; Cristiano Ronaldo,No,Amigos,1122,1122,1122,1122
1123,Q51 - Q100,2,1,Accesible,Varias veces al mes,España,Federico Valverde; Lionel Messi; Lamine Yamal,Sí,Familia,1123,1123,1123,1123
1124,Más de Q150,3,0,Accesible,3 a 5 veces por semana,México,Vinícius Júnior; Federico Valverde,Sí,Compañeros de trabajo,1124,1124,1124,1124
1125,Q25 - Q50,3,1,Moderado,3 a 5 veces por semana,Canadá,Harry Kane,Sí,Amigos,1125,1125,1125,1125
1126,Q51 - Q100,2,1,Moderado,3 a 5 veces por semana,Argentina,Lionel Messi; Lamine Yamal,Sí,Familia,1126,1126,1126,1126
1127,Q101 - Q150,1,1,Moderado,1 a 2 veces por semana,Argentina,Vinícius Júnior,Sí,Familia,1127,1127,1127,1127
1129,Q25 - Q50,2,0,Economico,Varias veces al mes,Francia,Cristiano Ronaldo; Federico Valverde,Sí,Solo,1129,1129,1129,1129
1130,Q101 - Q150,1,0,Economico,3 a 5 veces por semana,México,Kylian Mbappé; Neymar Jr.; Vinícius Júnior,Sí,Solo,1130,1130,1130,1130
1131,Q101 - Q150,1,0,Premium,Rara vez,Portugal,Lamine Yamal; Christian Pulisic; Neymar Jr.,Sí,Amigos,1131,1131,1131,1131
1132,Q51 - Q100,2,1,Moderado,Varias veces al mes,Francia,Lionel Messi; Harry Kane; Lamine Yamal,Sí,Amigos,1132,1132,1132,1132
1133,Menos de Q25,1,0,Moderado,1 a 2 veces por semana,Argentina,Kylian Mbappé; Christian Pulisic,Sí,Amigos,1133,1133,1133,1133
1134,Q25 - Q50,2,1,Moderado,3 a 5 veces por semana,Francia,Cristiano Ronaldo; Vinícius Júnior,Sí,Solo,1134,1134,1134,1134
1135,Q51 - Q100,2,0,Moderado,Varias veces al mes,Brasil,Lionel Messi; Cristiano Ronaldo,Sí,Familia,1135,1135,1135,1135
1136,Q51 - Q100,3,1,Moderado,Todos los días,Brasil,Neymar Jr.; Kylian Mbappé; Jude Bellingham,Sí,Familia,1136,1136,1136,1136
1137,Menos de Q25,2,1,Premium,3 a 5 veces por semana,Inglaterra,Vinícius Júnior; Cristiano Ronaldo; Jude Bellingham,No,Familia,1137,1137,1137,1137
1138,Q51 - Q100,3,0,Premium,1 a 2 veces por semana,Francia,Lionel Messi,Sí,Amigos,1138,1138,1138,1138
1139,Q25 - Q50,3,1,Moderado,Todos los días,Portugal,Vinícius Júnior,Sí,Compañeros de trabajo,1139,1139,1139,1139
1140,Q51 - Q100,3,0,Premium,3 a 5 veces por semana,Francia,Lamine Yamal; Lionel Messi,Sí,Familia,1140,1140,1140,1140
1141,Menos de Q25,2,0,Accesible,1 a 2 veces por semana,Brasil,Kylian Mbappé,Sí,Amigos,1141,1141,1141,1141
1142,Q51 - Q100,2,1,Moderado,1 a 2 veces por semana,Brasil,Jude Bellingham,Sí,Amigos,1142,1142,1142,1142
1143,Q101 - Q150,1,1,Accesible,3 a 5 veces por semana,México,Rodri,Sí,Familia,1143,1143,1143,1143
1144,Q51 - Q100,2,1,Accesible,3 a 5 veces por semana,Brasil,Neymar Jr.; Cristiano Ronaldo,Sí,Solo,1144,1144,1144,1144
1145,Q25 - Q50,3,1,Super Premium,Todos los días,MÉXICO,Federico Valverde,Sí,Familia,1145,1145,1145,1145
1146,Menos de Q25,2,0,Economico,3 a 5 veces por semana,México,Rodri; Cristiano Ronaldo,Sí,Amigos,1146,1146,1146,1146
1147,Más de Q150,3,0,Moderado,Todos los días,Brasil,Christian Pulisic,Sí,Amigos,1147,1147,1147,1147
1148,Q51 - Q100,1,1,Moderado,3 a 5 veces por semana,México,Alphonso Davies; Cristiano Ronaldo,Sí,Amigos,1148,1148,1148,1148
1149,Q25 - Q50,1,1,Accesible,3 a 5 veces por semana,Francia,Harry Kane,Sí,Amigos,1149,1149,1149,1149
1150,Q51 - Q100,3,1,Accesible,1 a 2 veces por semana,Argentina,Jude Bellingham,Sí,Amigos,1150,1150,1150,1150
1151,Q51 - Q100,3,0,Moderado,Varias veces al mes,ARGENTINA,Neymar Jr.,Sí,Amigos,1151,1151,1151,1151
1152,Menos de Q25,2,1,Moderado,1 a 2 veces por semana,FRANCIA,Lionel Messi; Cristiano Ronaldo; Lamine Yamal,Sí,Familia,1152,1152,1152,1152
1153,Q25 - Q50,2,0,Moderado,3 a 5 veces por semana,Estados Unidos,Vinícius Júnior,Sí,Amigos,1153,1153,1153,1153
1154,Menos de Q25,1,0,Accesible,3 a 5 veces por semana,Ghana,Cristiano Ronaldo; Ninguno,Sí,Amigos,1154,1154,1154,1154
1155,Q25 - Q50,3,1,Moderado,Varias veces al mes,Francia,Ninguno,Sí,Amigos,1155,1155,1155,1155
1156,Menos de Q25,1,1,Accesible,Todos los días,Argentina,Vinícius Júnior; Lionel Messi,Sí,Compañeros de trabajo,1156,1156,1156,1156
1157,Q51 - Q100,1,0,Moderado,Todos los días,Colombia,Cristiano Ronaldo,Sí,Familia,1157,1157,1157,1157
1158,Q51 - Q100,3,0,Accesible,1 a 2 veces por semana,Argentina,Vinícius Júnior; Federico Valverde,Sí,Solo,1158,1158,1158,1158
1159,Más de Q150,3,0,Accesible,3 a 5 veces por semana,Portugal,Vinícius Júnior; Ninguno,Sí,Familia,1159,1159,1159,1159
1160,Q25 - Q50,3,0,Economico,3 a 5 veces por semana,México,Lamine Yamal; Cristiano Ronaldo,Sí,Otro,1160,1160,1160,1160
1161,Q51 - Q100,3,1,Moderado,Varias veces al mes,Francia,Lionel Messi; Neymar Jr.; Rodri,Sí,Amigos,1161,1161,1161,1161
1162,Q101 - Q150,3,1,Moderado,3 a 5 veces por semana,Irak,Kylian Mbappé; Vinícius Júnior; Neymar Jr.,Sí,Otro,1162,1162,1162,1162
1163,Q101 - Q150,1,1,Accesible,1 a 2 veces por semana,Escocia,Jude Bellingham,Sí,Compañeros de trabajo,1163,1163,1163,1163
1164,Q101 - Q150,1,1,Moderado,3 a 5 veces por semana,Brasil,Lamine Yamal,Sí,Amigos,1164,1164,1164,1164
1165,Q51 - Q100,2,1,Accesible,3 a 5 veces por semana,Portugal,Lionel Messi; Neymar Jr.,Sí,Amigos,1165,1165,1165,1165
1166,Q51 - Q100,2,1,Super Premium,3 a 5 veces por semana,Francia,Vinícius Júnior; Kylian Mbappé; Alphonso Davies,Sí,Familia,1166,1166,1166,1166
1167,Q25 - Q50,1,1,Accesible,1 a 2 veces por semana,Portugal,Jude Bellingham; Federico Valverde,Sí,Amigos,1167,1167,1167,1167
1168,Más de Q150,2,1,Premium,1 a 2 veces por semana,Brasil,Julián Álvarez; Cristiano Ronaldo,Sí,Familia,1168,1168,1168,1168
1169,Q25 - Q50,3,1,Premium,Varias veces al mes,Brasil,Neymar Jr.; Harry Kane; Christian Pulisic,Sí,Amigos,1169,1169,1169,1169
1170,Q51 - Q100,1,1,Accesible,3 a 5 veces por semana,PORTUGAL,Lamine Yamal,Sí,Compañeros de trabajo,1170,1170,1170,1170
1171,Menos de Q25,1,1,Premium,1 a 2 veces por semana,Francia,Jude Bellingham,Sí,Amigos,1171,1171,1171,1171
1172,Q25 - Q50,2,1,Moderado,Varias veces al mes,Alemania,Neymar Jr.; Christian Pulisic,Sí,Familia,1172,1172,1172,1172
1173,Q25 - Q50,1,0,Moderado,3 a 5 veces por semana,Portugal,Neymar Jr.; Cristiano Ronaldo,Sí,Amigos,1173,1173,1173,1173
1174,Menos de Q25,3,1,Economico,1 a 2 veces por semana,BÉLGICA,Lionel Messi; Lamine Yamal,Sí,Solo,1174,1174,1174,1174
1175,Q51 - Q100,2,1,Premium,Varias veces al mes,Argentina,Jude Bellingham; Cristiano Ronaldo,Sí,Amigos,1175,1175,1175,1175
1176,Q51 - Q100,1,1,Accesible,1 a 2 veces por semana,Argentina,Federico Valverde; Vinícius Júnior,Sí,Familia,1176,1176,1176,1176
1177,Menos de Q25,3,1,Moderado,1 a 2 veces por semana,Argentina,Kylian Mbappé,Sí,Amigos,1177,1177,1177,1177
1178,Q25 - Q50,3,1,Accesible,3 a 5 veces por semana,Portugal,Jude Bellingham; Harry Kane; Lionel Messi,Sí,Compañeros de trabajo,1178,1178,1178,1178
1179,Q51 - Q100,1,0,Moderado,Todos los días,Brasil,Vinícius Júnior; Cristiano Ronaldo,Sí,Familia,1179,1179,1179,1179
1180,Q51 - Q100,1,1,Moderado,Rara vez,Inglaterra,Cristiano Ronaldo; Rodri,Sí,Familia,1180,1180,1180,1180
1181,Q51 - Q100,2,0,Accesible,1 a 2 veces por semana,México,Alphonso Davies,Sí,Amigos,1181,1181,1181,1181
1182,Q25 - Q50,2,0,Premium,Varias veces al mes,Estados Unidos,Lamine Yamal; Neymar Jr.,Sí,Familia,1182,1182,1182,1182
1183,Q51 - Q100,1,1,Moderado,3 a 5 veces por semana,Brasil,Harry Kane; Ninguno,Sí,Amigos,1183,1183,1183,1183
1184,Menos de Q25,1,1,Premium,Rara vez,Uruguay,Kylian Mbappé,Sí,Familia,1184,1184,1184,1184
1185,Q25 - Q50,2,0,Moderado,Varias veces al mes,Inglaterra,Julián Álvarez; Cristiano Ronaldo; Vinícius Júnior,Sí,Familia,1185,1185,1185,1185
1186,Q25 - Q50,3,1,Economico,Varias veces al mes,Alemania,Cristiano Ronaldo; Kylian Mbappé; Lionel Messi,Sí,Familia,1186,1186,1186,1186
1187,Menos de Q25,3,1,Moderado,Todos los días,Alemania,Lamine Yamal,No,Amigos,1187,1187,1187,1187
1481,Q101 - Q150,1,1,Moderado,1 a 2 veces por semana,Inglaterra,Ninguno; Christian Pulisic; Cristiano Ronaldo,Sí,Familia,1481,1481,1481,1481
1189,Menos de Q25,2,0,Accesible,1 a 2 veces por semana,Argelia,Vinícius Júnior,Sí,Familia,1189,1189,1189,1189
1190,Menos de Q25,1,0,Economico,1 a 2 veces por semana,Francia,Lionel Messi,No,Familia,1190,1190,1190,1190
1191,Q25 - Q50,1,1,Accesible,1 a 2 veces por semana,ARGENTINA,Neymar Jr.; Rodri; Cristiano Ronaldo,Sí,Compañeros de trabajo,1191,1191,1191,1191
1192,Q51 - Q100,1,0,Moderado,1 a 2 veces por semana,Portugal,Jude Bellingham; Cristiano Ronaldo; Kylian Mbappé,Sí,Familia,1192,1192,1192,1192
1194,Más de Q150,1,0,Moderado,Varias veces al mes,Argentina,Cristiano Ronaldo; Rodri; Lionel Messi,Sí,Amigos,1194,1194,1194,1194
1195,Q51 - Q100,1,1,Accesible,3 a 5 veces por semana,Uruguay,Cristiano Ronaldo,Sí,Familia,1195,1195,1195,1195
1196,Q101 - Q150,1,0,Accesible,1 a 2 veces por semana,México,Cristiano Ronaldo; Lionel Messi,Sí,Amigos,1196,1196,1196,1196
1197,Q101 - Q150,2,0,Moderado,Todos los días,España,Cristiano Ronaldo,No,Amigos,1197,1197,1197,1197
1198,Q51 - Q100,2,1,Accesible,Rara vez,Brasil,Kylian Mbappé,Sí,Familia,1198,1198,1198,1198
1199,Q25 - Q50,3,1,Accesible,3 a 5 veces por semana,Argentina,Julián Álvarez; Alphonso Davies,Sí,Amigos,1199,1199,1199,1199
1200,Q51 - Q100,3,0,Accesible,Rara vez,Francia,Alphonso Davies; Lamine Yamal,Sí,Amigos,1200,1200,1200,1200
1201,Q25 - Q50,3,0,Premium,3 a 5 veces por semana,Argentina,Neymar Jr.,Sí,Amigos,1201,1201,1201,1201
1202,Q51 - Q100,3,0,Moderado,1 a 2 veces por semana,Túnez,Kylian Mbappé,Sí,Amigos,1202,1202,1202,1202
1203,Q101 - Q150,2,1,Accesible,1 a 2 veces por semana,Argentina,Jude Bellingham; Federico Valverde; Vinícius Júnior,Sí,Amigos,1203,1203,1203,1203
1204,Más de Q150,2,0,Moderado,3 a 5 veces por semana,Brasil,Vinícius Júnior; Lamine Yamal; Neymar Jr.,Sí,Familia,1204,1204,1204,1204
1205,Q25 - Q50,2,1,Moderado,3 a 5 veces por semana,Brasil,Kylian Mbappé,Sí,Compañeros de trabajo,1205,1205,1205,1205
1206,Q25 - Q50,1,0,Moderado,1 a 2 veces por semana,Brasil,Jude Bellingham,Sí,Amigos,1206,1206,1206,1206
1207,Q51 - Q100,1,0,Economico,Todos los días,México,Vinícius Júnior; Neymar Jr.; Alphonso Davies,Sí,Compañeros de trabajo,1207,1207,1207,1207
1208,Q51 - Q100,1,0,Economico,Varias veces al mes,Argentina,Vinícius Júnior; Lionel Messi; Lamine Yamal,Sí,Familia,1208,1208,1208,1208
1209,Q101 - Q150,3,1,Accesible,Todos los días,Argentina,Lionel Messi; Neymar Jr.; Harry Kane,Sí,Familia,1209,1209,1209,1209
1210,Q101 - Q150,3,1,Economico,1 a 2 veces por semana,Argentina,Kylian Mbappé; Lionel Messi; Federico Valverde,Sí,Compañeros de trabajo,1210,1210,1210,1210
1211,Q25 - Q50,2,1,Moderado,3 a 5 veces por semana,México,Federico Valverde; Christian Pulisic,No,Familia,1211,1211,1211,1211
1212,Q51 - Q100,2,1,Super Premium,1 a 2 veces por semana,Irán,Lionel Messi,Sí,Familia,1212,1212,1212,1212
1213,Q25 - Q50,1,1,Super Premium,3 a 5 veces por semana,Estados Unidos,Cristiano Ronaldo; Julián Álvarez; Lionel Messi,Sí,Amigos,1213,1213,1213,1213
1214,Menos de Q25,1,1,Moderado,1 a 2 veces por semana,Portugal,Neymar Jr.; Lionel Messi,Sí,Familia,1214,1214,1214,1214
1215,Más de Q150,2,0,Moderado,Varias veces al mes,Alemania,Lionel Messi,Sí,Familia,1215,1215,1215,1215
1216,Q25 - Q50,1,1,Super Premium,3 a 5 veces por semana,Inglaterra,Lionel Messi,Sí,Familia,1216,1216,1216,1216
1217,Q101 - Q150,3,0,Accesible,Varias veces al mes,Portugal,Christian Pulisic; Cristiano Ronaldo,Sí,Solo,1217,1217,1217,1217
1218,Q25 - Q50,1,0,Accesible,Varias veces al mes,Brasil,Lamine Yamal; Vinícius Júnior; Lionel Messi,No,Amigos,1218,1218,1218,1218
1219,Menos de Q25,2,1,Moderado,3 a 5 veces por semana,Portugal,Cristiano Ronaldo,Sí,Compañeros de trabajo,1219,1219,1219,1219
1220,Q51 - Q100,1,0,Premium,Todos los días,Brasil,Lionel Messi; Harry Kane,No,Solo,1220,1220,1220,1220
1221,Q25 - Q50,3,0,Moderado,3 a 5 veces por semana,Portugal,Lionel Messi; Cristiano Ronaldo; Federico Valverde,Sí,Solo,1221,1221,1221,1221
1222,Más de Q150,1,1,Moderado,3 a 5 veces por semana,Brasil,Kylian Mbappé; Ninguno; Lionel Messi,Sí,Familia,1222,1222,1222,1222
1223,Q25 - Q50,3,0,Premium,Varias veces al mes,Brasil,Harry Kane; Lionel Messi; Vinícius Júnior,No,Amigos,1223,1223,1223,1223
1224,Q25 - Q50,1,1,Economico,Todos los días,Brasil,Lionel Messi; Federico Valverde,Sí,Amigos,1224,1224,1224,1224
1225,Q25 - Q50,1,1,Moderado,Todos los días,México,Lionel Messi,Sí,Familia,1225,1225,1225,1225
1226,Menos de Q25,3,1,Moderado,Rara vez,Portugal,Cristiano Ronaldo,No,Amigos,1226,1226,1226,1226
1227,Q25 - Q50,1,1,Super Premium,Todos los días,Argentina,Cristiano Ronaldo,Sí,Familia,1227,1227,1227,1227
1228,Q51 - Q100,1,0,Premium,1 a 2 veces por semana,Portugal,Cristiano Ronaldo; Lamine Yamal; Jude Bellingham,Sí,Familia,1228,1228,1228,1228
1229,Q25 - Q50,3,0,Accesible,3 a 5 veces por semana,Argentina,Cristiano Ronaldo; Kylian Mbappé; Vinícius Júnior,Sí,Amigos,1229,1229,1229,1229
1230,Q51 - Q100,2,1,Moderado,1 a 2 veces por semana,México,Neymar Jr.,No,Solo,1230,1230,1230,1230
1231,Q51 - Q100,1,0,Accesible,3 a 5 veces por semana,Argentina,Alphonso Davies; Kylian Mbappé,No,Amigos,1231,1231,1231,1231
1232,Q101 - Q150,1,1,Moderado,1 a 2 veces por semana,Brasil,Cristiano Ronaldo; Lamine Yamal,Sí,Familia,1232,1232,1232,1232
1233,Q25 - Q50,2,1,Moderado,3 a 5 veces por semana,Uruguay,Christian Pulisic,Sí,Familia,1233,1233,1233,1233
1234,Q25 - Q50,3,1,Moderado,3 a 5 veces por semana,Colombia,Kylian Mbappé; Cristiano Ronaldo; Neymar Jr.,No,Familia,1234,1234,1234,1234
1235,Q51 - Q100,1,0,Moderado,Todos los días,Brasil,Cristiano Ronaldo,Sí,Amigos,1235,1235,1235,1235
1236,Menos de Q25,3,0,Moderado,Todos los días,ARABIA SAUDITA,Cristiano Ronaldo; Jude Bellingham,Sí,Amigos,1236,1236,1236,1236
1237,Menos de Q25,2,0,Accesible,Varias veces al mes,México,Christian Pulisic; Jude Bellingham,Sí,Amigos,1237,1237,1237,1237
1238,Q51 - Q100,1,0,Accesible,3 a 5 veces por semana,Alemania,Lionel Messi; Cristiano Ronaldo; Lamine Yamal,Sí,Amigos,1238,1238,1238,1238
1239,Q101 - Q150,1,1,Premium,1 a 2 veces por semana,Corea del Sur,Jude Bellingham; Cristiano Ronaldo,Sí,Amigos,1239,1239,1239,1239
1240,Q25 - Q50,3,1,Moderado,Rara vez,Argentina,Harry Kane; Vinícius Júnior; Lamine Yamal,Sí,Amigos,1240,1240,1240,1240
1241,Q25 - Q50,2,1,Moderado,Rara vez,Alemania,Lionel Messi; Jude Bellingham; Rodri,Sí,Familia,1241,1241,1241,1241
1242,Q25 - Q50,2,0,Moderado,Todos los días,Alemania,Lamine Yamal; Harry Kane,Sí,Familia,1242,1242,1242,1242
1243,Menos de Q25,2,1,Moderado,Varias veces al mes,Brasil,Vinícius Júnior; Kylian Mbappé,Sí,Amigos,1243,1243,1243,1243
1244,Menos de Q25,2,0,Moderado,3 a 5 veces por semana,Brasil,Alphonso Davies,Sí,Compañeros de trabajo,1244,1244,1244,1244
1245,Q101 - Q150,2,0,Premium,1 a 2 veces por semana,Ecuador,Rodri; Lionel Messi,Sí,Familia,1245,1245,1245,1245
1246,Menos de Q25,1,1,Accesible,Varias veces al mes,Irak,Jude Bellingham; Neymar Jr.; Lionel Messi,No,Familia,1246,1246,1246,1246
1247,Más de Q150,3,0,Premium,Todos los días,México,Lionel Messi,Sí,Amigos,1247,1247,1247,1247
1248,Q51 - Q100,3,0,Moderado,1 a 2 veces por semana,Portugal,Lionel Messi; Kylian Mbappé,Sí,Solo,1248,1248,1248,1248
1249,Menos de Q25,1,0,Moderado,3 a 5 veces por semana,México,Kylian Mbappé; Jude Bellingham; Lamine Yamal,Sí,Amigos,1249,1249,1249,1249
1250,Menos de Q25,2,1,Premium,3 a 5 veces por semana,México,Kylian Mbappé; Julián Álvarez; Neymar Jr.,Sí,Compañeros de trabajo,1250,1250,1250,1250
1251,Q51 - Q100,1,1,Moderado,3 a 5 veces por semana,México,Alphonso Davies; Lionel Messi; Jude Bellingham,Sí,Familia,1251,1251,1251,1251
1252,Menos de Q25,2,1,Moderado,1 a 2 veces por semana,Portugal,Cristiano Ronaldo,Sí,Familia,1252,1252,1252,1252
1253,Q25 - Q50,2,0,Accesible,Varias veces al mes,Francia,Cristiano Ronaldo; Julián Álvarez; Rodri,Sí,Familia,1253,1253,1253,1253
1254,Menos de Q25,3,1,Accesible,3 a 5 veces por semana,MÉXICO,Kylian Mbappé; Neymar Jr.; Lionel Messi,Sí,Familia,1254,1254,1254,1254
1255,Menos de Q25,3,1,Premium,1 a 2 veces por semana,Argentina,Kylian Mbappé,Sí,Familia,1255,1255,1255,1255
1256,Q25 - Q50,2,0,Accesible,1 a 2 veces por semana,Alemania,Vinícius Júnior; Neymar Jr.,Sí,Compañeros de trabajo,1256,1256,1256,1256
1257,Q25 - Q50,1,0,Economico,Varias veces al mes,Brasil,Vinícius Júnior; Neymar Jr.,Sí,Familia,1257,1257,1257,1257
1258,Q51 - Q100,3,1,Accesible,1 a 2 veces por semana,España,Cristiano Ronaldo,Sí,Solo,1258,1258,1258,1258
1259,Q25 - Q50,3,1,Super Premium,Varias veces al mes,Türkiye,Julián Álvarez; Neymar Jr.; Kylian Mbappé,No,Amigos,1259,1259,1259,1259
1260,Menos de Q25,2,1,Premium,3 a 5 veces por semana,Irán,Jude Bellingham,Sí,Otro,1260,1260,1260,1260
1261,Q25 - Q50,1,1,Accesible,3 a 5 veces por semana,Uruguay,Lionel Messi; Cristiano Ronaldo,Sí,Familia,1261,1261,1261,1261
1262,Menos de Q25,2,1,Accesible,Varias veces al mes,México,Kylian Mbappé; Cristiano Ronaldo,No,Amigos,1262,1262,1262,1262
1263,Q51 - Q100,3,1,Accesible,3 a 5 veces por semana,Alemania,Vinícius Júnior,Sí,Amigos,1263,1263,1263,1263
1264,Q25 - Q50,2,1,Moderado,Varias veces al mes,España,Kylian Mbappé,Sí,Amigos,1264,1264,1264,1264
1265,Q51 - Q100,3,1,Premium,Varias veces al mes,Portugal,Neymar Jr.; Jude Bellingham,Sí,Amigos,1265,1265,1265,1265
1266,Q101 - Q150,3,1,Premium,Varias veces al mes,Argentina,Lionel Messi; Vinícius Júnior; Kylian Mbappé,Sí,Amigos,1266,1266,1266,1266
1267,Q51 - Q100,3,0,Moderado,1 a 2 veces por semana,España,Lionel Messi; Cristiano Ronaldo,Sí,Familia,1267,1267,1267,1267
1268,Q25 - Q50,3,1,Accesible,3 a 5 veces por semana,Brasil,Kylian Mbappé; Vinícius Júnior; Lamine Yamal,Sí,Familia,1268,1268,1268,1268
1269,Q101 - Q150,3,1,Accesible,Varias veces al mes,Colombia,Cristiano Ronaldo,Sí,Otro,1269,1269,1269,1269
1270,Q25 - Q50,2,0,Moderado,Varias veces al mes,Alemania,Lamine Yamal; Lionel Messi; Kylian Mbappé,Sí,Solo,1270,1270,1270,1270
1271,Menos de Q25,1,0,Accesible,Varias veces al mes,Francia,Lionel Messi; Neymar Jr.; Kylian Mbappé,Sí,Amigos,1271,1271,1271,1271
1864,Q51 - Q100,1,1,Moderado,Varias veces al mes,BRASIL,Federico Valverde; Jude Bellingham; Lionel Messi,Sí,Amigos,1864,1864,1864,1864
1273,Q101 - Q150,3,0,Premium,1 a 2 veces por semana,MÉXICO,Neymar Jr.,Sí,Otro,1273,1273,1273,1273
1274,Q101 - Q150,1,1,Super Premium,Todos los días,Costa de Marfil,Lionel Messi; Cristiano Ronaldo,Sí,Familia,1274,1274,1274,1274
1275,Q101 - Q150,3,0,Economico,1 a 2 veces por semana,Estados Unidos,Christian Pulisic; Kylian Mbappé,Sí,Familia,1275,1275,1275,1275
1276,Q51 - Q100,3,1,Premium,Todos los días,Uruguay,Kylian Mbappé; Julián Álvarez,Sí,Amigos,1276,1276,1276,1276
1277,Q101 - Q150,2,1,Moderado,Varias veces al mes,México,Cristiano Ronaldo; Vinícius Júnior,Sí,Amigos,1277,1277,1277,1277
1278,Q25 - Q50,1,1,Premium,3 a 5 veces por semana,Argentina,Jude Bellingham; Neymar Jr.; Cristiano Ronaldo,Sí,Solo,1278,1278,1278,1278
1279,Menos de Q25,3,1,Premium,Rara vez,Portugal,Cristiano Ronaldo; Ninguno; Lionel Messi,Sí,Familia,1279,1279,1279,1279
1280,Q51 - Q100,3,1,Accesible,3 a 5 veces por semana,Brasil,Rodri,Sí,Otro,1280,1280,1280,1280
1281,Q25 - Q50,3,1,Accesible,1 a 2 veces por semana,Argentina,Lionel Messi,Sí,Compañeros de trabajo,1281,1281,1281,1281
1282,Q51 - Q100,1,1,Premium,3 a 5 veces por semana,Francia,Cristiano Ronaldo; Julián Álvarez,Sí,Amigos,1282,1282,1282,1282
1283,Menos de Q25,3,1,Premium,1 a 2 veces por semana,Francia,Lionel Messi,Sí,Amigos,1283,1283,1283,1283
1284,Q51 - Q100,1,1,Accesible,Varias veces al mes,Argentina,Harry Kane; Kylian Mbappé,Sí,Familia,1284,1284,1284,1284
1285,Q101 - Q150,3,0,Premium,3 a 5 veces por semana,Brasil,Kylian Mbappé; Lionel Messi,Sí,Familia,1285,1285,1285,1285
1286,Menos de Q25,3,1,Accesible,Todos los días,México,Neymar Jr.; Kylian Mbappé; Vinícius Júnior,Sí,Compañeros de trabajo,1286,1286,1286,1286
1287,Q25 - Q50,1,0,Accesible,Todos los días,Brasil,Lionel Messi,Sí,Familia,1287,1287,1287,1287
1288,Q51 - Q100,2,1,Moderado,1 a 2 veces por semana,Argentina,Kylian Mbappé,Sí,Amigos,1288,1288,1288,1288
1289,Q101 - Q150,3,0,Premium,Todos los días,Francia,Vinícius Júnior; Lamine Yamal; Alphonso Davies,Sí,Compañeros de trabajo,1289,1289,1289,1289
1290,Q51 - Q100,1,1,Accesible,1 a 2 veces por semana,BRASIL,Cristiano Ronaldo; Jude Bellingham; Neymar Jr.,Sí,Amigos,1290,1290,1290,1290
1291,Q51 - Q100,3,1,Accesible,Varias veces al mes,Portugal,Alphonso Davies; Neymar Jr.,Sí,Familia,1291,1291,1291,1291
1292,Q25 - Q50,3,0,Moderado,3 a 5 veces por semana,Portugal,Lionel Messi; Jude Bellingham; Federico Valverde,Sí,Familia,1292,1292,1292,1292
1293,Q25 - Q50,2,1,Moderado,1 a 2 veces por semana,Egipto,Lionel Messi; Kylian Mbappé,No,Amigos,1293,1293,1293,1293
1294,Más de Q150,1,0,Premium,1 a 2 veces por semana,México,Cristiano Ronaldo,Sí,Familia,1294,1294,1294,1294
1295,Q51 - Q100,1,0,Accesible,3 a 5 veces por semana,Alemania,Lionel Messi,Sí,Amigos,1295,1295,1295,1295
1296,Q25 - Q50,1,1,Premium,1 a 2 veces por semana,España,Rodri,Sí,Familia,1296,1296,1296,1296
1297,Q25 - Q50,3,1,Moderado,Varias veces al mes,Estados Unidos,Kylian Mbappé,Sí,Familia,1297,1297,1297,1297
1298,Q25 - Q50,1,0,Accesible,1 a 2 veces por semana,Inglaterra,Harry Kane,Sí,Familia,1298,1298,1298,1298
1299,Q51 - Q100,2,1,Moderado,3 a 5 veces por semana,Portugal,Lionel Messi; Jude Bellingham,Sí,Amigos,1299,1299,1299,1299
1300,Q101 - Q150,2,0,Premium,Rara vez,Argentina,Cristiano Ronaldo; Christian Pulisic; Vinícius Júnior,Sí,Amigos,1300,1300,1300,1300
1301,Q101 - Q150,3,1,Moderado,3 a 5 veces por semana,España,Harry Kane,Sí,Amigos,1301,1301,1301,1301
1302,Q25 - Q50,1,1,Economico,Todos los días,Inglaterra,Cristiano Ronaldo,Sí,Amigos,1302,1302,1302,1302
1303,Q25 - Q50,2,1,Premium,1 a 2 veces por semana,España,Julián Álvarez,No,Familia,1303,1303,1303,1303
1304,Q101 - Q150,1,1,Moderado,Todos los días,Argentina,Christian Pulisic; Jude Bellingham,No,Familia,1304,1304,1304,1304
1305,Q51 - Q100,1,0,Accesible,Rara vez,Ghana,Julián Álvarez; Kylian Mbappé,Sí,Familia,1305,1305,1305,1305
1306,Q25 - Q50,1,0,Accesible,1 a 2 veces por semana,Argentina,Lionel Messi,Sí,Familia,1306,1306,1306,1306
1307,Q25 - Q50,3,1,Premium,Todos los días,Brasil,Jude Bellingham,Sí,Otro,1307,1307,1307,1307
1308,Q25 - Q50,2,0,Moderado,Todos los días,Argentina,Jude Bellingham; Cristiano Ronaldo; Lionel Messi,Sí,Amigos,1308,1308,1308,1308
1309,Q51 - Q100,3,0,Moderado,3 a 5 veces por semana,España,Neymar Jr.,Sí,Otro,1309,1309,1309,1309
1310,Q25 - Q50,1,1,Moderado,1 a 2 veces por semana,México,Kylian Mbappé,Sí,Amigos,1310,1310,1310,1310
1311,Q25 - Q50,3,1,Accesible,1 a 2 veces por semana,Argelia,Lionel Messi; Cristiano Ronaldo,Sí,Familia,1311,1311,1311,1311
1312,Q25 - Q50,1,1,Premium,Todos los días,PORTUGAL,Lamine Yamal; Kylian Mbappé; Cristiano Ronaldo,No,Compañeros de trabajo,1312,1312,1312,1312
1313,Q25 - Q50,3,1,Economico,Todos los días,Francia,Lionel Messi,Sí,Familia,1313,1313,1313,1313
1314,Menos de Q25,3,1,Economico,Varias veces al mes,Argentina,Neymar Jr.; Federico Valverde; Jude Bellingham,Sí,Amigos,1314,1314,1314,1314
1315,Q51 - Q100,1,1,Moderado,Varias veces al mes,Brasil,Julián Álvarez,No,Amigos,1315,1315,1315,1315
1316,Q101 - Q150,1,1,Accesible,1 a 2 veces por semana,Francia,Neymar Jr.; Julián Álvarez; Jude Bellingham,Sí,Amigos,1316,1316,1316,1316
1317,Q101 - Q150,2,0,Premium,1 a 2 veces por semana,Brasil,Alphonso Davies; Kylian Mbappé; Lamine Yamal,Sí,Compañeros de trabajo,1317,1317,1317,1317
1318,Q51 - Q100,2,1,Super Premium,Varias veces al mes,México,Neymar Jr.,No,Solo,1318,1318,1318,1318
2405,Q51 - Q100,3,1,Moderado,3 a 5 veces por semana,Portugal,Cristiano Ronaldo,Sí,Amigos,2405,2405,2405,2405
1320,Q25 - Q50,2,0,Premium,1 a 2 veces por semana,Brasil,Vinícius Júnior,Sí,Amigos,1320,1320,1320,1320
1321,Q101 - Q150,1,0,Moderado,Todos los días,Uruguay,Cristiano Ronaldo,No,Otro,1321,1321,1321,1321
1322,Q25 - Q50,3,0,Moderado,3 a 5 veces por semana,España,Julián Álvarez,Sí,Familia,1322,1322,1322,1322
1323,Q25 - Q50,2,0,Premium,Varias veces al mes,Brasil,Cristiano Ronaldo; Kylian Mbappé; Julián Álvarez,Sí,Solo,1323,1323,1323,1323
1324,Q25 - Q50,1,1,Accesible,1 a 2 veces por semana,Brasil,Kylian Mbappé,Sí,Compañeros de trabajo,1324,1324,1324,1324
1325,Q25 - Q50,1,1,Accesible,Todos los días,Portugal,Lionel Messi; Kylian Mbappé; Lamine Yamal,Sí,Compañeros de trabajo,1325,1325,1325,1325
1326,Q51 - Q100,3,1,Accesible,1 a 2 veces por semana,Canadá,Rodri,Sí,Amigos,1326,1326,1326,1326
1327,Q51 - Q100,1,1,Accesible,1 a 2 veces por semana,Brasil,Cristiano Ronaldo; Lionel Messi; Federico Valverde,No,Familia,1327,1327,1327,1327
1328,Q25 - Q50,2,1,Economico,3 a 5 veces por semana,Argentina,Cristiano Ronaldo; Kylian Mbappé,Sí,Familia,1328,1328,1328,1328
1329,Q51 - Q100,1,0,Accesible,3 a 5 veces por semana,Francia,Vinícius Júnior; Cristiano Ronaldo; Lionel Messi,Sí,Amigos,1329,1329,1329,1329
1330,Q51 - Q100,1,0,Premium,Rara vez,Estados Unidos,Cristiano Ronaldo; Lamine Yamal; Neymar Jr.,Sí,Familia,1330,1330,1330,1330
1331,Q51 - Q100,2,1,Premium,3 a 5 veces por semana,Francia,Cristiano Ronaldo,Sí,Solo,1331,1331,1331,1331
1332,Q51 - Q100,2,1,Premium,3 a 5 veces por semana,Estados Unidos,Lionel Messi; Cristiano Ronaldo,Sí,Otro,1332,1332,1332,1332
1333,Q51 - Q100,1,1,Accesible,Rara vez,Argentina,Cristiano Ronaldo; Ninguno; Lionel Messi,Sí,Familia,1333,1333,1333,1333
1334,Q51 - Q100,1,0,Premium,1 a 2 veces por semana,Inglaterra,Lamine Yamal; Cristiano Ronaldo,Sí,Familia,1334,1334,1334,1334
1335,Q51 - Q100,3,1,Economico,3 a 5 veces por semana,Portugal,Harry Kane,Sí,Familia,1335,1335,1335,1335
1336,Q25 - Q50,1,0,Moderado,3 a 5 veces por semana,Francia,Kylian Mbappé; Alphonso Davies; Vinícius Júnior,Sí,Familia,1336,1336,1336,1336
1337,Q25 - Q50,3,0,Moderado,1 a 2 veces por semana,Argentina,Cristiano Ronaldo,Sí,Familia,1337,1337,1337,1337
1339,Q51 - Q100,2,0,Super Premium,Todos los días,Argentina,Neymar Jr.; Lionel Messi,Sí,Familia,1339,1339,1339,1339
1340,Q25 - Q50,2,1,Accesible,3 a 5 veces por semana,México,Lamine Yamal,No,Familia,1340,1340,1340,1340
1341,Más de Q150,2,0,Premium,Todos los días,México,Lionel Messi; Cristiano Ronaldo,Sí,Amigos,1341,1341,1341,1341
1342,Menos de Q25,1,1,Premium,1 a 2 veces por semana,Francia,Alphonso Davies; Cristiano Ronaldo; Neymar Jr.,Sí,Amigos,1342,1342,1342,1342
1343,Q25 - Q50,3,1,Moderado,3 a 5 veces por semana,México,Lionel Messi,Sí,Solo,1343,1343,1343,1343
1344,Q101 - Q150,2,0,Moderado,1 a 2 veces por semana,Brasil,Cristiano Ronaldo; Lamine Yamal; Neymar Jr.,No,Solo,1344,1344,1344,1344
1345,Q25 - Q50,1,1,Moderado,Varias veces al mes,Alemania,Cristiano Ronaldo,Sí,Compañeros de trabajo,1345,1345,1345,1345
1346,Q101 - Q150,2,1,Premium,1 a 2 veces por semana,Alemania,Kylian Mbappé; Rodri,Sí,Amigos,1346,1346,1346,1346
1347,Q25 - Q50,2,1,Premium,Varias veces al mes,Brasil,Lionel Messi,Sí,Familia,1347,1347,1347,1347
1348,Q51 - Q100,1,0,Accesible,Varias veces al mes,España,Kylian Mbappé; Vinícius Júnior; Harry Kane,Sí,Solo,1348,1348,1348,1348
1349,Q25 - Q50,2,0,Accesible,Todos los días,Argentina,Lionel Messi; Julián Álvarez,Sí,Amigos,1349,1349,1349,1349
1350,Más de Q150,1,0,Premium,Varias veces al mes,Argentina,Julián Álvarez,Sí,Amigos,1350,1350,1350,1350
1351,Q51 - Q100,3,0,Premium,3 a 5 veces por semana,Argentina,Cristiano Ronaldo,Sí,Compañeros de trabajo,1351,1351,1351,1351
1352,Q51 - Q100,1,1,Economico,3 a 5 veces por semana,Brasil,Lionel Messi; Christian Pulisic,Sí,Solo,1352,1352,1352,1352
1353,Menos de Q25,1,1,Moderado,Varias veces al mes,Francia,Lamine Yamal; Cristiano Ronaldo; Neymar Jr.,Sí,Amigos,1353,1353,1353,1353
1354,Q51 - Q100,1,1,Super Premium,3 a 5 veces por semana,Colombia,Jude Bellingham,Sí,Compañeros de trabajo,1354,1354,1354,1354
1355,Menos de Q25,3,1,Accesible,1 a 2 veces por semana,Francia,Cristiano Ronaldo; Harry Kane,Sí,Familia,1355,1355,1355,1355
1356,Q51 - Q100,3,1,Premium,Varias veces al mes,Portugal,Federico Valverde,Sí,Compañeros de trabajo,1356,1356,1356,1356
1357,Q25 - Q50,3,1,Moderado,1 a 2 veces por semana,Argentina,Vinícius Júnior; Kylian Mbappé; Cristiano Ronaldo,Sí,Compañeros de trabajo,1357,1357,1357,1357
1358,Más de Q150,3,0,Premium,Todos los días,Argentina,Ninguno; Lionel Messi; Cristiano Ronaldo,Sí,Amigos,1358,1358,1358,1358
1359,Menos de Q25,2,1,Moderado,1 a 2 veces por semana,BRASIL,Vinícius Júnior,Sí,Familia,1359,1359,1359,1359
1360,Q25 - Q50,3,1,Economico,Varias veces al mes,México,Lionel Messi; Julián Álvarez; Kylian Mbappé,Sí,Familia,1360,1360,1360,1360
1361,Q25 - Q50,1,1,Premium,3 a 5 veces por semana,Alemania,Julián Álvarez; Ninguno,Sí,Familia,1361,1361,1361,1361
1362,Q25 - Q50,2,0,Moderado,Rara vez,Portugal,Lamine Yamal; Julián Álvarez,Sí,Familia,1362,1362,1362,1362
1363,Menos de Q25,1,1,Accesible,3 a 5 veces por semana,España,Lionel Messi; Federico Valverde; Harry Kane,Sí,Familia,1363,1363,1363,1363
1364,Q25 - Q50,3,1,Accesible,1 a 2 veces por semana,Argentina,Cristiano Ronaldo; Christian Pulisic; Jude Bellingham,Sí,Familia,1364,1364,1364,1364
1365,Q51 - Q100,1,1,Premium,1 a 2 veces por semana,Inglaterra,Harry Kane; Lionel Messi; Cristiano Ronaldo,Sí,Solo,1365,1365,1365,1365
1366,Q51 - Q100,1,1,Moderado,Varias veces al mes,Alemania,Christian Pulisic; Vinícius Júnior; Neymar Jr.,Sí,Familia,1366,1366,1366,1366
1367,Q101 - Q150,1,1,Economico,Rara vez,Argentina,Cristiano Ronaldo; Kylian Mbappé,Sí,Amigos,1367,1367,1367,1367
1368,Q51 - Q100,2,0,Premium,1 a 2 veces por semana,Argentina,Lamine Yamal; Cristiano Ronaldo,Sí,Familia,1368,1368,1368,1368
1369,Q101 - Q150,1,1,Accesible,Varias veces al mes,Argentina,Jude Bellingham,Sí,Solo,1369,1369,1369,1369
1370,Q25 - Q50,2,1,Moderado,Varias veces al mes,BRASIL,Neymar Jr.,Sí,Amigos,1370,1370,1370,1370
1371,Q51 - Q100,2,1,Accesible,1 a 2 veces por semana,España,Lamine Yamal; Harry Kane; Lionel Messi,Sí,Amigos,1371,1371,1371,1371
1372,Más de Q150,3,0,Accesible,1 a 2 veces por semana,México,Neymar Jr.; Vinícius Júnior,Sí,Amigos,1372,1372,1372,1372
1373,Q25 - Q50,3,0,Accesible,Varias veces al mes,Inglaterra,Rodri; Federico Valverde,No,Amigos,1373,1373,1373,1373
1374,Q51 - Q100,3,1,Moderado,1 a 2 veces por semana,Curaçao,Kylian Mbappé,Sí,Familia,1374,1374,1374,1374
1375,Más de Q150,3,0,Economico,Varias veces al mes,Brasil,Cristiano Ronaldo; Vinícius Júnior; Christian Pulisic,Sí,Familia,1375,1375,1375,1375
1376,Q25 - Q50,3,1,Accesible,1 a 2 veces por semana,Uruguay,Lionel Messi,Sí,Familia,1376,1376,1376,1376
1377,Q51 - Q100,1,0,Economico,3 a 5 veces por semana,Inglaterra,Neymar Jr.,No,Solo,1377,1377,1377,1377
1378,Q51 - Q100,1,1,Moderado,Varias veces al mes,Inglaterra,Kylian Mbappé,Sí,Familia,1378,1378,1378,1378
1379,Q25 - Q50,2,1,Moderado,Todos los días,Brasil,Rodri; Kylian Mbappé; Federico Valverde,Sí,Compañeros de trabajo,1379,1379,1379,1379
1380,Menos de Q25,1,1,Accesible,1 a 2 veces por semana,Brasil,Ninguno,No,Amigos,1380,1380,1380,1380
1381,Q101 - Q150,3,1,Premium,Varias veces al mes,Argentina,Kylian Mbappé,Sí,Amigos,1381,1381,1381,1381
1382,Q25 - Q50,3,1,Accesible,Todos los días,España,Lionel Messi; Kylian Mbappé,Sí,Familia,1382,1382,1382,1382
1383,Q51 - Q100,1,1,Moderado,Varias veces al mes,Portugal,Neymar Jr.,No,Familia,1383,1383,1383,1383
1384,Q25 - Q50,3,1,Super Premium,3 a 5 veces por semana,México,Alphonso Davies,Sí,Familia,1384,1384,1384,1384
1385,Q101 - Q150,1,1,Accesible,Todos los días,México,Lionel Messi; Cristiano Ronaldo,No,Familia,1385,1385,1385,1385
1386,Q51 - Q100,2,0,Moderado,Rara vez,Argentina,Lionel Messi; Lamine Yamal,Sí,Familia,1386,1386,1386,1386
1387,Q51 - Q100,1,0,Accesible,Rara vez,ESPAÑA,Lionel Messi,Sí,Familia,1387,1387,1387,1387
1388,Q51 - Q100,1,1,Accesible,Todos los días,Alemania,Ninguno; Lionel Messi,Sí,Amigos,1388,1388,1388,1388
1389,Q51 - Q100,2,0,Premium,3 a 5 veces por semana,España,Cristiano Ronaldo,Sí,Familia,1389,1389,1389,1389
1390,Q25 - Q50,3,1,Premium,1 a 2 veces por semana,Argentina,Cristiano Ronaldo; Neymar Jr.,Sí,Solo,1390,1390,1390,1390
1391,Q51 - Q100,2,1,Moderado,Todos los días,Uzbekistán,Lionel Messi; Cristiano Ronaldo,Sí,Amigos,1391,1391,1391,1391
1392,Q25 - Q50,2,0,Accesible,3 a 5 veces por semana,Inglaterra,Kylian Mbappé; Cristiano Ronaldo,Sí,Familia,1392,1392,1392,1392
1393,Q101 - Q150,1,1,Accesible,1 a 2 veces por semana,Brasil,Vinícius Júnior; Julián Álvarez,Sí,Familia,1393,1393,1393,1393
1394,Q51 - Q100,3,0,Economico,3 a 5 veces por semana,Portugal,Cristiano Ronaldo; Julián Álvarez,Sí,Amigos,1394,1394,1394,1394
1395,Q25 - Q50,1,1,Moderado,1 a 2 veces por semana,España,Julián Álvarez; Lamine Yamal,Sí,Amigos,1395,1395,1395,1395
1396,Más de Q150,3,0,Premium,3 a 5 veces por semana,Francia,Kylian Mbappé,Sí,Familia,1396,1396,1396,1396
1397,Q101 - Q150,2,1,Accesible,Todos los días,España,Cristiano Ronaldo; Kylian Mbappé,Sí,Solo,1397,1397,1397,1397
1398,Q25 - Q50,1,0,Moderado,3 a 5 veces por semana,Argentina,Lionel Messi,Sí,Compañeros de trabajo,1398,1398,1398,1398
1399,Q25 - Q50,2,1,Premium,3 a 5 veces por semana,España,Vinícius Júnior; Cristiano Ronaldo; Neymar Jr.,Sí,Amigos,1399,1399,1399,1399
1400,Q51 - Q100,1,1,Accesible,3 a 5 veces por semana,Argentina,Cristiano Ronaldo,Sí,Familia,1400,1400,1400,1400
1401,Q51 - Q100,2,0,Accesible,Rara vez,Estados Unidos,Alphonso Davies; Cristiano Ronaldo,Sí,Amigos,1401,1401,1401,1401
1402,Q51 - Q100,3,1,Accesible,Todos los días,Curaçao,Jude Bellingham; Ninguno; Cristiano Ronaldo,Sí,Amigos,1402,1402,1402,1402
1403,Menos de Q25,1,0,Moderado,Rara vez,Argentina,Alphonso Davies; Lionel Messi,Sí,Solo,1403,1403,1403,1403
1404,Menos de Q25,1,1,Accesible,3 a 5 veces por semana,Portugal,Lionel Messi,Sí,Amigos,1404,1404,1404,1404
1405,Q51 - Q100,2,0,Premium,3 a 5 veces por semana,Francia,Kylian Mbappé; Rodri,Sí,Familia,1405,1405,1405,1405
1406,Q25 - Q50,1,1,Moderado,3 a 5 veces por semana,Inglaterra,Cristiano Ronaldo; Lionel Messi,Sí,Amigos,1406,1406,1406,1406
1407,Q25 - Q50,2,0,Accesible,1 a 2 veces por semana,Francia,Cristiano Ronaldo; Neymar Jr.; Vinícius Júnior,Sí,Familia,1407,1407,1407,1407
1408,Q25 - Q50,3,1,Super Premium,1 a 2 veces por semana,Argentina,Cristiano Ronaldo; Lionel Messi; Neymar Jr.,Sí,Amigos,1408,1408,1408,1408
1409,Q51 - Q100,1,0,Accesible,Varias veces al mes,Marruecos,Lamine Yamal,Sí,Amigos,1409,1409,1409,1409
1410,Q51 - Q100,2,0,Moderado,Todos los días,Suecia,Cristiano Ronaldo; Neymar Jr.,Sí,Solo,1410,1410,1410,1410
1411,Q25 - Q50,2,1,Moderado,Rara vez,Austria,Harry Kane,Sí,Amigos,1411,1411,1411,1411
1412,Q101 - Q150,1,1,Moderado,Todos los días,Inglaterra,Jude Bellingham; Federico Valverde,Sí,Amigos,1412,1412,1412,1412
1413,Menos de Q25,1,1,Premium,3 a 5 veces por semana,España,Federico Valverde; Jude Bellingham,Sí,Familia,1413,1413,1413,1413
1414,Q51 - Q100,2,1,Accesible,Varias veces al mes,México,Alphonso Davies; Kylian Mbappé,Sí,Compañeros de trabajo,1414,1414,1414,1414
1415,Menos de Q25,3,0,Moderado,3 a 5 veces por semana,Argentina,Alphonso Davies; Neymar Jr.; Kylian Mbappé,Sí,Familia,1415,1415,1415,1415
1417,Q51 - Q100,2,0,Moderado,1 a 2 veces por semana,Argentina,Kylian Mbappé,Sí,Amigos,1417,1417,1417,1417
1418,Q51 - Q100,3,1,Moderado,Todos los días,Portugal,Cristiano Ronaldo,Sí,Familia,1418,1418,1418,1418
1419,Q101 - Q150,3,0,Moderado,1 a 2 veces por semana,México,Cristiano Ronaldo,Sí,Otro,1419,1419,1419,1419
1420,Más de Q150,2,0,Super Premium,Varias veces al mes,Argentina,Cristiano Ronaldo,Sí,Amigos,1420,1420,1420,1420
1421,Q51 - Q100,3,0,Accesible,1 a 2 veces por semana,Alemania,Vinícius Júnior; Cristiano Ronaldo; Kylian Mbappé,Sí,Amigos,1421,1421,1421,1421
1422,Q25 - Q50,2,0,Accesible,Varias veces al mes,Brasil,Lionel Messi; Lamine Yamal; Cristiano Ronaldo,Sí,Amigos,1422,1422,1422,1422
2478,Q101 - Q150,1,1,Accesible,1 a 2 veces por semana,Brasil,Cristiano Ronaldo; Federico Valverde,Sí,Compañeros de trabajo,2478,2478,2478,2478
1424,Q25 - Q50,2,1,Premium,3 a 5 veces por semana,Argentina,Vinícius Júnior,Sí,Familia,1424,1424,1424,1424
1425,Menos de Q25,2,0,Accesible,1 a 2 veces por semana,Brasil,Alphonso Davies; Neymar Jr.,No,Familia,1425,1425,1425,1425
1426,Q51 - Q100,2,1,Moderado,3 a 5 veces por semana,Argentina,Kylian Mbappé; Lamine Yamal,Sí,Solo,1426,1426,1426,1426
1427,Q25 - Q50,3,1,Moderado,1 a 2 veces por semana,Colombia,Christian Pulisic; Julián Álvarez; Jude Bellingham,Sí,Solo,1427,1427,1427,1427
1428,Q25 - Q50,2,1,Premium,1 a 2 veces por semana,México,Neymar Jr.,Sí,Familia,1428,1428,1428,1428
1429,Menos de Q25,3,1,Premium,1 a 2 veces por semana,Argentina,Kylian Mbappé,Sí,Amigos,1429,1429,1429,1429
1430,Q25 - Q50,1,1,Moderado,1 a 2 veces por semana,Brasil,Lamine Yamal; Lionel Messi,Sí,Familia,1430,1430,1430,1430
1431,Q51 - Q100,2,1,Moderado,3 a 5 veces por semana,Argentina,Vinícius Júnior,Sí,Familia,1431,1431,1431,1431
1432,Q25 - Q50,3,0,Moderado,3 a 5 veces por semana,Inglaterra,Lionel Messi; Cristiano Ronaldo; Neymar Jr.,Sí,Amigos,1432,1432,1432,1432
1433,Q101 - Q150,3,1,Moderado,Todos los días,Argentina,Cristiano Ronaldo; Jude Bellingham; Lionel Messi,Sí,Amigos,1433,1433,1433,1433
1434,Q51 - Q100,1,1,Accesible,3 a 5 veces por semana,Brasil,Jude Bellingham; Vinícius Júnior,Sí,Amigos,1434,1434,1434,1434
1435,Q25 - Q50,1,1,Super Premium,Varias veces al mes,Czechia,Kylian Mbappé; Cristiano Ronaldo,Sí,Familia,1435,1435,1435,1435
1436,Más de Q150,2,1,Economico,3 a 5 veces por semana,ARGENTINA,Kylian Mbappé; Harry Kane,Sí,Amigos,1436,1436,1436,1436
1437,Q51 - Q100,3,0,Moderado,Varias veces al mes,Brasil,Cristiano Ronaldo,Sí,Familia,1437,1437,1437,1437
1438,Menos de Q25,2,0,Premium,1 a 2 veces por semana,México,Rodri,Sí,Familia,1438,1438,1438,1438
1439,Más de Q150,1,1,Premium,Varias veces al mes,México,Lionel Messi,Sí,Familia,1439,1439,1439,1439
1440,Q25 - Q50,2,1,Moderado,3 a 5 veces por semana,Uruguay,Lamine Yamal; Cristiano Ronaldo; Harry Kane,Sí,Amigos,1440,1440,1440,1440
1441,Q25 - Q50,2,0,Moderado,3 a 5 veces por semana,Argentina,Jude Bellingham; Lamine Yamal,Sí,Familia,1441,1441,1441,1441
1442,Q25 - Q50,3,0,Moderado,Todos los días,Portugal,Cristiano Ronaldo; Lionel Messi; Vinícius Júnior,Sí,Compañeros de trabajo,1442,1442,1442,1442
1443,Q101 - Q150,3,0,Moderado,Varias veces al mes,Portugal,Lamine Yamal; Neymar Jr.; Lionel Messi,Sí,Familia,1443,1443,1443,1443
1444,Q25 - Q50,2,1,Accesible,1 a 2 veces por semana,Brasil,Lionel Messi,Sí,Solo,1444,1444,1444,1444
1445,Q25 - Q50,1,0,Moderado,1 a 2 veces por semana,España,Christian Pulisic; Lionel Messi; Neymar Jr.,No,Amigos,1445,1445,1445,1445
1446,Q25 - Q50,2,1,Accesible,1 a 2 veces por semana,España,Cristiano Ronaldo,No,Amigos,1446,1446,1446,1446
1447,Q25 - Q50,1,1,Moderado,1 a 2 veces por semana,Estados Unidos,Jude Bellingham; Kylian Mbappé; Neymar Jr.,Sí,Familia,1447,1447,1447,1447
1448,Q101 - Q150,3,1,Super Premium,1 a 2 veces por semana,México,Cristiano Ronaldo,Sí,Familia,1448,1448,1448,1448
1449,Q51 - Q100,1,1,Premium,3 a 5 veces por semana,Argentina,Neymar Jr.; Lionel Messi,No,Familia,1449,1449,1449,1449
1450,Q25 - Q50,2,0,Moderado,Varias veces al mes,Francia,Cristiano Ronaldo; Julián Álvarez,Sí,Amigos,1450,1450,1450,1450
1451,Más de Q150,1,1,Moderado,Todos los días,Francia,Cristiano Ronaldo,Sí,Amigos,1451,1451,1451,1451
1452,Más de Q150,2,1,Super Premium,1 a 2 veces por semana,México,Lionel Messi; Jude Bellingham,Sí,Familia,1452,1452,1452,1452
1453,Q25 - Q50,3,1,Accesible,1 a 2 veces por semana,Argentina,Lionel Messi; Cristiano Ronaldo; Julián Álvarez,Sí,Familia,1453,1453,1453,1453
1454,Q51 - Q100,3,1,Accesible,Todos los días,Alemania,Cristiano Ronaldo; Vinícius Júnior; Lionel Messi,Sí,Amigos,1454,1454,1454,1454
1455,Q101 - Q150,2,1,Moderado,Varias veces al mes,Francia,Vinícius Júnior; Lionel Messi,Sí,Otro,1455,1455,1455,1455
1456,Menos de Q25,3,0,Accesible,1 a 2 veces por semana,Brasil,Kylian Mbappé; Lionel Messi; Harry Kane,Sí,Compañeros de trabajo,1456,1456,1456,1456
1457,Q25 - Q50,3,1,Moderado,Rara vez,Francia,Neymar Jr.; Federico Valverde,No,Solo,1457,1457,1457,1457
1458,Q51 - Q100,1,0,Economico,Varias veces al mes,Francia,Kylian Mbappé; Neymar Jr.; Federico Valverde,Sí,Compañeros de trabajo,1458,1458,1458,1458
1460,Q51 - Q100,2,0,Moderado,1 a 2 veces por semana,Colombia,Neymar Jr.; Ninguno; Vinícius Júnior,Sí,Amigos,1460,1460,1460,1460
1461,Q51 - Q100,1,1,Moderado,Todos los días,Argentina,Neymar Jr.; Alphonso Davies,No,Amigos,1461,1461,1461,1461
1462,Menos de Q25,1,1,Moderado,Todos los días,Argentina,Lionel Messi; Cristiano Ronaldo; Jude Bellingham,Sí,Familia,1462,1462,1462,1462
1463,Q51 - Q100,2,0,Moderado,Rara vez,Francia,Julián Álvarez; Neymar Jr.; Vinícius Júnior,Sí,Amigos,1463,1463,1463,1463
1464,Menos de Q25,3,1,Super Premium,1 a 2 veces por semana,Francia,Lionel Messi,Sí,Familia,1464,1464,1464,1464
1465,Q51 - Q100,3,0,Super Premium,3 a 5 veces por semana,Portugal,Cristiano Ronaldo,Sí,Amigos,1465,1465,1465,1465
1466,Más de Q150,3,0,Economico,3 a 5 veces por semana,Colombia,Lionel Messi; Jude Bellingham,Sí,Familia,1466,1466,1466,1466
1467,Q51 - Q100,2,0,Accesible,Rara vez,Argentina,Kylian Mbappé; Lamine Yamal; Federico Valverde,Sí,Solo,1467,1467,1467,1467
1468,Menos de Q25,1,0,Premium,1 a 2 veces por semana,Argentina,Jude Bellingham,Sí,Solo,1468,1468,1468,1468
1469,Q25 - Q50,1,1,Accesible,Varias veces al mes,Brasil,Lionel Messi,Sí,Amigos,1469,1469,1469,1469
1470,Menos de Q25,3,1,Accesible,1 a 2 veces por semana,México,Kylian Mbappé; Lionel Messi; Lamine Yamal,Sí,Amigos,1470,1470,1470,1470
1471,Q25 - Q50,3,0,Premium,1 a 2 veces por semana,Brasil,Neymar Jr.; Lionel Messi; Federico Valverde,Sí,Amigos,1471,1471,1471,1471
1473,Q101 - Q150,2,0,Super Premium,Todos los días,MÉXICO,Lamine Yamal; Federico Valverde; Christian Pulisic,Sí,Familia,1473,1473,1473,1473
1474,Q25 - Q50,3,1,Accesible,3 a 5 veces por semana,Portugal,Lionel Messi; Kylian Mbappé,Sí,Familia,1474,1474,1474,1474
1475,Menos de Q25,1,1,Moderado,Varias veces al mes,Argentina,Neymar Jr.; Lamine Yamal,No,Amigos,1475,1475,1475,1475
1476,Q25 - Q50,2,1,Moderado,1 a 2 veces por semana,Argentina,Cristiano Ronaldo; Lionel Messi,Sí,Otro,1476,1476,1476,1476
1477,Más de Q150,2,1,Accesible,Varias veces al mes,México,Julián Álvarez,Sí,Amigos,1477,1477,1477,1477
1478,Q51 - Q100,3,1,Accesible,Todos los días,Alemania,Cristiano Ronaldo; Lionel Messi; Jude Bellingham,Sí,Amigos,1478,1478,1478,1478
1479,Q25 - Q50,1,1,Accesible,1 a 2 veces por semana,Francia,Harry Kane; Kylian Mbappé,Sí,Otro,1479,1479,1479,1479
1480,Q51 - Q100,1,1,Moderado,Todos los días,Francia,Vinícius Júnior; Cristiano Ronaldo,Sí,Compañeros de trabajo,1480,1480,1480,1480
1482,Q25 - Q50,1,1,Accesible,1 a 2 veces por semana,Alemania,Jude Bellingham; Neymar Jr.; Cristiano Ronaldo,Sí,Amigos,1482,1482,1482,1482
1483,Q51 - Q100,3,1,Economico,3 a 5 veces por semana,México,Alphonso Davies; Jude Bellingham; Ninguno,No,Familia,1483,1483,1483,1483
1484,Q25 - Q50,2,1,Moderado,1 a 2 veces por semana,México,Harry Kane; Kylian Mbappé; Cristiano Ronaldo,Sí,Amigos,1484,1484,1484,1484
1485,Q51 - Q100,3,1,Moderado,Varias veces al mes,Brasil,Lionel Messi; Neymar Jr.; Kylian Mbappé,No,Solo,1485,1485,1485,1485
1486,Q25 - Q50,2,1,Moderado,Varias veces al mes,Portugal,Cristiano Ronaldo; Neymar Jr.,Sí,Amigos,1486,1486,1486,1486
1487,Q51 - Q100,1,0,Accesible,1 a 2 veces por semana,Inglaterra,Harry Kane; Lamine Yamal,Sí,Amigos,1487,1487,1487,1487
1488,Menos de Q25,3,0,Premium,Varias veces al mes,Argentina,Lionel Messi; Kylian Mbappé,No,Compañeros de trabajo,1488,1488,1488,1488
1489,Menos de Q25,3,0,Accesible,Varias veces al mes,Alemania,Kylian Mbappé; Julián Álvarez,Sí,Familia,1489,1489,1489,1489
1490,Q101 - Q150,2,0,Moderado,3 a 5 veces por semana,Irak,Lionel Messi; Neymar Jr.; Federico Valverde,Sí,Solo,1490,1490,1490,1490
1491,Q25 - Q50,3,1,Premium,Todos los días,ARGENTINA,Jude Bellingham,Sí,Familia,1491,1491,1491,1491
1492,Q25 - Q50,3,1,Accesible,Todos los días,BRASIL,Cristiano Ronaldo,Sí,Compañeros de trabajo,1492,1492,1492,1492
1493,Q101 - Q150,1,1,Accesible,Varias veces al mes,Brasil,Jude Bellingham,Sí,Familia,1493,1493,1493,1493
1494,Q25 - Q50,3,1,Premium,1 a 2 veces por semana,Brasil,Lionel Messi; Neymar Jr.,Sí,Amigos,1494,1494,1494,1494
1495,Q25 - Q50,1,1,Moderado,Todos los días,México,Vinícius Júnior; Neymar Jr.; Kylian Mbappé,Sí,Familia,1495,1495,1495,1495
1496,Menos de Q25,1,1,Premium,Varias veces al mes,Irán,Neymar Jr.,No,Compañeros de trabajo,1496,1496,1496,1496
1497,Q25 - Q50,2,1,Accesible,3 a 5 veces por semana,México,Lionel Messi; Christian Pulisic,Sí,Amigos,1497,1497,1497,1497
1498,Q25 - Q50,1,1,Accesible,1 a 2 veces por semana,Argentina,Cristiano Ronaldo; Lionel Messi; Rodri,No,Solo,1498,1498,1498,1498
1499,Q25 - Q50,1,1,Moderado,3 a 5 veces por semana,Portugal,Cristiano Ronaldo; Neymar Jr.; Christian Pulisic,No,Familia,1499,1499,1499,1499
1500,Q51 - Q100,1,1,Premium,Todos los días,Argentina,Lionel Messi; Vinícius Júnior; Kylian Mbappé,Sí,Familia,1500,1500,1500,1500
1501,Q25 - Q50,1,0,Premium,1 a 2 veces por semana,Alemania,Vinícius Júnior,Sí,Amigos,1501,1501,1501,1501
1502,Menos de Q25,3,1,Economico,1 a 2 veces por semana,Argentina,Julián Álvarez; Neymar Jr.,Sí,Amigos,1502,1502,1502,1502
1503,Q25 - Q50,1,0,Accesible,Todos los días,Argentina,Neymar Jr.,Sí,Amigos,1503,1503,1503,1503
1504,Más de Q150,3,1,Moderado,1 a 2 veces por semana,Brasil,Vinícius Júnior,Sí,Solo,1504,1504,1504,1504
1505,Más de Q150,1,1,Moderado,Varias veces al mes,México,Jude Bellingham,No,Otro,1505,1505,1505,1505
1506,Menos de Q25,3,1,Moderado,1 a 2 veces por semana,Brasil,Kylian Mbappé; Lionel Messi; Christian Pulisic,Sí,Amigos,1506,1506,1506,1506
1507,Q101 - Q150,1,1,Economico,Todos los días,Brasil,Christian Pulisic; Cristiano Ronaldo,Sí,Amigos,1507,1507,1507,1507
1508,Q51 - Q100,3,1,Moderado,Varias veces al mes,Alemania,Christian Pulisic; Kylian Mbappé; Jude Bellingham,Sí,Amigos,1508,1508,1508,1508
1509,Q25 - Q50,2,0,Moderado,Varias veces al mes,Brasil,Cristiano Ronaldo,No,Familia,1509,1509,1509,1509
1510,Q51 - Q100,1,1,Premium,3 a 5 veces por semana,Alemania,Cristiano Ronaldo,Sí,Amigos,1510,1510,1510,1510
1511,Q25 - Q50,1,1,Moderado,1 a 2 veces por semana,Portugal,Lionel Messi,Sí,Familia,1511,1511,1511,1511
1512,Q101 - Q150,2,1,Moderado,Varias veces al mes,Francia,Lionel Messi,Sí,Compañeros de trabajo,1512,1512,1512,1512
1513,Q25 - Q50,1,0,Moderado,1 a 2 veces por semana,Inglaterra,Federico Valverde,Sí,Amigos,1513,1513,1513,1513
1514,Q51 - Q100,2,1,Premium,1 a 2 veces por semana,México,Neymar Jr.; Kylian Mbappé,Sí,Solo,1514,1514,1514,1514
1515,Menos de Q25,1,1,Moderado,3 a 5 veces por semana,ARGENTINA,Kylian Mbappé; Julián Álvarez; Lionel Messi,Sí,Amigos,1515,1515,1515,1515
1516,Q101 - Q150,1,1,Super Premium,3 a 5 veces por semana,Argentina,Cristiano Ronaldo,Sí,Familia,1516,1516,1516,1516
1517,Q101 - Q150,1,0,Moderado,Todos los días,Noruega,Lamine Yamal,Sí,Otro,1517,1517,1517,1517
1518,Q51 - Q100,2,1,Premium,1 a 2 veces por semana,Francia,Neymar Jr.; Ninguno; Vinícius Júnior,Sí,Familia,1518,1518,1518,1518
1519,Q101 - Q150,3,0,Economico,3 a 5 veces por semana,Argentina,Vinícius Júnior,Sí,Solo,1519,1519,1519,1519
1520,Q25 - Q50,2,0,Moderado,Rara vez,Brasil,Vinícius Júnior,Sí,Amigos,1520,1520,1520,1520
1521,Más de Q150,1,1,Moderado,3 a 5 veces por semana,Francia,Lionel Messi,No,Amigos,1521,1521,1521,1521
1522,Q51 - Q100,2,0,Accesible,3 a 5 veces por semana,Brasil,Cristiano Ronaldo; Lionel Messi; Lamine Yamal,Sí,Amigos,1522,1522,1522,1522
1523,Q25 - Q50,2,0,Moderado,Todos los días,Portugal,Cristiano Ronaldo; Lionel Messi; Christian Pulisic,Sí,Amigos,1523,1523,1523,1523
1524,Menos de Q25,3,1,Premium,1 a 2 veces por semana,Brasil,Lionel Messi; Alphonso Davies; Lamine Yamal,Sí,Amigos,1524,1524,1524,1524
1525,Q101 - Q150,1,1,Moderado,Todos los días,Colombia,Lamine Yamal; Rodri; Neymar Jr.,Sí,Amigos,1525,1525,1525,1525
1526,Menos de Q25,2,1,Accesible,1 a 2 veces por semana,Alemania,Cristiano Ronaldo; Vinícius Júnior,Sí,Amigos,1526,1526,1526,1526
1527,Q101 - Q150,3,0,Premium,Varias veces al mes,Brasil,Lamine Yamal,Sí,Compañeros de trabajo,1527,1527,1527,1527
1528,Q51 - Q100,1,0,Moderado,1 a 2 veces por semana,Argentina,Alphonso Davies; Neymar Jr.,Sí,Amigos,1528,1528,1528,1528
1529,Más de Q150,3,1,Premium,Todos los días,Argentina,Christian Pulisic; Jude Bellingham; Cristiano Ronaldo,No,Familia,1529,1529,1529,1529
1530,Q101 - Q150,2,1,Moderado,Todos los días,Inglaterra,Jude Bellingham,Sí,Familia,1530,1530,1530,1530
1531,Q25 - Q50,3,0,Premium,3 a 5 veces por semana,Argentina,Lionel Messi; Christian Pulisic; Kylian Mbappé,Sí,Compañeros de trabajo,1531,1531,1531,1531
1532,Q25 - Q50,3,1,Premium,3 a 5 veces por semana,Argentina,Lionel Messi; Neymar Jr.; Jude Bellingham,Sí,Compañeros de trabajo,1532,1532,1532,1532
1533,Q101 - Q150,3,1,Moderado,1 a 2 veces por semana,Colombia,Harry Kane; Alphonso Davies,Sí,Compañeros de trabajo,1533,1533,1533,1533
1534,Más de Q150,1,1,Moderado,3 a 5 veces por semana,Argentina,Jude Bellingham,Sí,Otro,1534,1534,1534,1534
1535,Q51 - Q100,2,1,Accesible,3 a 5 veces por semana,Brasil,Jude Bellingham; Neymar Jr.; Vinícius Júnior,Sí,Compañeros de trabajo,1535,1535,1535,1535
1536,Q51 - Q100,2,1,Moderado,Varias veces al mes,México,Vinícius Júnior; Harry Kane; Neymar Jr.,Sí,Amigos,1536,1536,1536,1536
1537,Q51 - Q100,3,1,Accesible,Varias veces al mes,Japón,Cristiano Ronaldo,Sí,Solo,1537,1537,1537,1537
1538,Q25 - Q50,2,1,Moderado,3 a 5 veces por semana,Argentina,Harry Kane,Sí,Amigos,1538,1538,1538,1538
1539,Q51 - Q100,3,1,Premium,Todos los días,Japón,Cristiano Ronaldo,No,Amigos,1539,1539,1539,1539
1540,Menos de Q25,3,0,Economico,3 a 5 veces por semana,Corea del Sur,Kylian Mbappé; Harry Kane; Alphonso Davies,No,Familia,1540,1540,1540,1540
1541,Q25 - Q50,2,0,Moderado,Varias veces al mes,Argentina,Jude Bellingham; Alphonso Davies,Sí,Compañeros de trabajo,1541,1541,1541,1541
1542,Q25 - Q50,2,1,Premium,1 a 2 veces por semana,México,Ninguno; Jude Bellingham; Lamine Yamal,Sí,Familia,1542,1542,1542,1542
1543,Q51 - Q100,1,1,Moderado,3 a 5 veces por semana,Argentina,Alphonso Davies; Jude Bellingham; Vinícius Júnior,Sí,Familia,1543,1543,1543,1543
1544,Menos de Q25,2,1,Accesible,Rara vez,Nueva Zelanda,Cristiano Ronaldo,Sí,Compañeros de trabajo,1544,1544,1544,1544
1545,Q101 - Q150,2,0,Accesible,1 a 2 veces por semana,Países Bajos,Cristiano Ronaldo,No,Otro,1545,1545,1545,1545
1546,Q51 - Q100,2,0,Premium,1 a 2 veces por semana,Argentina,Cristiano Ronaldo; Vinícius Júnior; Julián Álvarez,Sí,Familia,1546,1546,1546,1546
1547,Q51 - Q100,2,1,Accesible,1 a 2 veces por semana,Inglaterra,Lamine Yamal,Sí,Compañeros de trabajo,1547,1547,1547,1547
1548,Q51 - Q100,1,1,Moderado,Varias veces al mes,Francia,Alphonso Davies,Sí,Amigos,1548,1548,1548,1548
1549,Menos de Q25,1,1,Economico,3 a 5 veces por semana,España,Lionel Messi; Ninguno; Vinícius Júnior,Sí,Amigos,1549,1549,1549,1549
1550,Q51 - Q100,2,0,Moderado,1 a 2 veces por semana,Argentina,Federico Valverde; Vinícius Júnior; Lionel Messi,Sí,Solo,1550,1550,1550,1550
1551,Menos de Q25,2,1,Moderado,Varias veces al mes,Argentina,Lionel Messi,Sí,Amigos,1551,1551,1551,1551
1552,Menos de Q25,1,1,Premium,3 a 5 veces por semana,Argentina,Cristiano Ronaldo; Harry Kane,Sí,Familia,1552,1552,1552,1552
1553,Q101 - Q150,1,1,Economico,3 a 5 veces por semana,Argentina,Lamine Yamal; Christian Pulisic; Lionel Messi,Sí,Familia,1553,1553,1553,1553
1554,Q51 - Q100,1,1,Super Premium,Rara vez,Estados Unidos,Christian Pulisic; Harry Kane; Lamine Yamal,Sí,Familia,1554,1554,1554,1554
1555,Menos de Q25,1,0,Premium,Varias veces al mes,Portugal,Lionel Messi; Cristiano Ronaldo; Jude Bellingham,Sí,Familia,1555,1555,1555,1555
1556,Q25 - Q50,2,1,Economico,3 a 5 veces por semana,Portugal,Kylian Mbappé; Lionel Messi; Vinícius Júnior,No,Familia,1556,1556,1556,1556
1557,Q51 - Q100,2,0,Moderado,3 a 5 veces por semana,Francia,Lionel Messi; Cristiano Ronaldo; Harry Kane,Sí,Amigos,1557,1557,1557,1557
1558,Q101 - Q150,2,0,Accesible,3 a 5 veces por semana,Francia,Lionel Messi; Neymar Jr.,Sí,Familia,1558,1558,1558,1558
1559,Q51 - Q100,3,0,Accesible,3 a 5 veces por semana,Alemania,Vinícius Júnior; Neymar Jr.; Jude Bellingham,Sí,Amigos,1559,1559,1559,1559
1560,Más de Q150,2,1,Moderado,1 a 2 veces por semana,COLOMBIA,Cristiano Ronaldo; Julián Álvarez; Lamine Yamal,Sí,Familia,1560,1560,1560,1560
1561,Q25 - Q50,2,0,Moderado,3 a 5 veces por semana,Francia,Christian Pulisic; Lionel Messi,Sí,Familia,1561,1561,1561,1561
1562,Q101 - Q150,1,1,Premium,1 a 2 veces por semana,Francia,Cristiano Ronaldo,Sí,Solo,1562,1562,1562,1562
1563,Menos de Q25,1,0,Premium,Todos los días,Francia,Ninguno; Christian Pulisic,Sí,Amigos,1563,1563,1563,1563
1564,Q25 - Q50,2,0,Premium,3 a 5 veces por semana,Francia,Cristiano Ronaldo,Sí,Amigos,1564,1564,1564,1564
1565,Q51 - Q100,2,1,Accesible,1 a 2 veces por semana,Argentina,Vinícius Júnior,No,Familia,1565,1565,1565,1565
1566,Q25 - Q50,3,0,Moderado,3 a 5 veces por semana,Estados Unidos,Vinícius Júnior,Sí,Amigos,1566,1566,1566,1566
1567,Q51 - Q100,1,1,Moderado,Rara vez,Brasil,Lionel Messi; Jude Bellingham; Cristiano Ronaldo,Sí,Familia,1567,1567,1567,1567
1568,Menos de Q25,2,1,Accesible,Varias veces al mes,México,Lionel Messi; Cristiano Ronaldo,Sí,Compañeros de trabajo,1568,1568,1568,1568
1569,Q51 - Q100,2,1,Premium,3 a 5 veces por semana,Argentina,Christian Pulisic; Lamine Yamal; Julián Álvarez,No,Solo,1569,1569,1569,1569
1570,Q25 - Q50,1,1,Accesible,Todos los días,Argentina,Julián Álvarez; Christian Pulisic,Sí,Familia,1570,1570,1570,1570
1571,Más de Q150,3,0,Moderado,1 a 2 veces por semana,Argentina,Lionel Messi; Lamine Yamal,Sí,Familia,1571,1571,1571,1571
1572,Q25 - Q50,3,1,Accesible,3 a 5 veces por semana,South Africa,Neymar Jr.; Cristiano Ronaldo,Sí,Amigos,1572,1572,1572,1572
1573,Q25 - Q50,2,1,Accesible,3 a 5 veces por semana,Inglaterra,Lionel Messi; Cristiano Ronaldo,Sí,Amigos,1573,1573,1573,1573
1574,Q51 - Q100,1,0,Moderado,Varias veces al mes,Inglaterra,Julián Álvarez; Cristiano Ronaldo,No,Solo,1574,1574,1574,1574
1575,Q101 - Q150,1,1,Super Premium,1 a 2 veces por semana,Colombia,Lionel Messi; Christian Pulisic,Sí,Compañeros de trabajo,1575,1575,1575,1575
1576,Q51 - Q100,1,1,Moderado,1 a 2 veces por semana,Portugal,Kylian Mbappé; Lamine Yamal; Vinícius Júnior,Sí,Familia,1576,1576,1576,1576
1577,Menos de Q25,2,1,Moderado,3 a 5 veces por semana,Portugal,Cristiano Ronaldo; Rodri,Sí,Amigos,1577,1577,1577,1577
1578,Más de Q150,1,0,Economico,3 a 5 veces por semana,ESPAÑA,Rodri; Cristiano Ronaldo; Neymar Jr.,No,Otro,1578,1578,1578,1578
1579,Q51 - Q100,2,1,Premium,1 a 2 veces por semana,MÉXICO,Kylian Mbappé; Neymar Jr.,Sí,Familia,1579,1579,1579,1579
1580,Más de Q150,2,0,Premium,3 a 5 veces por semana,Portugal,Julián Álvarez; Kylian Mbappé,Sí,Familia,1580,1580,1580,1580
1581,Q25 - Q50,2,0,Moderado,1 a 2 veces por semana,Portugal,Kylian Mbappé; Federico Valverde; Ninguno,Sí,Familia,1581,1581,1581,1581
1582,Q51 - Q100,2,1,Premium,1 a 2 veces por semana,Brasil,Neymar Jr.,Sí,Amigos,1582,1582,1582,1582
1583,Menos de Q25,2,0,Moderado,3 a 5 veces por semana,Brasil,Cristiano Ronaldo; Vinícius Júnior,Sí,Familia,1583,1583,1583,1583
1584,Q25 - Q50,3,1,Accesible,1 a 2 veces por semana,Brasil,Lionel Messi,Sí,Solo,1584,1584,1584,1584
1585,Q51 - Q100,1,0,Premium,3 a 5 veces por semana,México,Christian Pulisic; Vinícius Júnior,Sí,Solo,1585,1585,1585,1585
1586,Q51 - Q100,1,1,Moderado,Varias veces al mes,Portugal,Neymar Jr.,Sí,Amigos,1586,1586,1586,1586
1587,Menos de Q25,1,1,Economico,Varias veces al mes,Brasil,Alphonso Davies; Julián Álvarez,Sí,Familia,1587,1587,1587,1587
1588,Q25 - Q50,1,1,Premium,Todos los días,Portugal,Lionel Messi,Sí,Solo,1588,1588,1588,1588
1589,Q101 - Q150,2,1,Economico,1 a 2 veces por semana,México,Lamine Yamal; Lionel Messi; Cristiano Ronaldo,No,Familia,1589,1589,1589,1589
1590,Más de Q150,1,1,Premium,1 a 2 veces por semana,Argentina,Alphonso Davies,No,Solo,1590,1590,1590,1590
1591,Q25 - Q50,2,0,Premium,Varias veces al mes,Portugal,Cristiano Ronaldo,No,Compañeros de trabajo,1591,1591,1591,1591
1592,Q25 - Q50,3,0,Premium,3 a 5 veces por semana,Brasil,Jude Bellingham; Neymar Jr.,Sí,Amigos,1592,1592,1592,1592
1593,Q25 - Q50,2,1,Moderado,Todos los días,Curaçao,Jude Bellingham; Rodri; Julián Álvarez,Sí,Familia,1593,1593,1593,1593
1594,Q101 - Q150,2,0,Accesible,3 a 5 veces por semana,Inglaterra,Julián Álvarez,Sí,Solo,1594,1594,1594,1594
1596,Q51 - Q100,1,0,Premium,3 a 5 veces por semana,Francia,Julián Álvarez,Sí,Amigos,1596,1596,1596,1596
1597,Menos de Q25,3,0,Moderado,3 a 5 veces por semana,España,Alphonso Davies; Cristiano Ronaldo; Kylian Mbappé,No,Amigos,1597,1597,1597,1597
1598,Q51 - Q100,1,1,Accesible,Varias veces al mes,Estados Unidos,Vinícius Júnior; Federico Valverde; Julián Álvarez,Sí,Solo,1598,1598,1598,1598
1599,Más de Q150,2,1,Moderado,Rara vez,Brasil,Vinícius Júnior; Kylian Mbappé,Sí,Familia,1599,1599,1599,1599
1600,Menos de Q25,1,1,Premium,1 a 2 veces por semana,Uruguay,Vinícius Júnior; Christian Pulisic,Sí,Familia,1600,1600,1600,1600
1601,Q25 - Q50,3,0,Premium,Todos los días,Colombia,Julián Álvarez; Cristiano Ronaldo,Sí,Otro,1601,1601,1601,1601
1602,Menos de Q25,2,0,Premium,3 a 5 veces por semana,Irak,Jude Bellingham,Sí,Familia,1602,1602,1602,1602
1603,Q51 - Q100,1,1,Moderado,Todos los días,Ghana,Lionel Messi; Cristiano Ronaldo,Sí,Amigos,1603,1603,1603,1603
1604,Q51 - Q100,2,0,Moderado,3 a 5 veces por semana,Inglaterra,Jude Bellingham,Sí,Familia,1604,1604,1604,1604
1605,Q25 - Q50,1,1,Accesible,Todos los días,Portugal,Cristiano Ronaldo,Sí,Solo,1605,1605,1605,1605
1606,Q101 - Q150,2,1,Moderado,1 a 2 veces por semana,Túnez,Cristiano Ronaldo,Sí,Amigos,1606,1606,1606,1606
1607,Q101 - Q150,3,0,Accesible,Todos los días,Portugal,Lionel Messi; Kylian Mbappé,Sí,Amigos,1607,1607,1607,1607
1608,Q25 - Q50,3,1,Moderado,Varias veces al mes,Brasil,Lionel Messi,Sí,Solo,1608,1608,1608,1608
1609,Q101 - Q150,1,0,Moderado,Varias veces al mes,Estados Unidos,Vinícius Júnior,No,Amigos,1609,1609,1609,1609
1610,Q25 - Q50,2,1,Premium,Varias veces al mes,Francia,Vinícius Júnior,No,Amigos,1610,1610,1610,1610
1611,Q51 - Q100,2,1,Accesible,1 a 2 veces por semana,México,Vinícius Júnior; Neymar Jr.; Lionel Messi,Sí,Amigos,1611,1611,1611,1611
1612,Q51 - Q100,2,1,Moderado,1 a 2 veces por semana,Francia,Lionel Messi; Cristiano Ronaldo; Vinícius Júnior,Sí,Familia,1612,1612,1612,1612
1613,Q25 - Q50,1,0,Moderado,3 a 5 veces por semana,Inglaterra,Christian Pulisic; Ninguno; Kylian Mbappé,Sí,Familia,1613,1613,1613,1613
1614,Más de Q150,1,1,Accesible,Todos los días,Francia,Federico Valverde; Cristiano Ronaldo; Kylian Mbappé,Sí,Familia,1614,1614,1614,1614
1615,Q51 - Q100,1,0,Economico,3 a 5 veces por semana,México,Lionel Messi; Neymar Jr.,Sí,Familia,1615,1615,1615,1615
1616,Q25 - Q50,3,1,Premium,3 a 5 veces por semana,Estados Unidos,Neymar Jr.; Lionel Messi; Cristiano Ronaldo,Sí,Familia,1616,1616,1616,1616
1617,Menos de Q25,1,1,Moderado,Todos los días,Brasil,Cristiano Ronaldo,Sí,Amigos,1617,1617,1617,1617
1618,Q51 - Q100,3,1,Premium,Todos los días,Argentina,Jude Bellingham,Sí,Familia,1618,1618,1618,1618
1619,Q25 - Q50,1,0,Accesible,3 a 5 veces por semana,Brasil,Neymar Jr.; Cristiano Ronaldo; Vinícius Júnior,Sí,Amigos,1619,1619,1619,1619
1620,Q25 - Q50,1,0,Accesible,3 a 5 veces por semana,MÉXICO,Vinícius Júnior; Cristiano Ronaldo; Rodri,No,Amigos,1620,1620,1620,1620
1621,Q25 - Q50,2,1,Accesible,Rara vez,Inglaterra,Cristiano Ronaldo; Neymar Jr.; Lamine Yamal,Sí,Amigos,1621,1621,1621,1621
1622,Q101 - Q150,2,1,Accesible,3 a 5 veces por semana,Portugal,Christian Pulisic; Lionel Messi; Neymar Jr.,Sí,Amigos,1622,1622,1622,1622
1623,Q101 - Q150,3,1,Moderado,3 a 5 veces por semana,Alemania,Cristiano Ronaldo,Sí,Familia,1623,1623,1623,1623
1624,Más de Q150,1,1,Moderado,3 a 5 veces por semana,Argentina,Harry Kane,No,Solo,1624,1624,1624,1624
1625,Q25 - Q50,1,0,Accesible,1 a 2 veces por semana,México,Alphonso Davies,Sí,Familia,1625,1625,1625,1625
1626,Q101 - Q150,3,0,Premium,3 a 5 veces por semana,Croacia,Cristiano Ronaldo; Christian Pulisic; Lionel Messi,Sí,Amigos,1626,1626,1626,1626
1627,Menos de Q25,1,1,Super Premium,Todos los días,Argentina,Cristiano Ronaldo; Neymar Jr.; Alphonso Davies,Sí,Compañeros de trabajo,1627,1627,1627,1627
1628,Q101 - Q150,1,0,Accesible,3 a 5 veces por semana,Bosnia y Herzegovina,Cristiano Ronaldo; Lionel Messi; Julián Álvarez,Sí,Familia,1628,1628,1628,1628
1629,Q25 - Q50,2,0,Premium,1 a 2 veces por semana,Inglaterra,Christian Pulisic; Vinícius Júnior,Sí,Amigos,1629,1629,1629,1629
1630,Q51 - Q100,3,1,Moderado,1 a 2 veces por semana,Francia,Lionel Messi; Cristiano Ronaldo,Sí,Familia,1630,1630,1630,1630
1631,Q25 - Q50,2,0,Accesible,Varias veces al mes,Brasil,Lionel Messi,No,Compañeros de trabajo,1631,1631,1631,1631
1632,Q25 - Q50,3,0,Premium,1 a 2 veces por semana,Inglaterra,Ninguno; Lionel Messi,No,Familia,1632,1632,1632,1632
1633,Menos de Q25,3,0,Accesible,1 a 2 veces por semana,Argentina,Lionel Messi; Neymar Jr.,Sí,Solo,1633,1633,1633,1633
1634,Q25 - Q50,3,1,Moderado,3 a 5 veces por semana,Argentina,Kylian Mbappé,Sí,Amigos,1634,1634,1634,1634
1635,Q25 - Q50,3,1,Moderado,Rara vez,España,Lamine Yamal; Cristiano Ronaldo,Sí,Familia,1635,1635,1635,1635
1636,Q101 - Q150,1,1,Moderado,Todos los días,México,Harry Kane; Cristiano Ronaldo,Sí,Familia,1636,1636,1636,1636
1637,Q25 - Q50,2,0,Premium,Todos los días,South Africa,Jude Bellingham,Sí,Familia,1637,1637,1637,1637
1638,Q25 - Q50,1,0,Economico,Varias veces al mes,Costa de Marfil,Alphonso Davies,Sí,Familia,1638,1638,1638,1638
1639,Q51 - Q100,1,1,Economico,1 a 2 veces por semana,Estados Unidos,Neymar Jr.; Kylian Mbappé,Sí,Compañeros de trabajo,1639,1639,1639,1639
1640,Más de Q150,1,1,Super Premium,1 a 2 veces por semana,Alemania,Federico Valverde; Lionel Messi; Vinícius Júnior,Sí,Compañeros de trabajo,1640,1640,1640,1640
1641,Más de Q150,1,1,Accesible,Todos los días,Estados Unidos,Julián Álvarez; Vinícius Júnior,Sí,Amigos,1641,1641,1641,1641
1642,Q25 - Q50,1,1,Accesible,Rara vez,Brasil,Neymar Jr.,Sí,Familia,1642,1642,1642,1642
1643,Q51 - Q100,2,1,Accesible,Varias veces al mes,Brasil,Jude Bellingham; Vinícius Júnior; Harry Kane,Sí,Familia,1643,1643,1643,1643
1644,Q101 - Q150,1,1,Premium,3 a 5 veces por semana,Francia,Kylian Mbappé; Cristiano Ronaldo,Sí,Amigos,1644,1644,1644,1644
1645,Menos de Q25,1,0,Premium,1 a 2 veces por semana,Brasil,Ninguno; Lamine Yamal; Kylian Mbappé,Sí,Amigos,1645,1645,1645,1645
1646,Q51 - Q100,2,1,Premium,Rara vez,Argentina,Jude Bellingham,Sí,Familia,1646,1646,1646,1646
1647,Q51 - Q100,2,1,Accesible,3 a 5 veces por semana,España,Cristiano Ronaldo; Ninguno,Sí,Familia,1647,1647,1647,1647
1648,Más de Q150,3,1,Moderado,3 a 5 veces por semana,México,Cristiano Ronaldo; Vinícius Júnior,Sí,Familia,1648,1648,1648,1648
1649,Q51 - Q100,3,0,Accesible,Todos los días,Brasil,Jude Bellingham,Sí,Amigos,1649,1649,1649,1649
1650,Q51 - Q100,2,0,Moderado,Todos los días,Brasil,Cristiano Ronaldo,Sí,Compañeros de trabajo,1650,1650,1650,1650
1651,Q51 - Q100,1,0,Premium,1 a 2 veces por semana,Argentina,Vinícius Júnior; Julián Álvarez; Kylian Mbappé,Sí,Familia,1651,1651,1651,1651
1652,Q101 - Q150,3,1,Premium,3 a 5 veces por semana,Uruguay,Cristiano Ronaldo,Sí,Familia,1652,1652,1652,1652
1653,Más de Q150,2,1,Moderado,Varias veces al mes,ARGENTINA,Lionel Messi; Neymar Jr.; Rodri,Sí,Amigos,1653,1653,1653,1653
1654,Q25 - Q50,3,1,Moderado,1 a 2 veces por semana,España,Lionel Messi; Neymar Jr.; Jude Bellingham,Sí,Amigos,1654,1654,1654,1654
1655,Q51 - Q100,3,1,Moderado,3 a 5 veces por semana,Francia,Jude Bellingham,Sí,Compañeros de trabajo,1655,1655,1655,1655
1656,Q51 - Q100,3,1,Accesible,1 a 2 veces por semana,Argentina,Christian Pulisic; Harry Kane; Jude Bellingham,No,Compañeros de trabajo,1656,1656,1656,1656
1657,Q25 - Q50,1,1,Accesible,Varias veces al mes,Francia,Cristiano Ronaldo; Harry Kane,Sí,Amigos,1657,1657,1657,1657
1658,Más de Q150,2,0,Super Premium,Todos los días,Colombia,Lionel Messi,Sí,Amigos,1658,1658,1658,1658
1659,Más de Q150,3,1,Accesible,1 a 2 veces por semana,Portugal,Lionel Messi,Sí,Familia,1659,1659,1659,1659
1660,Q51 - Q100,2,0,Premium,1 a 2 veces por semana,Francia,Cristiano Ronaldo,Sí,Familia,1660,1660,1660,1660
1661,Q51 - Q100,2,0,Premium,1 a 2 veces por semana,Colombia,Neymar Jr.; Lionel Messi; Lamine Yamal,Sí,Familia,1661,1661,1661,1661
1662,Q25 - Q50,3,0,Premium,1 a 2 veces por semana,España,Kylian Mbappé,Sí,Familia,1662,1662,1662,1662
1663,Q25 - Q50,1,0,Premium,3 a 5 veces por semana,España,Neymar Jr.; Lionel Messi; Cristiano Ronaldo,No,Amigos,1663,1663,1663,1663
1664,Q51 - Q100,3,1,Economico,1 a 2 veces por semana,Argentina,Lionel Messi; Rodri; Vinícius Júnior,Sí,Familia,1664,1664,1664,1664
1665,Q51 - Q100,2,1,Moderado,3 a 5 veces por semana,Brasil,Cristiano Ronaldo,Sí,Amigos,1665,1665,1665,1665
1666,Q25 - Q50,1,1,Economico,Todos los días,Portugal,Cristiano Ronaldo; Neymar Jr.,Sí,Familia,1666,1666,1666,1666
1667,Q51 - Q100,3,1,Moderado,Varias veces al mes,España,Cristiano Ronaldo,Sí,Amigos,1667,1667,1667,1667
1668,Q51 - Q100,2,1,Accesible,Varias veces al mes,Brasil,Lamine Yamal,Sí,Compañeros de trabajo,1668,1668,1668,1668
1669,Q25 - Q50,3,0,Moderado,3 a 5 veces por semana,Brasil,Vinícius Júnior,Sí,Familia,1669,1669,1669,1669
1670,Q25 - Q50,1,0,Premium,1 a 2 veces por semana,Inglaterra,Lionel Messi; Harry Kane,Sí,Compañeros de trabajo,1670,1670,1670,1670
1671,Q25 - Q50,3,0,Premium,1 a 2 veces por semana,México,Lionel Messi; Neymar Jr.,Sí,Amigos,1671,1671,1671,1671
1672,Menos de Q25,2,1,Accesible,Varias veces al mes,Argentina,Cristiano Ronaldo; Neymar Jr.; Alphonso Davies,Sí,Amigos,1672,1672,1672,1672
1673,Q25 - Q50,1,1,Premium,Varias veces al mes,Argentina,Cristiano Ronaldo; Lionel Messi; Vinícius Júnior,No,Amigos,1673,1673,1673,1673
1674,Q25 - Q50,2,0,Accesible,Varias veces al mes,Brasil,Lamine Yamal; Alphonso Davies,Sí,Otro,1674,1674,1674,1674
1675,Q51 - Q100,1,0,Accesible,Todos los días,Portugal,Ninguno; Vinícius Júnior; Cristiano Ronaldo,Sí,Solo,1675,1675,1675,1675
1676,Más de Q150,2,1,Moderado,3 a 5 veces por semana,Estados Unidos,Federico Valverde; Kylian Mbappé; Cristiano Ronaldo,Sí,Amigos,1676,1676,1676,1676
1677,Q51 - Q100,2,0,Accesible,Varias veces al mes,Francia,Vinícius Júnior; Lionel Messi; Jude Bellingham,Sí,Familia,1677,1677,1677,1677
1678,Q51 - Q100,1,1,Moderado,3 a 5 veces por semana,Brasil,Lionel Messi; Jude Bellingham,Sí,Familia,1678,1678,1678,1678
1679,Q51 - Q100,3,0,Accesible,1 a 2 veces por semana,España,Lamine Yamal; Kylian Mbappé,Sí,Familia,1679,1679,1679,1679
1680,Q51 - Q100,3,1,Moderado,1 a 2 veces por semana,México,Kylian Mbappé; Jude Bellingham; Cristiano Ronaldo,Sí,Familia,1680,1680,1680,1680
1681,Q25 - Q50,2,1,Premium,3 a 5 veces por semana,Argentina,Ninguno,Sí,Amigos,1681,1681,1681,1681
1682,Q51 - Q100,1,0,Accesible,Rara vez,Francia,Kylian Mbappé; Lionel Messi,Sí,Familia,1682,1682,1682,1682
1683,Menos de Q25,3,1,Premium,3 a 5 veces por semana,España,Lionel Messi; Kylian Mbappé; Federico Valverde,Sí,Amigos,1683,1683,1683,1683
1684,Q25 - Q50,1,1,Moderado,Todos los días,Brasil,Cristiano Ronaldo; Lionel Messi,No,Solo,1684,1684,1684,1684
1685,Q51 - Q100,1,0,Accesible,3 a 5 veces por semana,Brasil,Kylian Mbappé,Sí,Amigos,1685,1685,1685,1685
1686,Menos de Q25,2,1,Premium,1 a 2 veces por semana,Inglaterra,Lionel Messi; Julián Álvarez; Cristiano Ronaldo,Sí,Amigos,1686,1686,1686,1686
1687,Q51 - Q100,2,0,Accesible,1 a 2 veces por semana,Marruecos,Kylian Mbappé,Sí,Otro,1687,1687,1687,1687
1688,Q101 - Q150,3,1,Accesible,Todos los días,Francia,Christian Pulisic; Lionel Messi; Vinícius Júnior,Sí,Amigos,1688,1688,1688,1688
1689,Q25 - Q50,1,1,Accesible,Rara vez,Brasil,Jude Bellingham,Sí,Amigos,1689,1689,1689,1689
1690,Q25 - Q50,3,1,Economico,Todos los días,Portugal,Vinícius Júnior; Lionel Messi; Cristiano Ronaldo,Sí,Familia,1690,1690,1690,1690
1691,Q25 - Q50,2,0,Accesible,1 a 2 veces por semana,FRANCIA,Lamine Yamal; Cristiano Ronaldo; Neymar Jr.,Sí,Otro,1691,1691,1691,1691
1692,Q51 - Q100,1,1,Accesible,3 a 5 veces por semana,Portugal,Julián Álvarez; Rodri; Lamine Yamal,Sí,Familia,1692,1692,1692,1692
1693,Menos de Q25,1,0,Moderado,3 a 5 veces por semana,México,Christian Pulisic; Lamine Yamal,Sí,Amigos,1693,1693,1693,1693
1694,Q25 - Q50,1,0,Premium,Todos los días,Inglaterra,Lionel Messi; Vinícius Júnior; Cristiano Ronaldo,Sí,Solo,1694,1694,1694,1694
1695,Q51 - Q100,3,1,Accesible,1 a 2 veces por semana,México,Cristiano Ronaldo; Vinícius Júnior,No,Solo,1695,1695,1695,1695
1696,Q101 - Q150,3,0,Super Premium,3 a 5 veces por semana,España,Federico Valverde; Lionel Messi,No,Familia,1696,1696,1696,1696
1697,Menos de Q25,3,0,Accesible,1 a 2 veces por semana,Argentina,Cristiano Ronaldo; Neymar Jr.; Vinícius Júnior,Sí,Familia,1697,1697,1697,1697
1698,Q51 - Q100,2,0,Moderado,3 a 5 veces por semana,Congo DR,Lamine Yamal,No,Familia,1698,1698,1698,1698
1699,Menos de Q25,1,1,Premium,3 a 5 veces por semana,Brasil,Cristiano Ronaldo; Vinícius Júnior; Neymar Jr.,Sí,Otro,1699,1699,1699,1699
1700,Q51 - Q100,1,0,Moderado,1 a 2 veces por semana,Francia,Kylian Mbappé; Alphonso Davies,Sí,Familia,1700,1700,1700,1700
1701,Menos de Q25,3,1,Moderado,Todos los días,Argentina,Lionel Messi; Cristiano Ronaldo,Sí,Amigos,1701,1701,1701,1701
1702,Q51 - Q100,2,1,Premium,1 a 2 veces por semana,Brasil,Federico Valverde; Neymar Jr.,Sí,Familia,1702,1702,1702,1702
1703,Q25 - Q50,3,0,Premium,1 a 2 veces por semana,España,Alphonso Davies,Sí,Amigos,1703,1703,1703,1703
1704,Q25 - Q50,1,1,Super Premium,1 a 2 veces por semana,Colombia,Neymar Jr.; Cristiano Ronaldo; Lionel Messi,Sí,Familia,1704,1704,1704,1704
1705,Menos de Q25,1,1,Moderado,3 a 5 veces por semana,Argentina,Vinícius Júnior; Neymar Jr.; Federico Valverde,Sí,Amigos,1705,1705,1705,1705
1706,Menos de Q25,2,1,Moderado,Todos los días,Argentina,Lamine Yamal; Vinícius Júnior,Sí,Amigos,1706,1706,1706,1706
1707,Q101 - Q150,1,1,Accesible,Varias veces al mes,Argentina,Kylian Mbappé; Lionel Messi,Sí,Solo,1707,1707,1707,1707
1708,Q25 - Q50,1,1,Moderado,Todos los días,Australia,Jude Bellingham,No,Familia,1708,1708,1708,1708
1709,Q51 - Q100,2,1,Super Premium,3 a 5 veces por semana,Francia,Kylian Mbappé; Lionel Messi; Cristiano Ronaldo,Sí,Amigos,1709,1709,1709,1709
1710,Q25 - Q50,2,1,Moderado,Todos los días,Portugal,Lionel Messi,Sí,Amigos,1710,1710,1710,1710
1711,Más de Q150,3,1,Moderado,Varias veces al mes,España,Christian Pulisic,Sí,Familia,1711,1711,1711,1711
1712,Q101 - Q150,2,1,Accesible,1 a 2 veces por semana,Argentina,Lamine Yamal; Jude Bellingham; Alphonso Davies,Sí,Familia,1712,1712,1712,1712
1713,Q51 - Q100,2,1,Premium,3 a 5 veces por semana,Estados Unidos,Lamine Yamal; Ninguno; Cristiano Ronaldo,Sí,Familia,1713,1713,1713,1713
1714,Q101 - Q150,1,1,Moderado,Todos los días,Colombia,Cristiano Ronaldo,Sí,Amigos,1714,1714,1714,1714
1715,Q25 - Q50,2,1,Accesible,1 a 2 veces por semana,España,Neymar Jr.,No,Amigos,1715,1715,1715,1715
1716,Menos de Q25,3,0,Moderado,Rara vez,Francia,Harry Kane; Alphonso Davies; Cristiano Ronaldo,No,Amigos,1716,1716,1716,1716
1717,Menos de Q25,1,1,Accesible,1 a 2 veces por semana,Estados Unidos,Federico Valverde; Cristiano Ronaldo; Alphonso Davies,Sí,Solo,1717,1717,1717,1717
1718,Q25 - Q50,3,1,Accesible,Varias veces al mes,Jordania,Kylian Mbappé; Lionel Messi,Sí,Amigos,1718,1718,1718,1718
1719,Q51 - Q100,2,1,Moderado,1 a 2 veces por semana,Argentina,Lionel Messi; Federico Valverde,Sí,Familia,1719,1719,1719,1719
1720,Q101 - Q150,2,0,Moderado,Todos los días,Inglaterra,Lionel Messi; Cristiano Ronaldo; Vinícius Júnior,Sí,Amigos,1720,1720,1720,1720
1721,Q51 - Q100,2,0,Accesible,Varias veces al mes,Francia,Vinícius Júnior; Neymar Jr.,Sí,Amigos,1721,1721,1721,1721
1722,Más de Q150,2,1,Moderado,Todos los días,Uruguay,Lionel Messi; Vinícius Júnior; Christian Pulisic,Sí,Amigos,1722,1722,1722,1722
1723,Q51 - Q100,3,0,Accesible,Rara vez,España,Alphonso Davies,Sí,Familia,1723,1723,1723,1723
1724,Menos de Q25,1,0,Moderado,3 a 5 veces por semana,México,Cristiano Ronaldo; Vinícius Júnior; Lamine Yamal,Sí,Amigos,1724,1724,1724,1724
1725,Q25 - Q50,3,1,Accesible,3 a 5 veces por semana,Brasil,Neymar Jr.,Sí,Amigos,1725,1725,1725,1725
1726,Menos de Q25,3,0,Moderado,Varias veces al mes,Portugal,Cristiano Ronaldo; Neymar Jr.,Sí,Otro,1726,1726,1726,1726
1727,Q25 - Q50,1,1,Moderado,Varias veces al mes,Estados Unidos,Kylian Mbappé,Sí,Amigos,1727,1727,1727,1727
1728,Q25 - Q50,2,0,Premium,3 a 5 veces por semana,Colombia,Lionel Messi; Cristiano Ronaldo; Julián Álvarez,No,Amigos,1728,1728,1728,1728
1729,Q25 - Q50,1,0,Premium,Varias veces al mes,Alemania,Neymar Jr.; Alphonso Davies,Sí,Otro,1729,1729,1729,1729
1730,Q25 - Q50,1,0,Moderado,Todos los días,Inglaterra,Neymar Jr.; Lionel Messi; Cristiano Ronaldo,Sí,Amigos,1730,1730,1730,1730
1731,Q25 - Q50,1,1,Accesible,Rara vez,Argentina,Vinícius Júnior; Cristiano Ronaldo; Kylian Mbappé,No,Amigos,1731,1731,1731,1731
1732,Q25 - Q50,1,1,Moderado,Todos los días,Uruguay,Lionel Messi; Kylian Mbappé; Vinícius Júnior,No,Amigos,1732,1732,1732,1732
1733,Q101 - Q150,3,0,Super Premium,Todos los días,Brasil,Lionel Messi; Lamine Yamal; Vinícius Júnior,Sí,Familia,1733,1733,1733,1733
1734,Q25 - Q50,3,1,Accesible,Rara vez,Francia,Lamine Yamal; Harry Kane,Sí,Amigos,1734,1734,1734,1734
1735,Q25 - Q50,1,1,Accesible,3 a 5 veces por semana,ESPAÑA,Alphonso Davies,Sí,Amigos,1735,1735,1735,1735
1736,Q25 - Q50,1,1,Moderado,Varias veces al mes,Brasil,Lamine Yamal; Cristiano Ronaldo; Jude Bellingham,Sí,Familia,1736,1736,1736,1736
1737,Q25 - Q50,3,1,Moderado,Varias veces al mes,Argentina,Alphonso Davies; Jude Bellingham,Sí,Amigos,1737,1737,1737,1737
1738,Q25 - Q50,1,0,Moderado,3 a 5 veces por semana,España,Lamine Yamal; Lionel Messi,Sí,Familia,1738,1738,1738,1738
1739,Q101 - Q150,1,1,Premium,Todos los días,España,Lionel Messi; Cristiano Ronaldo; Vinícius Júnior,Sí,Amigos,1739,1739,1739,1739
1740,Q25 - Q50,2,1,Moderado,Rara vez,Francia,Vinícius Júnior; Neymar Jr.; Lamine Yamal,Sí,Amigos,1740,1740,1740,1740
1741,Q51 - Q100,3,1,Economico,Rara vez,España,Neymar Jr.; Jude Bellingham,Sí,Familia,1741,1741,1741,1741
1742,Q51 - Q100,1,1,Moderado,1 a 2 veces por semana,México,Jude Bellingham; Neymar Jr.,Sí,Amigos,1742,1742,1742,1742
1743,Q101 - Q150,1,1,Accesible,3 a 5 veces por semana,Uruguay,Lamine Yamal; Alphonso Davies,Sí,Amigos,1743,1743,1743,1743
1744,Q25 - Q50,1,1,Moderado,3 a 5 veces por semana,PORTUGAL,Vinícius Júnior,Sí,Familia,1744,1744,1744,1744
1745,Q25 - Q50,2,0,Moderado,Rara vez,Argentina,Cristiano Ronaldo; Vinícius Júnior; Neymar Jr.,No,Familia,1745,1745,1745,1745
1746,Q25 - Q50,2,1,Accesible,Todos los días,Francia,Neymar Jr.; Cristiano Ronaldo; Kylian Mbappé,Sí,Solo,1746,1746,1746,1746
1747,Q51 - Q100,2,0,Accesible,Varias veces al mes,México,Kylian Mbappé; Vinícius Júnior; Cristiano Ronaldo,Sí,Familia,1747,1747,1747,1747
1748,Menos de Q25,1,0,Accesible,Varias veces al mes,Argentina,Lionel Messi,Sí,Familia,1748,1748,1748,1748
1749,Menos de Q25,1,0,Moderado,Varias veces al mes,Argentina,Kylian Mbappé; Cristiano Ronaldo; Lionel Messi,Sí,Amigos,1749,1749,1749,1749
1750,Menos de Q25,1,1,Economico,Varias veces al mes,Francia,Harry Kane; Cristiano Ronaldo,Sí,Solo,1750,1750,1750,1750
1751,Q51 - Q100,1,1,Moderado,1 a 2 veces por semana,Francia,Lionel Messi,Sí,Compañeros de trabajo,1751,1751,1751,1751
1752,Q51 - Q100,3,0,Premium,Varias veces al mes,México,Lionel Messi; Neymar Jr.; Cristiano Ronaldo,Sí,Familia,1752,1752,1752,1752
1753,Q25 - Q50,2,1,Accesible,Varias veces al mes,México,Kylian Mbappé,Sí,Familia,1753,1753,1753,1753
1754,Menos de Q25,3,1,Moderado,1 a 2 veces por semana,Argentina,Christian Pulisic; Lionel Messi; Kylian Mbappé,Sí,Familia,1754,1754,1754,1754
1755,Menos de Q25,3,1,Moderado,1 a 2 veces por semana,Brasil,Vinícius Júnior,Sí,Familia,1755,1755,1755,1755
1756,Menos de Q25,1,0,Accesible,Todos los días,Arabia Saudita,Jude Bellingham; Neymar Jr.,Sí,Familia,1756,1756,1756,1756
1757,Menos de Q25,1,1,Moderado,3 a 5 veces por semana,Francia,Kylian Mbappé; Ninguno,Sí,Familia,1757,1757,1757,1757
1758,Q25 - Q50,3,1,Moderado,Varias veces al mes,Qatar,Lionel Messi; Ninguno; Vinícius Júnior,Sí,Otro,1758,1758,1758,1758
1759,Q25 - Q50,3,1,Premium,Todos los días,Francia,Jude Bellingham,Sí,Amigos,1759,1759,1759,1759
1760,Q25 - Q50,1,1,Moderado,1 a 2 veces por semana,Portugal,Neymar Jr.; Kylian Mbappé,Sí,Familia,1760,1760,1760,1760
1761,Menos de Q25,3,1,Premium,Todos los días,Brasil,Lionel Messi,Sí,Amigos,1761,1761,1761,1761
1762,Q25 - Q50,1,0,Accesible,Rara vez,España,Kylian Mbappé,Sí,Familia,1762,1762,1762,1762
1763,Q25 - Q50,2,0,Accesible,1 a 2 veces por semana,Francia,Vinícius Júnior; Christian Pulisic; Lionel Messi,Sí,Amigos,1763,1763,1763,1763
1764,Q101 - Q150,1,0,Premium,1 a 2 veces por semana,Argentina,Lionel Messi; Harry Kane,No,Amigos,1764,1764,1764,1764
1765,Q25 - Q50,1,1,Accesible,3 a 5 veces por semana,Argentina,Lionel Messi,Sí,Amigos,1765,1765,1765,1765
1766,Q25 - Q50,1,0,Moderado,1 a 2 veces por semana,Argentina,Neymar Jr.; Cristiano Ronaldo,Sí,Familia,1766,1766,1766,1766
1767,Q51 - Q100,2,1,Accesible,3 a 5 veces por semana,Inglaterra,Lamine Yamal; Lionel Messi,Sí,Amigos,1767,1767,1767,1767
1768,Q25 - Q50,3,1,Premium,3 a 5 veces por semana,México,Lionel Messi,Sí,Familia,1768,1768,1768,1768
1769,Q51 - Q100,1,1,Economico,Varias veces al mes,Argentina,Lionel Messi; Cristiano Ronaldo,Sí,Amigos,1769,1769,1769,1769
1770,Q51 - Q100,2,0,Moderado,1 a 2 veces por semana,Brasil,Lamine Yamal; Harry Kane; Vinícius Júnior,Sí,Amigos,1770,1770,1770,1770
1771,Q25 - Q50,3,1,Moderado,3 a 5 veces por semana,ARGENTINA,Lionel Messi,Sí,Otro,1771,1771,1771,1771
1772,Q51 - Q100,3,1,Accesible,1 a 2 veces por semana,Argentina,Rodri; Kylian Mbappé; Jude Bellingham,Sí,Amigos,1772,1772,1772,1772
1774,Q51 - Q100,1,1,Moderado,Rara vez,Francia,Lionel Messi; Neymar Jr.; Cristiano Ronaldo,No,Amigos,1774,1774,1774,1774
1775,Menos de Q25,2,1,Accesible,1 a 2 veces por semana,Portugal,Lionel Messi,Sí,Solo,1775,1775,1775,1775
1776,Q51 - Q100,2,0,Moderado,1 a 2 veces por semana,México,Cristiano Ronaldo,Sí,Familia,1776,1776,1776,1776
1777,Q51 - Q100,1,1,Super Premium,Varias veces al mes,Canadá,Lionel Messi,Sí,Familia,1777,1777,1777,1777
1778,Q51 - Q100,3,0,Economico,Todos los días,Francia,Kylian Mbappé; Lionel Messi,Sí,Amigos,1778,1778,1778,1778
1779,Q51 - Q100,1,1,Accesible,3 a 5 veces por semana,Colombia,Lamine Yamal,Sí,Amigos,1779,1779,1779,1779
1780,Más de Q150,3,1,Moderado,Todos los días,México,Cristiano Ronaldo,Sí,Amigos,1780,1780,1780,1780
1781,Q25 - Q50,3,1,Accesible,3 a 5 veces por semana,Inglaterra,Rodri; Vinícius Júnior; Lionel Messi,No,Familia,1781,1781,1781,1781
1782,Q25 - Q50,3,1,Moderado,1 a 2 veces por semana,Brasil,Cristiano Ronaldo; Alphonso Davies,Sí,Amigos,1782,1782,1782,1782
1783,Q101 - Q150,2,1,Super Premium,Varias veces al mes,Argentina,Vinícius Júnior; Julián Álvarez; Jude Bellingham,Sí,Familia,1783,1783,1783,1783
1784,Q51 - Q100,1,1,Accesible,Varias veces al mes,Argelia,Lionel Messi; Neymar Jr.,Sí,Amigos,1784,1784,1784,1784
1785,Q25 - Q50,2,0,Moderado,Varias veces al mes,Argentina,Vinícius Júnior; Rodri; Cristiano Ronaldo,Sí,Amigos,1785,1785,1785,1785
1786,Q51 - Q100,3,0,Economico,Varias veces al mes,México,Lionel Messi,No,Otro,1786,1786,1786,1786
1787,Q25 - Q50,3,1,Moderado,Rara vez,Panamá,Alphonso Davies,Sí,Amigos,1787,1787,1787,1787
1788,Q51 - Q100,1,0,Economico,1 a 2 veces por semana,México,Lamine Yamal; Kylian Mbappé,Sí,Amigos,1788,1788,1788,1788
1789,Q51 - Q100,2,1,Accesible,1 a 2 veces por semana,Portugal,Federico Valverde; Cristiano Ronaldo; Harry Kane,Sí,Familia,1789,1789,1789,1789
1790,Q101 - Q150,2,1,Premium,3 a 5 veces por semana,Francia,Lionel Messi; Lamine Yamal; Neymar Jr.,Sí,Otro,1790,1790,1790,1790
1791,Q101 - Q150,2,0,Premium,3 a 5 veces por semana,Inglaterra,Lionel Messi,Sí,Familia,1791,1791,1791,1791
1792,Q101 - Q150,2,1,Moderado,Varias veces al mes,Argentina,Ninguno,No,Compañeros de trabajo,1792,1792,1792,1792
1793,Q101 - Q150,3,0,Accesible,Todos los días,Estados Unidos,Harry Kane,Sí,Familia,1793,1793,1793,1793
1794,Q51 - Q100,1,0,Moderado,1 a 2 veces por semana,Argentina,Vinícius Júnior; Lionel Messi; Jude Bellingham,Sí,Compañeros de trabajo,1794,1794,1794,1794
1795,Más de Q150,1,1,Moderado,Rara vez,México,Kylian Mbappé; Lionel Messi; Rodri,No,Familia,1795,1795,1795,1795
1796,Q25 - Q50,2,1,Moderado,Todos los días,Brasil,Lamine Yamal; Lionel Messi,Sí,Amigos,1796,1796,1796,1796
1797,Más de Q150,2,1,Moderado,1 a 2 veces por semana,Argentina,Cristiano Ronaldo; Neymar Jr.,Sí,Otro,1797,1797,1797,1797
1798,Q51 - Q100,2,1,Premium,3 a 5 veces por semana,Colombia,Lionel Messi; Vinícius Júnior,Sí,Compañeros de trabajo,1798,1798,1798,1798
1799,Q25 - Q50,3,0,Premium,3 a 5 veces por semana,México,Cristiano Ronaldo; Neymar Jr.; Lionel Messi,Sí,Familia,1799,1799,1799,1799
1800,Q25 - Q50,1,0,Accesible,Rara vez,Portugal,Neymar Jr.,Sí,Amigos,1800,1800,1800,1800
1801,Q101 - Q150,2,1,Accesible,Todos los días,México,Lionel Messi,Sí,Familia,1801,1801,1801,1801
1802,Q25 - Q50,2,1,Accesible,3 a 5 veces por semana,México,Neymar Jr.; Lionel Messi; Cristiano Ronaldo,Sí,Amigos,1802,1802,1802,1802
1803,Menos de Q25,3,0,Moderado,3 a 5 veces por semana,Argentina,Rodri,No,Amigos,1803,1803,1803,1803
1804,Q101 - Q150,3,1,Moderado,3 a 5 veces por semana,Portugal,Christian Pulisic; Vinícius Júnior; Lionel Messi,Sí,Otro,1804,1804,1804,1804
1805,Q25 - Q50,3,0,Super Premium,3 a 5 veces por semana,España,Kylian Mbappé,No,Solo,1805,1805,1805,1805
1806,Q25 - Q50,1,1,Accesible,3 a 5 veces por semana,Brasil,Neymar Jr.; Lionel Messi; Harry Kane,Sí,Solo,1806,1806,1806,1806
1807,Q51 - Q100,3,0,Premium,3 a 5 veces por semana,Portugal,Cristiano Ronaldo,Sí,Amigos,1807,1807,1807,1807
1808,Q51 - Q100,3,0,Accesible,1 a 2 veces por semana,Inglaterra,Kylian Mbappé; Lamine Yamal; Federico Valverde,Sí,Familia,1808,1808,1808,1808
1809,Q25 - Q50,2,1,Economico,1 a 2 veces por semana,Portugal,Vinícius Júnior; Jude Bellingham,Sí,Familia,1809,1809,1809,1809
1810,Q101 - Q150,2,0,Premium,1 a 2 veces por semana,Argentina,Lionel Messi,Sí,Familia,1810,1810,1810,1810
1811,Q51 - Q100,3,1,Accesible,1 a 2 veces por semana,Portugal,Cristiano Ronaldo; Kylian Mbappé; Vinícius Júnior,Sí,Familia,1811,1811,1811,1811
1812,Q101 - Q150,1,1,Premium,1 a 2 veces por semana,Portugal,Lionel Messi; Cristiano Ronaldo,No,Amigos,1812,1812,1812,1812
1813,Q25 - Q50,3,1,Premium,1 a 2 veces por semana,México,Julián Álvarez; Kylian Mbappé; Lamine Yamal,No,Familia,1813,1813,1813,1813
1814,Q101 - Q150,2,1,Accesible,3 a 5 veces por semana,Austria,Alphonso Davies; Lionel Messi; Vinícius Júnior,Sí,Familia,1814,1814,1814,1814
1815,Q51 - Q100,1,1,Moderado,Varias veces al mes,Colombia,Alphonso Davies,Sí,Amigos,1815,1815,1815,1815
1816,Q51 - Q100,2,1,Accesible,Todos los días,Argentina,Neymar Jr.; Lionel Messi; Christian Pulisic,Sí,Amigos,1816,1816,1816,1816
1817,Q51 - Q100,3,0,Accesible,1 a 2 veces por semana,Alemania,Cristiano Ronaldo; Ninguno,Sí,Familia,1817,1817,1817,1817
1818,Q25 - Q50,3,1,Moderado,Todos los días,México,Cristiano Ronaldo,Sí,Solo,1818,1818,1818,1818
1819,Menos de Q25,3,1,Accesible,Todos los días,South Africa,Lionel Messi; Neymar Jr.,Sí,Familia,1819,1819,1819,1819
1820,Q101 - Q150,1,1,Accesible,3 a 5 veces por semana,Alemania,Lionel Messi; Jude Bellingham,Sí,Familia,1820,1820,1820,1820
1821,Q51 - Q100,3,0,Moderado,3 a 5 veces por semana,Argentina,Cristiano Ronaldo,No,Familia,1821,1821,1821,1821
1822,Q51 - Q100,1,1,Economico,3 a 5 veces por semana,Argentina,Vinícius Júnior,Sí,Solo,1822,1822,1822,1822
1823,Más de Q150,2,1,Premium,3 a 5 veces por semana,COLOMBIA,Kylian Mbappé; Ninguno,Sí,Amigos,1823,1823,1823,1823
1824,Más de Q150,2,1,Premium,Varias veces al mes,Francia,Cristiano Ronaldo; Lionel Messi; Kylian Mbappé,Sí,Solo,1824,1824,1824,1824
1825,Q51 - Q100,2,1,Premium,3 a 5 veces por semana,Portugal,Lionel Messi,Sí,Familia,1825,1825,1825,1825
1826,Q51 - Q100,1,1,Accesible,Todos los días,México,Rodri; Neymar Jr.; Cristiano Ronaldo,Sí,Compañeros de trabajo,1826,1826,1826,1826
1827,Q25 - Q50,1,1,Moderado,Todos los días,Portugal,Kylian Mbappé,Sí,Otro,1827,1827,1827,1827
1828,Q25 - Q50,3,0,Premium,Rara vez,Argentina,Kylian Mbappé; Christian Pulisic; Federico Valverde,Sí,Amigos,1828,1828,1828,1828
1829,Q51 - Q100,2,0,Moderado,1 a 2 veces por semana,Portugal,Julián Álvarez; Vinícius Júnior,Sí,Familia,1829,1829,1829,1829
1830,Q51 - Q100,3,1,Accesible,3 a 5 veces por semana,Portugal,Kylian Mbappé; Ninguno,Sí,Compañeros de trabajo,1830,1830,1830,1830
1831,Q25 - Q50,1,1,Moderado,1 a 2 veces por semana,Alemania,Kylian Mbappé,Sí,Compañeros de trabajo,1831,1831,1831,1831
1832,Q25 - Q50,1,1,Moderado,1 a 2 veces por semana,Inglaterra,Harry Kane,Sí,Amigos,1832,1832,1832,1832
1833,Q101 - Q150,3,0,Premium,Rara vez,Argentina,Cristiano Ronaldo; Neymar Jr.; Harry Kane,Sí,Amigos,1833,1833,1833,1833
1834,Q25 - Q50,1,1,Premium,Todos los días,Uruguay,Kylian Mbappé; Neymar Jr.; Cristiano Ronaldo,Sí,Familia,1834,1834,1834,1834
1835,Q25 - Q50,1,1,Premium,Varias veces al mes,Brasil,Lamine Yamal; Lionel Messi; Neymar Jr.,Sí,Familia,1835,1835,1835,1835
1836,Q51 - Q100,2,1,Moderado,Varias veces al mes,Estados Unidos,Neymar Jr.; Lionel Messi,Sí,Amigos,1836,1836,1836,1836
1837,Menos de Q25,2,1,Premium,1 a 2 veces por semana,Colombia,Cristiano Ronaldo; Lionel Messi,Sí,Compañeros de trabajo,1837,1837,1837,1837
1838,Menos de Q25,3,1,Accesible,1 a 2 veces por semana,Argentina,Kylian Mbappé; Lionel Messi; Cristiano Ronaldo,Sí,Amigos,1838,1838,1838,1838
1839,Q101 - Q150,1,1,Premium,1 a 2 veces por semana,Estados Unidos,Lamine Yamal,Sí,Familia,1839,1839,1839,1839
1840,Q25 - Q50,2,0,Accesible,Varias veces al mes,Portugal,Lamine Yamal; Neymar Jr.,Sí,Familia,1840,1840,1840,1840
1841,Q25 - Q50,1,1,Premium,Todos los días,Senegal,Kylian Mbappé,No,Familia,1841,1841,1841,1841
1842,Menos de Q25,1,0,Accesible,Todos los días,Argentina,Federico Valverde; Lamine Yamal,Sí,Familia,1842,1842,1842,1842
1843,Q51 - Q100,2,1,Accesible,Todos los días,Curaçao,Neymar Jr.; Kylian Mbappé; Cristiano Ronaldo,Sí,Familia,1843,1843,1843,1843
1844,Q25 - Q50,3,1,Moderado,1 a 2 veces por semana,México,Cristiano Ronaldo,Sí,Familia,1844,1844,1844,1844
1845,Q25 - Q50,2,0,Moderado,Varias veces al mes,Panamá,Ninguno; Kylian Mbappé; Julián Álvarez,Sí,Compañeros de trabajo,1845,1845,1845,1845
1846,Menos de Q25,3,0,Accesible,Varias veces al mes,México,Jude Bellingham,Sí,Amigos,1846,1846,1846,1846
1847,Q25 - Q50,2,0,Premium,1 a 2 veces por semana,Francia,Julián Álvarez,Sí,Familia,1847,1847,1847,1847
1848,Q101 - Q150,3,1,Premium,1 a 2 veces por semana,Portugal,Neymar Jr.; Cristiano Ronaldo; Vinícius Júnior,Sí,Amigos,1848,1848,1848,1848
1849,Q101 - Q150,2,1,Accesible,Rara vez,Paraguay,Lionel Messi,Sí,Familia,1849,1849,1849,1849
1850,Menos de Q25,1,0,Premium,Varias veces al mes,Argentina,Cristiano Ronaldo,No,Amigos,1850,1850,1850,1850
1851,Q51 - Q100,1,0,Accesible,1 a 2 veces por semana,México,Ninguno; Jude Bellingham,Sí,Familia,1851,1851,1851,1851
1852,Menos de Q25,2,1,Moderado,Todos los días,ARGENTINA,Lamine Yamal; Lionel Messi; Christian Pulisic,Sí,Familia,1852,1852,1852,1852
1853,Q51 - Q100,1,1,Accesible,1 a 2 veces por semana,Japón,Cristiano Ronaldo,Sí,Amigos,1853,1853,1853,1853
1854,Más de Q150,2,0,Moderado,1 a 2 veces por semana,México,Lionel Messi,Sí,Compañeros de trabajo,1854,1854,1854,1854
1855,Q51 - Q100,2,0,Accesible,Varias veces al mes,Portugal,Rodri; Vinícius Júnior,No,Amigos,1855,1855,1855,1855
1856,Q25 - Q50,1,1,Premium,3 a 5 veces por semana,Portugal,Cristiano Ronaldo; Neymar Jr.; Lionel Messi,Sí,Amigos,1856,1856,1856,1856
1857,Q25 - Q50,1,1,Accesible,Varias veces al mes,Francia,Christian Pulisic; Lionel Messi,Sí,Amigos,1857,1857,1857,1857
1858,Q51 - Q100,2,1,Premium,Varias veces al mes,Francia,Jude Bellingham,Sí,Amigos,1858,1858,1858,1858
1859,Menos de Q25,3,1,Super Premium,1 a 2 veces por semana,Portugal,Christian Pulisic,Sí,Amigos,1859,1859,1859,1859
1860,Q25 - Q50,2,1,Premium,1 a 2 veces por semana,Portugal,Kylian Mbappé; Neymar Jr.; Cristiano Ronaldo,Sí,Amigos,1860,1860,1860,1860
1861,Q51 - Q100,3,1,Moderado,3 a 5 veces por semana,FRANCIA,Lionel Messi,No,Compañeros de trabajo,1861,1861,1861,1861
1862,Q51 - Q100,3,1,Moderado,Varias veces al mes,Brasil,Neymar Jr.,Sí,Amigos,1862,1862,1862,1862
1863,Q101 - Q150,3,1,Premium,3 a 5 veces por semana,Argentina,Vinícius Júnior; Lionel Messi; Neymar Jr.,Sí,Amigos,1863,1863,1863,1863
1865,Más de Q150,2,1,Accesible,3 a 5 veces por semana,México,Cristiano Ronaldo; Lionel Messi,Sí,Otro,1865,1865,1865,1865
1866,Q101 - Q150,2,1,Premium,Varias veces al mes,Brasil,Harry Kane,No,Amigos,1866,1866,1866,1866
1867,Q25 - Q50,3,0,Accesible,1 a 2 veces por semana,Portugal,Julián Álvarez,No,Familia,1867,1867,1867,1867
1868,Q101 - Q150,2,1,Premium,Todos los días,Argentina,Cristiano Ronaldo; Ninguno; Vinícius Júnior,Sí,Familia,1868,1868,1868,1868
1869,Q51 - Q100,2,1,Moderado,Todos los días,Brasil,Kylian Mbappé,Sí,Amigos,1869,1869,1869,1869
1870,Q25 - Q50,2,1,Moderado,3 a 5 veces por semana,México,Lionel Messi,No,Amigos,1870,1870,1870,1870
1871,Q25 - Q50,2,1,Premium,Todos los días,Brasil,Jude Bellingham,No,Familia,1871,1871,1871,1871
1872,Q51 - Q100,2,1,Premium,3 a 5 veces por semana,Brasil,Neymar Jr.; Kylian Mbappé; Julián Álvarez,Sí,Familia,1872,1872,1872,1872
1873,Q25 - Q50,1,1,Moderado,Varias veces al mes,México,Jude Bellingham; Kylian Mbappé,Sí,Familia,1873,1873,1873,1873
1874,Menos de Q25,3,1,Moderado,Todos los días,Brasil,Jude Bellingham; Neymar Jr.; Alphonso Davies,Sí,Amigos,1874,1874,1874,1874
1875,Q25 - Q50,2,1,Accesible,1 a 2 veces por semana,Inglaterra,Alphonso Davies; Neymar Jr.; Lionel Messi,No,Familia,1875,1875,1875,1875
1876,Menos de Q25,1,1,Super Premium,Varias veces al mes,Estados Unidos,Cristiano Ronaldo; Neymar Jr.,Sí,Familia,1876,1876,1876,1876
1877,Más de Q150,2,0,Accesible,Varias veces al mes,Inglaterra,Lamine Yamal; Neymar Jr.; Vinícius Júnior,Sí,Amigos,1877,1877,1877,1877
1878,Q51 - Q100,2,0,Accesible,Todos los días,Argentina,Neymar Jr.; Federico Valverde; Lamine Yamal,No,Amigos,1878,1878,1878,1878
1879,Q51 - Q100,3,1,Moderado,1 a 2 veces por semana,Estados Unidos,Cristiano Ronaldo,No,Familia,1879,1879,1879,1879
1880,Q51 - Q100,2,1,Moderado,1 a 2 veces por semana,Portugal,Neymar Jr.; Federico Valverde,Sí,Familia,1880,1880,1880,1880
1881,Q25 - Q50,1,1,Accesible,Todos los días,Uruguay,Jude Bellingham; Cristiano Ronaldo,Sí,Familia,1881,1881,1881,1881
1882,Q25 - Q50,2,0,Accesible,3 a 5 veces por semana,Inglaterra,Lionel Messi; Christian Pulisic; Lamine Yamal,Sí,Familia,1882,1882,1882,1882
1883,Q25 - Q50,2,1,Moderado,3 a 5 veces por semana,Brasil,Lionel Messi; Vinícius Júnior; Cristiano Ronaldo,Sí,Familia,1883,1883,1883,1883
1884,Q51 - Q100,2,1,Premium,Varias veces al mes,Argentina,Neymar Jr.,No,Amigos,1884,1884,1884,1884
1885,Q51 - Q100,2,0,Premium,3 a 5 veces por semana,Francia,Cristiano Ronaldo,Sí,Familia,1885,1885,1885,1885
1886,Q51 - Q100,3,0,Premium,1 a 2 veces por semana,South Africa,Lionel Messi; Federico Valverde,Sí,Familia,1886,1886,1886,1886
1887,Q51 - Q100,1,1,Premium,1 a 2 veces por semana,Brasil,Neymar Jr.,Sí,Familia,1887,1887,1887,1887
1888,Q51 - Q100,3,1,Economico,3 a 5 veces por semana,Francia,Cristiano Ronaldo,Sí,Amigos,1888,1888,1888,1888
1889,Q25 - Q50,2,1,Premium,Varias veces al mes,BRASIL,Lionel Messi; Lamine Yamal; Julián Álvarez,Sí,Familia,1889,1889,1889,1889
1890,Q51 - Q100,3,0,Moderado,1 a 2 veces por semana,Argentina,Neymar Jr.; Alphonso Davies,Sí,Familia,1890,1890,1890,1890
1891,Q25 - Q50,3,1,Economico,1 a 2 veces por semana,Brasil,Vinícius Júnior; Julián Álvarez; Jude Bellingham,Sí,Amigos,1891,1891,1891,1891
1892,Q51 - Q100,1,1,Moderado,Rara vez,Portugal,Jude Bellingham; Vinícius Júnior,Sí,Familia,1892,1892,1892,1892
1893,Q51 - Q100,1,1,Accesible,1 a 2 veces por semana,México,Jude Bellingham,Sí,Solo,1893,1893,1893,1893
1894,Q101 - Q150,3,1,Moderado,1 a 2 veces por semana,México,Christian Pulisic; Lionel Messi; Cristiano Ronaldo,Sí,Compañeros de trabajo,1894,1894,1894,1894
1895,Q51 - Q100,3,1,Premium,1 a 2 veces por semana,Portugal,Cristiano Ronaldo; Neymar Jr.,Sí,Amigos,1895,1895,1895,1895
1896,Q101 - Q150,3,1,Accesible,Todos los días,Portugal,Ninguno; Cristiano Ronaldo; Julián Álvarez,No,Compañeros de trabajo,1896,1896,1896,1896
1897,Q51 - Q100,2,1,Premium,Todos los días,Francia,Lionel Messi; Cristiano Ronaldo,No,Familia,1897,1897,1897,1897
1898,Menos de Q25,2,1,Accesible,Todos los días,México,Jude Bellingham,Sí,Amigos,1898,1898,1898,1898
1899,Menos de Q25,2,1,Moderado,3 a 5 veces por semana,Brasil,Kylian Mbappé,Sí,Familia,1899,1899,1899,1899
1900,Q25 - Q50,2,0,Premium,Varias veces al mes,Argentina,Vinícius Júnior; Lionel Messi,Sí,Amigos,1900,1900,1900,1900
1901,Q51 - Q100,3,0,Accesible,Todos los días,España,Julián Álvarez; Neymar Jr.; Lionel Messi,Sí,Amigos,1901,1901,1901,1901
1902,Más de Q150,2,1,Moderado,Todos los días,Irak,Cristiano Ronaldo; Lionel Messi,Sí,Amigos,1902,1902,1902,1902
1903,Más de Q150,1,1,Moderado,Varias veces al mes,Bélgica,Christian Pulisic; Kylian Mbappé,Sí,Amigos,1903,1903,1903,1903
1904,Q51 - Q100,2,1,Accesible,1 a 2 veces por semana,Estados Unidos,Christian Pulisic,Sí,Familia,1904,1904,1904,1904
1905,Q25 - Q50,2,1,Accesible,1 a 2 veces por semana,Brasil,Lionel Messi; Alphonso Davies,Sí,Compañeros de trabajo,1905,1905,1905,1905
1906,Q51 - Q100,3,1,Accesible,3 a 5 veces por semana,Portugal,Neymar Jr.,Sí,Compañeros de trabajo,1906,1906,1906,1906
1907,Q51 - Q100,2,1,Premium,Todos los días,México,Neymar Jr.; Federico Valverde,Sí,Compañeros de trabajo,1907,1907,1907,1907
1908,Q51 - Q100,3,0,Accesible,Varias veces al mes,México,Lamine Yamal; Neymar Jr.; Cristiano Ronaldo,Sí,Amigos,1908,1908,1908,1908
1909,Q51 - Q100,1,0,Moderado,Todos los días,Czechia,Lionel Messi; Kylian Mbappé,Sí,Familia,1909,1909,1909,1909
1910,Q51 - Q100,1,0,Economico,1 a 2 veces por semana,Brasil,Vinícius Júnior; Lionel Messi,Sí,Solo,1910,1910,1910,1910
1911,Q25 - Q50,3,0,Economico,Todos los días,México,Kylian Mbappé; Neymar Jr.; Jude Bellingham,Sí,Amigos,1911,1911,1911,1911
1912,Q101 - Q150,1,0,Moderado,3 a 5 veces por semana,México,Lionel Messi; Cristiano Ronaldo,Sí,Amigos,1912,1912,1912,1912
1913,Q51 - Q100,3,0,Moderado,Todos los días,Brasil,Vinícius Júnior; Cristiano Ronaldo,Sí,Compañeros de trabajo,1913,1913,1913,1913
1914,Q51 - Q100,3,0,Accesible,Varias veces al mes,Alemania,Jude Bellingham; Lionel Messi; Neymar Jr.,No,Solo,1914,1914,1914,1914
1915,Más de Q150,1,1,Moderado,Varias veces al mes,México,Lamine Yamal; Federico Valverde,Sí,Familia,1915,1915,1915,1915
1916,Q51 - Q100,2,1,Moderado,Todos los días,Alemania,Cristiano Ronaldo,Sí,Familia,1916,1916,1916,1916
1917,Q101 - Q150,3,1,Accesible,3 a 5 veces por semana,Argentina,Vinícius Júnior,Sí,Familia,1917,1917,1917,1917
1918,Q51 - Q100,3,0,Accesible,3 a 5 veces por semana,Argentina,Lionel Messi,Sí,Amigos,1918,1918,1918,1918
1919,Q51 - Q100,1,0,Moderado,1 a 2 veces por semana,México,Ninguno,Sí,Amigos,1919,1919,1919,1919
1920,Q51 - Q100,2,1,Accesible,Todos los días,México,Cristiano Ronaldo; Vinícius Júnior,Sí,Familia,1920,1920,1920,1920
1921,Q25 - Q50,3,0,Accesible,3 a 5 veces por semana,FRANCIA,Jude Bellingham; Neymar Jr.,Sí,Amigos,1921,1921,1921,1921
1922,Menos de Q25,2,0,Moderado,3 a 5 veces por semana,Panamá,Lionel Messi,Sí,Familia,1922,1922,1922,1922
1923,Menos de Q25,2,1,Moderado,Varias veces al mes,Argentina,Vinícius Júnior; Julián Álvarez; Lionel Messi,Sí,Amigos,1923,1923,1923,1923
1924,Menos de Q25,2,0,Moderado,3 a 5 veces por semana,Portugal,Cristiano Ronaldo; Jude Bellingham,Sí,Amigos,1924,1924,1924,1924
1925,Q25 - Q50,1,0,Accesible,3 a 5 veces por semana,Inglaterra,Harry Kane,Sí,Familia,1925,1925,1925,1925
1926,Menos de Q25,3,0,Premium,Todos los días,Brasil,Lamine Yamal,Sí,Compañeros de trabajo,1926,1926,1926,1926
1927,Q51 - Q100,2,0,Moderado,1 a 2 veces por semana,Argentina,Cristiano Ronaldo,Sí,Familia,1927,1927,1927,1927
1928,Q25 - Q50,1,1,Accesible,3 a 5 veces por semana,South Africa,Cristiano Ronaldo,Sí,Amigos,1928,1928,1928,1928
1929,Q25 - Q50,3,1,Premium,Rara vez,Francia,Lamine Yamal,Sí,Solo,1929,1929,1929,1929
1930,Q51 - Q100,2,1,Premium,Rara vez,Argentina,Jude Bellingham,Sí,Amigos,1930,1930,1930,1930
1932,Q51 - Q100,3,1,Economico,Varias veces al mes,México,Kylian Mbappé; Federico Valverde; Lamine Yamal,Sí,Amigos,1932,1932,1932,1932
1933,Q101 - Q150,1,0,Moderado,Varias veces al mes,México,Rodri,Sí,Solo,1933,1933,1933,1933
1934,Menos de Q25,1,0,Moderado,Todos los días,Argentina,Vinícius Júnior; Cristiano Ronaldo,No,Amigos,1934,1934,1934,1934
1935,Q101 - Q150,3,1,Moderado,Todos los días,Inglaterra,Neymar Jr.; Jude Bellingham; Lamine Yamal,Sí,Familia,1935,1935,1935,1935
1936,Q25 - Q50,3,1,Accesible,Rara vez,Estados Unidos,Lamine Yamal,No,Amigos,1936,1936,1936,1936
1937,Menos de Q25,1,1,Accesible,1 a 2 veces por semana,Francia,Neymar Jr.; Julián Álvarez; Lionel Messi,Sí,Familia,1937,1937,1937,1937
1938,Menos de Q25,2,0,Moderado,3 a 5 veces por semana,Argentina,Kylian Mbappé; Neymar Jr.; Julián Álvarez,Sí,Amigos,1938,1938,1938,1938
1939,Q25 - Q50,3,1,Premium,Todos los días,MÉXICO,Jude Bellingham; Christian Pulisic,Sí,Amigos,1939,1939,1939,1939
1940,Q51 - Q100,2,1,Accesible,Varias veces al mes,Francia,Lionel Messi; Cristiano Ronaldo,Sí,Familia,1940,1940,1940,1940
1941,Q51 - Q100,3,0,Accesible,Todos los días,Brasil,Lionel Messi; Cristiano Ronaldo,Sí,Familia,1941,1941,1941,1941
1942,Q25 - Q50,3,1,Economico,Todos los días,Estados Unidos,Harry Kane; Lamine Yamal,No,Familia,1942,1942,1942,1942
1943,Q51 - Q100,1,1,Moderado,1 a 2 veces por semana,Congo DR,Lionel Messi; Alphonso Davies,Sí,Solo,1943,1943,1943,1943
1944,Menos de Q25,3,0,Accesible,3 a 5 veces por semana,Argentina,Christian Pulisic; Neymar Jr.,Sí,Familia,1944,1944,1944,1944
1945,Q25 - Q50,1,0,Accesible,Rara vez,Portugal,Christian Pulisic; Vinícius Júnior; Neymar Jr.,Sí,Familia,1945,1945,1945,1945
1946,Q25 - Q50,3,1,Premium,1 a 2 veces por semana,España,Kylian Mbappé; Neymar Jr.; Cristiano Ronaldo,Sí,Familia,1946,1946,1946,1946
1947,Q25 - Q50,3,0,Moderado,3 a 5 veces por semana,España,Lionel Messi,Sí,Familia,1947,1947,1947,1947
1948,Q101 - Q150,3,1,Premium,1 a 2 veces por semana,España,Kylian Mbappé; Julián Álvarez,Sí,Familia,1948,1948,1948,1948
1949,Q51 - Q100,1,0,Premium,Varias veces al mes,Francia,Neymar Jr.; Kylian Mbappé,Sí,Compañeros de trabajo,1949,1949,1949,1949
1950,Q51 - Q100,2,0,Accesible,Varias veces al mes,Inglaterra,Cristiano Ronaldo; Lamine Yamal,Sí,Familia,1950,1950,1950,1950
1951,Q25 - Q50,1,1,Moderado,Todos los días,Inglaterra,Lamine Yamal; Lionel Messi; Ninguno,Sí,Familia,1951,1951,1951,1951
1952,Q101 - Q150,1,1,Super Premium,1 a 2 veces por semana,Portugal,Kylian Mbappé,Sí,Amigos,1952,1952,1952,1952
1953,Q25 - Q50,3,1,Super Premium,3 a 5 veces por semana,Francia,Jude Bellingham,No,Amigos,1953,1953,1953,1953
1954,Menos de Q25,2,0,Economico,Varias veces al mes,México,Cristiano Ronaldo; Rodri; Lionel Messi,Sí,Compañeros de trabajo,1954,1954,1954,1954
1955,Q51 - Q100,3,0,Accesible,Varias veces al mes,España,Neymar Jr.; Lionel Messi,Sí,Otro,1955,1955,1955,1955
1956,Menos de Q25,3,0,Accesible,Todos los días,México,Lionel Messi; Kylian Mbappé; Jude Bellingham,Sí,Amigos,1956,1956,1956,1956
1957,Menos de Q25,3,0,Premium,1 a 2 veces por semana,Francia,Lionel Messi,Sí,Amigos,1957,1957,1957,1957
1958,Q51 - Q100,3,1,Moderado,Todos los días,Argentina,Alphonso Davies; Lionel Messi,Sí,Familia,1958,1958,1958,1958
1959,Q25 - Q50,3,0,Accesible,Todos los días,Portugal,Julián Álvarez; Lionel Messi,Sí,Amigos,1959,1959,1959,1959
1962,Menos de Q25,2,1,Premium,1 a 2 veces por semana,Portugal,Cristiano Ronaldo; Federico Valverde,Sí,Compañeros de trabajo,1962,1962,1962,1962
1963,Q51 - Q100,2,1,Moderado,3 a 5 veces por semana,México,Ninguno,Sí,Familia,1963,1963,1963,1963
1964,Q25 - Q50,2,1,Moderado,Varias veces al mes,Portugal,Vinícius Júnior; Neymar Jr.; Kylian Mbappé,No,Amigos,1964,1964,1964,1964
1965,Q51 - Q100,2,1,Moderado,1 a 2 veces por semana,Inglaterra,Federico Valverde; Harry Kane,Sí,Compañeros de trabajo,1965,1965,1965,1965
1966,Menos de Q25,2,1,Economico,3 a 5 veces por semana,Estados Unidos,Christian Pulisic,Sí,Familia,1966,1966,1966,1966
1967,Q25 - Q50,3,1,Accesible,3 a 5 veces por semana,Argentina,Lionel Messi; Cristiano Ronaldo; Julián Álvarez,Sí,Amigos,1967,1967,1967,1967
1968,Q25 - Q50,3,0,Moderado,Rara vez,Argentina,Neymar Jr.; Lamine Yamal,Sí,Solo,1968,1968,1968,1968
1969,Q25 - Q50,2,1,Moderado,Todos los días,Marruecos,Kylian Mbappé; Cristiano Ronaldo,Sí,Compañeros de trabajo,1969,1969,1969,1969
1970,Menos de Q25,2,1,Moderado,1 a 2 veces por semana,España,Neymar Jr.; Lionel Messi; Vinícius Júnior,Sí,Otro,1970,1970,1970,1970
1971,Q25 - Q50,1,0,Premium,Rara vez,México,Lionel Messi; Ninguno,Sí,Solo,1971,1971,1971,1971
1972,Q25 - Q50,2,0,Moderado,3 a 5 veces por semana,Argentina,Neymar Jr.,Sí,Familia,1972,1972,1972,1972
1973,Q51 - Q100,3,1,Accesible,1 a 2 veces por semana,Brasil,Cristiano Ronaldo; Lionel Messi; Jude Bellingham,No,Compañeros de trabajo,1973,1973,1973,1973
1974,Q25 - Q50,1,0,Moderado,1 a 2 veces por semana,Portugal,Lionel Messi; Harry Kane; Kylian Mbappé,Sí,Familia,1974,1974,1974,1974
1975,Q51 - Q100,3,1,Accesible,Rara vez,Brasil,Cristiano Ronaldo,Sí,Familia,1975,1975,1975,1975
1976,Q51 - Q100,3,0,Moderado,Varias veces al mes,Inglaterra,Lionel Messi; Neymar Jr.; Cristiano Ronaldo,Sí,Familia,1976,1976,1976,1976
1977,Q25 - Q50,2,0,Moderado,Todos los días,Francia,Cristiano Ronaldo; Harry Kane; Vinícius Júnior,Sí,Familia,1977,1977,1977,1977
1978,Q51 - Q100,1,1,Accesible,Todos los días,Argentina,Lionel Messi,Sí,Solo,1978,1978,1978,1978
1979,Q51 - Q100,1,0,Economico,3 a 5 veces por semana,Francia,Cristiano Ronaldo,No,Amigos,1979,1979,1979,1979
1980,Q25 - Q50,1,1,Moderado,Todos los días,Inglaterra,Kylian Mbappé,Sí,Compañeros de trabajo,1980,1980,1980,1980
1981,Q101 - Q150,1,1,Moderado,3 a 5 veces por semana,Alemania,Cristiano Ronaldo; Lionel Messi; Vinícius Júnior,Sí,Familia,1981,1981,1981,1981
1982,Q51 - Q100,1,1,Moderado,3 a 5 veces por semana,Brasil,Federico Valverde,Sí,Familia,1982,1982,1982,1982
1983,Menos de Q25,2,1,Premium,Rara vez,Portugal,Jude Bellingham,Sí,Amigos,1983,1983,1983,1983
1984,Q101 - Q150,3,1,Moderado,Todos los días,Portugal,Cristiano Ronaldo,Sí,Familia,1984,1984,1984,1984
1985,Q25 - Q50,1,1,Moderado,3 a 5 veces por semana,México,Lamine Yamal; Jude Bellingham,Sí,Amigos,1985,1985,1985,1985
1986,Q51 - Q100,2,0,Premium,Todos los días,Portugal,Rodri; Kylian Mbappé; Lionel Messi,Sí,Compañeros de trabajo,1986,1986,1986,1986
1987,Menos de Q25,2,0,Super Premium,Varias veces al mes,Brasil,Christian Pulisic,Sí,Compañeros de trabajo,1987,1987,1987,1987
1988,Q101 - Q150,1,1,Moderado,Todos los días,ALEMANIA,Lionel Messi; Neymar Jr.,Sí,Amigos,1988,1988,1988,1988
1989,Q51 - Q100,1,1,Moderado,Varias veces al mes,Argentina,Lionel Messi; Cristiano Ronaldo; Neymar Jr.,Sí,Compañeros de trabajo,1989,1989,1989,1989
1990,Q25 - Q50,1,0,Economico,1 a 2 veces por semana,Inglaterra,Cristiano Ronaldo; Julián Álvarez,Sí,Compañeros de trabajo,1990,1990,1990,1990
1991,Q25 - Q50,2,1,Accesible,3 a 5 veces por semana,Uruguay,Cristiano Ronaldo; Kylian Mbappé,Sí,Amigos,1991,1991,1991,1991
1992,Q25 - Q50,2,1,Premium,3 a 5 veces por semana,Francia,Cristiano Ronaldo; Kylian Mbappé,Sí,Amigos,1992,1992,1992,1992
1993,Más de Q150,3,1,Moderado,Todos los días,Brasil,Lionel Messi,Sí,Compañeros de trabajo,1993,1993,1993,1993
1994,Q51 - Q100,3,1,Moderado,1 a 2 veces por semana,Francia,Lamine Yamal,Sí,Solo,1994,1994,1994,1994
1995,Q25 - Q50,3,1,Premium,Rara vez,Francia,Lionel Messi; Neymar Jr.; Cristiano Ronaldo,Sí,Familia,1995,1995,1995,1995
1996,Q51 - Q100,1,0,Accesible,1 a 2 veces por semana,Argentina,Lionel Messi; Cristiano Ronaldo; Jude Bellingham,Sí,Otro,1996,1996,1996,1996
1997,Menos de Q25,2,1,Accesible,Todos los días,Portugal,Cristiano Ronaldo,Sí,Familia,1997,1997,1997,1997
1998,Q25 - Q50,1,1,Moderado,1 a 2 veces por semana,Argentina,Lamine Yamal; Lionel Messi,Sí,Amigos,1998,1998,1998,1998
1999,Q25 - Q50,2,1,Accesible,1 a 2 veces por semana,Francia,Lionel Messi; Cristiano Ronaldo; Lamine Yamal,Sí,Familia,1999,1999,1999,1999
2000,Q51 - Q100,1,1,Accesible,Varias veces al mes,Alemania,Lamine Yamal,Sí,Familia,2000,2000,2000,2000
2001,Q25 - Q50,1,0,Premium,3 a 5 veces por semana,Uruguay,Lionel Messi; Lamine Yamal,Sí,Amigos,2001,2001,2001,2001
2002,Q101 - Q150,3,1,Premium,Todos los días,Alemania,Rodri; Kylian Mbappé; Lamine Yamal,Sí,Familia,2002,2002,2002,2002
2003,Q25 - Q50,3,0,Moderado,Todos los días,España,Kylian Mbappé; Harry Kane; Cristiano Ronaldo,Sí,Familia,2003,2003,2003,2003
2004,Menos de Q25,2,1,Moderado,1 a 2 veces por semana,Colombia,Neymar Jr.; Rodri; Christian Pulisic,Sí,Familia,2004,2004,2004,2004
2005,Q101 - Q150,2,0,Moderado,Todos los días,España,Lionel Messi; Jude Bellingham; Julián Álvarez,Sí,Familia,2005,2005,2005,2005
2006,Menos de Q25,3,1,Premium,Todos los días,Argentina,Ninguno; Lionel Messi; Neymar Jr.,Sí,Familia,2006,2006,2006,2006
2007,Q51 - Q100,3,1,Premium,1 a 2 veces por semana,Francia,Vinícius Júnior; Lamine Yamal; Neymar Jr.,Sí,Familia,2007,2007,2007,2007
2008,Q51 - Q100,2,0,Moderado,Varias veces al mes,Portugal,Lamine Yamal,No,Familia,2008,2008,2008,2008
2009,Q25 - Q50,1,1,Economico,Varias veces al mes,México,Lionel Messi,Sí,Familia,2009,2009,2009,2009
2010,Menos de Q25,1,0,Economico,3 a 5 veces por semana,España,Kylian Mbappé; Vinícius Júnior,No,Familia,2010,2010,2010,2010
2011,Q51 - Q100,3,0,Premium,Varias veces al mes,Inglaterra,Neymar Jr.; Cristiano Ronaldo; Kylian Mbappé,Sí,Familia,2011,2011,2011,2011
2012,Q25 - Q50,1,1,Premium,Rara vez,España,Lamine Yamal,Sí,Amigos,2012,2012,2012,2012
2013,Q25 - Q50,1,1,Economico,Varias veces al mes,México,Lionel Messi; Alphonso Davies; Federico Valverde,No,Otro,2013,2013,2013,2013
2014,Q101 - Q150,1,1,Moderado,Varias veces al mes,Estados Unidos,Vinícius Júnior; Alphonso Davies,Sí,Familia,2014,2014,2014,2014
2015,Menos de Q25,1,1,Accesible,Todos los días,Portugal,Vinícius Júnior; Harry Kane,Sí,Solo,2015,2015,2015,2015
2016,Q25 - Q50,2,1,Moderado,1 a 2 veces por semana,Francia,Cristiano Ronaldo; Kylian Mbappé; Lionel Messi,Sí,Solo,2016,2016,2016,2016
2017,Q101 - Q150,2,0,Accesible,1 a 2 veces por semana,Uruguay,Jude Bellingham; Vinícius Júnior,Sí,Solo,2017,2017,2017,2017
2018,Q25 - Q50,1,0,Accesible,Varias veces al mes,México,Jude Bellingham; Lionel Messi,Sí,Solo,2018,2018,2018,2018
2019,Q25 - Q50,3,1,Premium,Todos los días,Francia,Neymar Jr.; Vinícius Júnior; Rodri,Sí,Amigos,2019,2019,2019,2019
2020,Q25 - Q50,2,1,Accesible,3 a 5 veces por semana,Francia,Vinícius Júnior; Kylian Mbappé,No,Amigos,2020,2020,2020,2020
2021,Q25 - Q50,2,1,Moderado,1 a 2 veces por semana,Inglaterra,Lionel Messi; Alphonso Davies; Neymar Jr.,Sí,Compañeros de trabajo,2021,2021,2021,2021
2022,Q51 - Q100,1,0,Premium,3 a 5 veces por semana,Argentina,Lionel Messi; Neymar Jr.,Sí,Familia,2022,2022,2022,2022
2023,Q25 - Q50,1,1,Economico,Varias veces al mes,México,Cristiano Ronaldo,Sí,Otro,2023,2023,2023,2023
2024,Q51 - Q100,1,1,Premium,1 a 2 veces por semana,Francia,Cristiano Ronaldo; Neymar Jr.,Sí,Familia,2024,2024,2024,2024
2025,Q101 - Q150,1,0,Moderado,3 a 5 veces por semana,España,Neymar Jr.; Kylian Mbappé; Vinícius Júnior,Sí,Compañeros de trabajo,2025,2025,2025,2025
2026,Q25 - Q50,1,0,Accesible,Varias veces al mes,Brasil,Lionel Messi,Sí,Familia,2026,2026,2026,2026
2027,Q25 - Q50,2,0,Accesible,Todos los días,Francia,Lionel Messi; Neymar Jr.,Sí,Familia,2027,2027,2027,2027
2028,Q101 - Q150,3,0,Accesible,3 a 5 veces por semana,México,Julián Álvarez; Neymar Jr.,Sí,Amigos,2028,2028,2028,2028
2029,Q25 - Q50,1,1,Premium,Varias veces al mes,Francia,Ninguno,Sí,Amigos,2029,2029,2029,2029
2030,Menos de Q25,1,1,Accesible,Todos los días,Portugal,Lionel Messi,Sí,Amigos,2030,2030,2030,2030
2031,Q51 - Q100,1,1,Premium,1 a 2 veces por semana,Inglaterra,Alphonso Davies,No,Familia,2031,2031,2031,2031
2032,Q51 - Q100,2,0,Moderado,Todos los días,Brasil,Christian Pulisic; Kylian Mbappé,Sí,Amigos,2032,2032,2032,2032
2033,Q25 - Q50,2,1,Super Premium,1 a 2 veces por semana,México,Cristiano Ronaldo; Lamine Yamal; Ninguno,Sí,Amigos,2033,2033,2033,2033
2034,Q101 - Q150,3,0,Moderado,Rara vez,Francia,Lionel Messi,Sí,Familia,2034,2034,2034,2034
2035,Q25 - Q50,2,0,Accesible,3 a 5 veces por semana,Brasil,Lionel Messi,Sí,Familia,2035,2035,2035,2035
2036,Menos de Q25,3,1,Accesible,1 a 2 veces por semana,Argentina,Ninguno; Neymar Jr.,No,Familia,2036,2036,2036,2036
2037,Q25 - Q50,2,0,Accesible,Rara vez,Costa de Marfil,Kylian Mbappé,Sí,Compañeros de trabajo,2037,2037,2037,2037
2038,Menos de Q25,2,1,Accesible,Todos los días,Brasil,Christian Pulisic; Lionel Messi; Lamine Yamal,Sí,Familia,2038,2038,2038,2038
2039,Q51 - Q100,2,1,Economico,1 a 2 veces por semana,BRASIL,Jude Bellingham; Vinícius Júnior,Sí,Amigos,2039,2039,2039,2039
2040,Q51 - Q100,3,1,Moderado,Todos los días,Francia,Neymar Jr.; Christian Pulisic; Ninguno,Sí,Amigos,2040,2040,2040,2040
2041,Q101 - Q150,2,1,Premium,Rara vez,Argentina,Lionel Messi; Vinícius Júnior; Federico Valverde,Sí,Solo,2041,2041,2041,2041
2042,Q51 - Q100,3,0,Premium,Varias veces al mes,España,Kylian Mbappé; Lionel Messi,Sí,Compañeros de trabajo,2042,2042,2042,2042
2043,Q25 - Q50,2,1,Accesible,1 a 2 veces por semana,Argentina,Neymar Jr.; Lionel Messi,Sí,Familia,2043,2043,2043,2043
2044,Q25 - Q50,3,0,Accesible,Todos los días,Qatar,Ninguno; Lionel Messi,No,Familia,2044,2044,2044,2044
2045,Menos de Q25,3,1,Accesible,Todos los días,Francia,Jude Bellingham; Cristiano Ronaldo; Christian Pulisic,Sí,Compañeros de trabajo,2045,2045,2045,2045
2046,Q51 - Q100,3,1,Economico,Todos los días,Brasil,Lionel Messi; Lamine Yamal; Neymar Jr.,Sí,Amigos,2046,2046,2046,2046
2047,Q101 - Q150,2,1,Premium,Todos los días,Inglaterra,Rodri; Lionel Messi,No,Familia,2047,2047,2047,2047
2048,Q101 - Q150,2,1,Moderado,3 a 5 veces por semana,Portugal,Neymar Jr.; Lionel Messi; Jude Bellingham,Sí,Familia,2048,2048,2048,2048
2049,Q101 - Q150,2,1,Economico,1 a 2 veces por semana,South Africa,Vinícius Júnior; Christian Pulisic; Lamine Yamal,Sí,Familia,2049,2049,2049,2049
2050,Q25 - Q50,3,0,Accesible,1 a 2 veces por semana,BRASIL,Neymar Jr.,Sí,Solo,2050,2050,2050,2050
2051,Q51 - Q100,3,0,Moderado,Varias veces al mes,Inglaterra,Kylian Mbappé; Cristiano Ronaldo; Lionel Messi,Sí,Familia,2051,2051,2051,2051
2052,Q51 - Q100,3,1,Moderado,Todos los días,Argentina,Cristiano Ronaldo; Federico Valverde; Neymar Jr.,No,Amigos,2052,2052,2052,2052
2053,Q25 - Q50,1,0,Moderado,Todos los días,Qatar,Lamine Yamal,Sí,Amigos,2053,2053,2053,2053
2054,Q25 - Q50,2,1,Accesible,Varias veces al mes,Portugal,Alphonso Davies; Lionel Messi; Julián Álvarez,Sí,Solo,2054,2054,2054,2054
2055,Q25 - Q50,3,0,Accesible,3 a 5 veces por semana,Brasil,Ninguno,Sí,Amigos,2055,2055,2055,2055
2056,Q25 - Q50,2,0,Moderado,1 a 2 veces por semana,Inglaterra,Cristiano Ronaldo,No,Amigos,2056,2056,2056,2056
2057,Menos de Q25,1,1,Economico,1 a 2 veces por semana,Australia,Lionel Messi,Sí,Familia,2057,2057,2057,2057
2058,Q101 - Q150,3,0,Moderado,3 a 5 veces por semana,México,Kylian Mbappé; Lionel Messi,No,Familia,2058,2058,2058,2058
2059,Q51 - Q100,2,1,Accesible,Varias veces al mes,Brasil,Vinícius Júnior; Cristiano Ronaldo; Christian Pulisic,Sí,Compañeros de trabajo,2059,2059,2059,2059
2060,Q25 - Q50,2,1,Moderado,3 a 5 veces por semana,Uruguay,Lionel Messi; Lamine Yamal; Rodri,Sí,Familia,2060,2060,2060,2060
2061,Q51 - Q100,3,0,Accesible,Rara vez,Francia,Ninguno,Sí,Amigos,2061,2061,2061,2061
2062,Q51 - Q100,1,1,Super Premium,Todos los días,Argentina,Harry Kane; Cristiano Ronaldo,Sí,Solo,2062,2062,2062,2062
2063,Q25 - Q50,2,0,Moderado,Varias veces al mes,Haití,Jude Bellingham; Vinícius Júnior,Sí,Solo,2063,2063,2063,2063
2064,Q25 - Q50,2,1,Premium,3 a 5 veces por semana,España,Christian Pulisic; Neymar Jr.; Lionel Messi,Sí,Amigos,2064,2064,2064,2064
2065,Q51 - Q100,2,1,Economico,1 a 2 veces por semana,Alemania,Jude Bellingham; Federico Valverde,Sí,Familia,2065,2065,2065,2065
2066,Menos de Q25,2,0,Super Premium,1 a 2 veces por semana,Brasil,Christian Pulisic; Cristiano Ronaldo,Sí,Amigos,2066,2066,2066,2066
2067,Q25 - Q50,3,1,Moderado,Todos los días,Inglaterra,Cristiano Ronaldo; Kylian Mbappé; Jude Bellingham,Sí,Compañeros de trabajo,2067,2067,2067,2067
2068,Más de Q150,2,1,Accesible,1 a 2 veces por semana,Argentina,Julián Álvarez; Lamine Yamal; Alphonso Davies,Sí,Amigos,2068,2068,2068,2068
2069,Q101 - Q150,1,1,Moderado,3 a 5 veces por semana,Francia,Ninguno; Neymar Jr.; Lamine Yamal,Sí,Familia,2069,2069,2069,2069
2070,Q51 - Q100,2,0,Moderado,3 a 5 veces por semana,Brasil,Rodri; Neymar Jr.,Sí,Amigos,2070,2070,2070,2070
2071,Q25 - Q50,1,1,Moderado,Todos los días,Brasil,Vinícius Júnior; Lamine Yamal; Jude Bellingham,Sí,Amigos,2071,2071,2071,2071
2072,Menos de Q25,2,1,Moderado,3 a 5 veces por semana,México,Vinícius Júnior; Federico Valverde; Kylian Mbappé,Sí,Familia,2072,2072,2072,2072
2073,Q25 - Q50,2,0,Premium,Varias veces al mes,Portugal,Cristiano Ronaldo,Sí,Amigos,2073,2073,2073,2073
2074,Q51 - Q100,2,1,Accesible,Varias veces al mes,Alemania,Lionel Messi; Cristiano Ronaldo,Sí,Familia,2074,2074,2074,2074
2075,Q51 - Q100,3,0,Super Premium,3 a 5 veces por semana,Brasil,Kylian Mbappé,Sí,Familia,2075,2075,2075,2075
2076,Q51 - Q100,3,1,Accesible,1 a 2 veces por semana,Croacia,Neymar Jr.; Cristiano Ronaldo; Lamine Yamal,Sí,Familia,2076,2076,2076,2076
2077,Más de Q150,1,1,Super Premium,3 a 5 veces por semana,Brasil,Lionel Messi; Lamine Yamal; Cristiano Ronaldo,Sí,Familia,2077,2077,2077,2077
2078,Q25 - Q50,2,1,Premium,1 a 2 veces por semana,México,Neymar Jr.; Cristiano Ronaldo,Sí,Amigos,2078,2078,2078,2078
2079,Q101 - Q150,3,1,Moderado,3 a 5 veces por semana,México,Vinícius Júnior; Christian Pulisic,Sí,Familia,2079,2079,2079,2079
2080,Q51 - Q100,3,0,Premium,Varias veces al mes,Brasil,Christian Pulisic; Harry Kane,Sí,Solo,2080,2080,2080,2080
2081,Menos de Q25,2,0,Accesible,3 a 5 veces por semana,Brasil,Cristiano Ronaldo,Sí,Compañeros de trabajo,2081,2081,2081,2081
2082,Q25 - Q50,3,1,Premium,3 a 5 veces por semana,Argentina,Vinícius Júnior; Lionel Messi; Neymar Jr.,Sí,Solo,2082,2082,2082,2082
2083,Q25 - Q50,3,1,Moderado,Varias veces al mes,Argentina,Lionel Messi; Alphonso Davies,Sí,Amigos,2083,2083,2083,2083
2084,Q25 - Q50,1,1,Moderado,3 a 5 veces por semana,Uruguay,Kylian Mbappé; Lamine Yamal,Sí,Amigos,2084,2084,2084,2084
2085,Q101 - Q150,2,1,Accesible,Todos los días,Alemania,Neymar Jr.; Christian Pulisic; Jude Bellingham,Sí,Familia,2085,2085,2085,2085
2086,Q101 - Q150,1,1,Economico,1 a 2 veces por semana,Suiza,Alphonso Davies; Cristiano Ronaldo; Lionel Messi,Sí,Amigos,2086,2086,2086,2086
2087,Menos de Q25,3,0,Moderado,Rara vez,Argentina,Cristiano Ronaldo,Sí,Familia,2087,2087,2087,2087
2088,Q25 - Q50,1,1,Moderado,Rara vez,Argentina,Federico Valverde,Sí,Familia,2088,2088,2088,2088
2090,Q25 - Q50,2,0,Accesible,1 a 2 veces por semana,Portugal,Neymar Jr.,Sí,Otro,2090,2090,2090,2090
2091,Q25 - Q50,3,0,Moderado,3 a 5 veces por semana,Estados Unidos,Cristiano Ronaldo; Lionel Messi; Vinícius Júnior,Sí,Amigos,2091,2091,2091,2091
2092,Q51 - Q100,3,1,Premium,Varias veces al mes,Portugal,Lionel Messi; Neymar Jr.; Lamine Yamal,Sí,Amigos,2092,2092,2092,2092
2093,Q25 - Q50,2,1,Accesible,3 a 5 veces por semana,Brasil,Federico Valverde; Lionel Messi; Cristiano Ronaldo,Sí,Amigos,2093,2093,2093,2093
2094,Q51 - Q100,2,0,Accesible,Varias veces al mes,Colombia,Kylian Mbappé,Sí,Familia,2094,2094,2094,2094
2095,Menos de Q25,1,0,Economico,1 a 2 veces por semana,México,Lamine Yamal; Christian Pulisic,Sí,Solo,2095,2095,2095,2095
2096,Más de Q150,3,1,Accesible,1 a 2 veces por semana,Argentina,Neymar Jr.,Sí,Amigos,2096,2096,2096,2096
2097,Menos de Q25,2,0,Accesible,3 a 5 veces por semana,Portugal,Lionel Messi; Christian Pulisic,Sí,Familia,2097,2097,2097,2097
2098,Q25 - Q50,1,0,Moderado,3 a 5 veces por semana,Brasil,Vinícius Júnior; Lamine Yamal; Lionel Messi,Sí,Familia,2098,2098,2098,2098
2099,Q51 - Q100,2,1,Moderado,3 a 5 veces por semana,Francia,Cristiano Ronaldo; Kylian Mbappé,Sí,Amigos,2099,2099,2099,2099
2100,Q25 - Q50,2,1,Accesible,3 a 5 veces por semana,Alemania,Cristiano Ronaldo; Kylian Mbappé,Sí,Familia,2100,2100,2100,2100
2101,Q25 - Q50,3,0,Super Premium,Varias veces al mes,Estados Unidos,Harry Kane; Kylian Mbappé; Neymar Jr.,Sí,Compañeros de trabajo,2101,2101,2101,2101
2102,Q25 - Q50,3,1,Moderado,3 a 5 veces por semana,México,Cristiano Ronaldo; Federico Valverde,Sí,Compañeros de trabajo,2102,2102,2102,2102
2103,Q25 - Q50,3,1,Premium,Todos los días,Inglaterra,Cristiano Ronaldo; Vinícius Júnior; Jude Bellingham,Sí,Amigos,2103,2103,2103,2103
2104,Q25 - Q50,3,1,Economico,Todos los días,Francia,Lamine Yamal,Sí,Familia,2104,2104,2104,2104
2105,Q51 - Q100,1,1,Super Premium,1 a 2 veces por semana,Francia,Kylian Mbappé; Neymar Jr.,Sí,Amigos,2105,2105,2105,2105
2106,Q51 - Q100,2,0,Moderado,Varias veces al mes,Inglaterra,Vinícius Júnior; Jude Bellingham; Christian Pulisic,Sí,Familia,2106,2106,2106,2106
2107,Más de Q150,3,1,Economico,3 a 5 veces por semana,Brasil,Lionel Messi; Lamine Yamal; Vinícius Júnior,Sí,Compañeros de trabajo,2107,2107,2107,2107
2108,Q25 - Q50,2,0,Moderado,1 a 2 veces por semana,Jordania,Christian Pulisic; Cristiano Ronaldo; Lamine Yamal,Sí,Familia,2108,2108,2108,2108
2109,Q101 - Q150,3,1,Economico,1 a 2 veces por semana,TÚNEZ,Lionel Messi; Neymar Jr.,Sí,Familia,2109,2109,2109,2109
2110,Q101 - Q150,2,0,Moderado,Varias veces al mes,Portugal,Christian Pulisic,No,Amigos,2110,2110,2110,2110
2111,Q25 - Q50,3,0,Moderado,Rara vez,Estados Unidos,Neymar Jr.; Vinícius Júnior; Kylian Mbappé,Sí,Amigos,2111,2111,2111,2111
2112,Q25 - Q50,3,0,Accesible,Varias veces al mes,Inglaterra,Christian Pulisic,Sí,Amigos,2112,2112,2112,2112
2113,Q51 - Q100,2,1,Accesible,Varias veces al mes,Argentina,Cristiano Ronaldo; Neymar Jr.; Kylian Mbappé,Sí,Amigos,2113,2113,2113,2113
2114,Q25 - Q50,2,1,Accesible,Rara vez,México,Alphonso Davies,Sí,Solo,2114,2114,2114,2114
2115,Q25 - Q50,2,0,Premium,3 a 5 veces por semana,España,Jude Bellingham; Cristiano Ronaldo; Neymar Jr.,Sí,Familia,2115,2115,2115,2115
2116,Menos de Q25,2,0,Accesible,1 a 2 veces por semana,México,Cristiano Ronaldo,Sí,Familia,2116,2116,2116,2116
2117,Q25 - Q50,1,1,Moderado,1 a 2 veces por semana,Türkiye,Cristiano Ronaldo,Sí,Amigos,2117,2117,2117,2117
2118,Q51 - Q100,3,1,Moderado,3 a 5 veces por semana,México,Ninguno; Neymar Jr.,No,Solo,2118,2118,2118,2118
2119,Q25 - Q50,2,1,Accesible,Varias veces al mes,Francia,Lionel Messi; Kylian Mbappé,Sí,Compañeros de trabajo,2119,2119,2119,2119
2120,Q101 - Q150,1,0,Super Premium,1 a 2 veces por semana,Inglaterra,Lionel Messi,Sí,Familia,2120,2120,2120,2120
2121,Q51 - Q100,2,0,Accesible,Todos los días,Argentina,Neymar Jr.; Vinícius Júnior; Lionel Messi,Sí,Otro,2121,2121,2121,2121
2122,Q25 - Q50,3,0,Moderado,Varias veces al mes,Argentina,Lamine Yamal; Jude Bellingham; Lionel Messi,Sí,Familia,2122,2122,2122,2122
2123,Q101 - Q150,1,0,Accesible,1 a 2 veces por semana,México,Lionel Messi; Vinícius Júnior,No,Amigos,2123,2123,2123,2123
2125,Q51 - Q100,1,1,Moderado,1 a 2 veces por semana,Colombia,Vinícius Júnior; Cristiano Ronaldo; Jude Bellingham,Sí,Compañeros de trabajo,2125,2125,2125,2125
2126,Q25 - Q50,1,0,Moderado,Varias veces al mes,Brasil,Lionel Messi,Sí,Amigos,2126,2126,2126,2126
2127,Q25 - Q50,1,1,Accesible,Varias veces al mes,Argentina,Jude Bellingham; Kylian Mbappé; Neymar Jr.,Sí,Amigos,2127,2127,2127,2127
2128,Q25 - Q50,1,1,Accesible,Todos los días,Alemania,Jude Bellingham; Lamine Yamal; Vinícius Júnior,Sí,Familia,2128,2128,2128,2128
2129,Q101 - Q150,3,1,Moderado,1 a 2 veces por semana,Brasil,Vinícius Júnior; Lionel Messi; Neymar Jr.,Sí,Familia,2129,2129,2129,2129
2130,Q25 - Q50,2,1,Economico,1 a 2 veces por semana,Argentina,Cristiano Ronaldo; Kylian Mbappé; Lionel Messi,Sí,Familia,2130,2130,2130,2130
2131,Menos de Q25,1,1,Accesible,3 a 5 veces por semana,España,Vinícius Júnior; Federico Valverde; Kylian Mbappé,Sí,Familia,2131,2131,2131,2131
2132,Q101 - Q150,3,1,Economico,Todos los días,Argentina,Lionel Messi,Sí,Familia,2132,2132,2132,2132
2133,Menos de Q25,3,1,Accesible,3 a 5 veces por semana,Brasil,Federico Valverde,Sí,Amigos,2133,2133,2133,2133
2134,Q51 - Q100,2,0,Moderado,Varias veces al mes,España,Neymar Jr.,Sí,Amigos,2134,2134,2134,2134
2135,Q25 - Q50,2,0,Accesible,3 a 5 veces por semana,Portugal,Neymar Jr.; Cristiano Ronaldo,Sí,Amigos,2135,2135,2135,2135
2136,Menos de Q25,2,0,Moderado,Varias veces al mes,México,Lionel Messi,Sí,Amigos,2136,2136,2136,2136
2137,Q25 - Q50,3,0,Moderado,Todos los días,Inglaterra,Cristiano Ronaldo; Lionel Messi,Sí,Familia,2137,2137,2137,2137
2138,Q25 - Q50,3,1,Super Premium,3 a 5 veces por semana,Francia,Neymar Jr.,Sí,Familia,2138,2138,2138,2138
2139,Q25 - Q50,2,1,Moderado,3 a 5 veces por semana,Panamá,Kylian Mbappé; Jude Bellingham; Neymar Jr.,Sí,Otro,2139,2139,2139,2139
2140,Q51 - Q100,1,1,Accesible,3 a 5 veces por semana,Argentina,Neymar Jr.; Vinícius Júnior; Jude Bellingham,Sí,Amigos,2140,2140,2140,2140
2141,Q25 - Q50,3,1,Moderado,Rara vez,Arabia Saudita,Cristiano Ronaldo; Lionel Messi; Lamine Yamal,Sí,Amigos,2141,2141,2141,2141
2142,Menos de Q25,3,1,Moderado,1 a 2 veces por semana,México,Lionel Messi,Sí,Amigos,2142,2142,2142,2142
2143,Q25 - Q50,2,0,Premium,3 a 5 veces por semana,Portugal,Vinícius Júnior,Sí,Solo,2143,2143,2143,2143
2144,Q51 - Q100,2,0,Accesible,Varias veces al mes,España,Cristiano Ronaldo; Federico Valverde; Lionel Messi,Sí,Familia,2144,2144,2144,2144
2145,Q25 - Q50,1,1,Accesible,3 a 5 veces por semana,Argentina,Lionel Messi; Vinícius Júnior; Harry Kane,Sí,Solo,2145,2145,2145,2145
2146,Q25 - Q50,1,1,Moderado,3 a 5 veces por semana,México,Kylian Mbappé; Neymar Jr.; Lionel Messi,Sí,Familia,2146,2146,2146,2146
2147,Q51 - Q100,2,1,Premium,1 a 2 veces por semana,Alemania,Kylian Mbappé,Sí,Otro,2147,2147,2147,2147
2148,Q101 - Q150,3,1,Moderado,Todos los días,México,Neymar Jr.; Christian Pulisic; Rodri,Sí,Solo,2148,2148,2148,2148
2149,Q25 - Q50,3,0,Moderado,3 a 5 veces por semana,Francia,Cristiano Ronaldo; Rodri; Jude Bellingham,Sí,Familia,2149,2149,2149,2149
2150,Menos de Q25,2,0,Premium,Varias veces al mes,Portugal,Lionel Messi,Sí,Amigos,2150,2150,2150,2150
2151,Q51 - Q100,1,0,Premium,Varias veces al mes,Inglaterra,Neymar Jr.,Sí,Amigos,2151,2151,2151,2151
2152,Q51 - Q100,3,1,Premium,Varias veces al mes,Uruguay,Neymar Jr.; Julián Álvarez; Cristiano Ronaldo,Sí,Familia,2152,2152,2152,2152
2153,Q25 - Q50,2,1,Moderado,1 a 2 veces por semana,Argentina,Lionel Messi; Harry Kane; Christian Pulisic,Sí,Familia,2153,2153,2153,2153
2154,Q51 - Q100,1,1,Moderado,1 a 2 veces por semana,Portugal,Kylian Mbappé; Neymar Jr.,Sí,Familia,2154,2154,2154,2154
2155,Q51 - Q100,2,1,Moderado,3 a 5 veces por semana,Inglaterra,Vinícius Júnior; Lamine Yamal; Cristiano Ronaldo,No,Familia,2155,2155,2155,2155
2156,Q51 - Q100,2,1,Accesible,3 a 5 veces por semana,Portugal,Harry Kane; Vinícius Júnior,Sí,Familia,2156,2156,2156,2156
2157,Q25 - Q50,1,1,Accesible,Varias veces al mes,Brasil,Lionel Messi; Cristiano Ronaldo,Sí,Familia,2157,2157,2157,2157
2158,Q25 - Q50,3,0,Moderado,1 a 2 veces por semana,Francia,Neymar Jr.; Cristiano Ronaldo; Vinícius Júnior,Sí,Amigos,2158,2158,2158,2158
2159,Menos de Q25,2,0,Economico,1 a 2 veces por semana,FRANCIA,Lionel Messi; Lamine Yamal; Alphonso Davies,Sí,Familia,2159,2159,2159,2159
2160,Q51 - Q100,2,1,Premium,Todos los días,Portugal,Christian Pulisic,Sí,Familia,2160,2160,2160,2160
2161,Q25 - Q50,2,0,Accesible,3 a 5 veces por semana,Inglaterra,Cristiano Ronaldo,Sí,Amigos,2161,2161,2161,2161
2162,Q51 - Q100,3,1,Accesible,Todos los días,Alemania,Alphonso Davies; Lionel Messi; Harry Kane,Sí,Amigos,2162,2162,2162,2162
2163,Q51 - Q100,3,0,Moderado,1 a 2 veces por semana,Argentina,Cristiano Ronaldo; Neymar Jr.; Vinícius Júnior,Sí,Amigos,2163,2163,2163,2163
2164,Menos de Q25,3,1,Moderado,Varias veces al mes,Francia,Jude Bellingham; Vinícius Júnior; Kylian Mbappé,Sí,Familia,2164,2164,2164,2164
2165,Q25 - Q50,1,1,Accesible,Todos los días,España,Lionel Messi,Sí,Familia,2165,2165,2165,2165
2166,Menos de Q25,2,1,Premium,Todos los días,Brasil,Ninguno,Sí,Familia,2166,2166,2166,2166
2167,Q51 - Q100,2,0,Accesible,1 a 2 veces por semana,Brasil,Jude Bellingham,Sí,Familia,2167,2167,2167,2167
2168,Q101 - Q150,1,0,Accesible,1 a 2 veces por semana,Argentina,Kylian Mbappé,Sí,Solo,2168,2168,2168,2168
2169,Q25 - Q50,1,0,Premium,Todos los días,Estados Unidos,Neymar Jr.; Kylian Mbappé,Sí,Familia,2169,2169,2169,2169
2170,Más de Q150,3,0,Moderado,1 a 2 veces por semana,Haití,Lionel Messi; Vinícius Júnior; Cristiano Ronaldo,Sí,Amigos,2170,2170,2170,2170
2171,Menos de Q25,3,1,Accesible,1 a 2 veces por semana,Brasil,Rodri; Neymar Jr.; Federico Valverde,Sí,Compañeros de trabajo,2171,2171,2171,2171
2172,Menos de Q25,2,1,Moderado,3 a 5 veces por semana,Argentina,Neymar Jr.,Sí,Compañeros de trabajo,2172,2172,2172,2172
2173,Menos de Q25,2,1,Moderado,1 a 2 veces por semana,Portugal,Rodri; Lamine Yamal,Sí,Solo,2173,2173,2173,2173
2174,Q51 - Q100,2,1,Moderado,1 a 2 veces por semana,Czechia,Alphonso Davies; Neymar Jr.,Sí,Familia,2174,2174,2174,2174
2175,Q25 - Q50,1,1,Accesible,Todos los días,Inglaterra,Lionel Messi,Sí,Otro,2175,2175,2175,2175
2176,Q101 - Q150,2,0,Premium,1 a 2 veces por semana,Argentina,Neymar Jr.,Sí,Familia,2176,2176,2176,2176
2177,Menos de Q25,1,1,Premium,1 a 2 veces por semana,Brasil,Kylian Mbappé; Cristiano Ronaldo,Sí,Solo,2177,2177,2177,2177
2178,Q101 - Q150,1,1,Moderado,Varias veces al mes,Colombia,Alphonso Davies; Lionel Messi; Harry Kane,Sí,Amigos,2178,2178,2178,2178
2179,Q51 - Q100,3,1,Moderado,1 a 2 veces por semana,Brasil,Alphonso Davies; Lamine Yamal,Sí,Familia,2179,2179,2179,2179
2180,Q25 - Q50,3,0,Accesible,1 a 2 veces por semana,Brasil,Rodri,Sí,Familia,2180,2180,2180,2180
2181,Q101 - Q150,2,1,Premium,1 a 2 veces por semana,Argentina,Lionel Messi,Sí,Amigos,2181,2181,2181,2181
2182,Q51 - Q100,3,0,Accesible,Todos los días,Portugal,Neymar Jr.; Ninguno,Sí,Amigos,2182,2182,2182,2182
2183,Q25 - Q50,3,1,Accesible,Todos los días,España,Federico Valverde; Vinícius Júnior; Lionel Messi,Sí,Familia,2183,2183,2183,2183
2184,Q25 - Q50,2,1,Accesible,1 a 2 veces por semana,Brasil,Cristiano Ronaldo; Rodri; Alphonso Davies,Sí,Amigos,2184,2184,2184,2184
2185,Q51 - Q100,1,1,Accesible,3 a 5 veces por semana,Portugal,Cristiano Ronaldo; Neymar Jr.; Lionel Messi,Sí,Familia,2185,2185,2185,2185
2186,Q25 - Q50,1,1,Moderado,Varias veces al mes,Francia,Cristiano Ronaldo,Sí,Compañeros de trabajo,2186,2186,2186,2186
2187,Menos de Q25,3,0,Moderado,3 a 5 veces por semana,Francia,Lamine Yamal; Neymar Jr.,Sí,Amigos,2187,2187,2187,2187
2188,Q25 - Q50,2,0,Economico,3 a 5 veces por semana,México,Cristiano Ronaldo; Lionel Messi,No,Amigos,2188,2188,2188,2188
2189,Q51 - Q100,1,0,Premium,3 a 5 veces por semana,Brasil,Lionel Messi; Jude Bellingham; Ninguno,Sí,Familia,2189,2189,2189,2189
2190,Menos de Q25,2,1,Moderado,3 a 5 veces por semana,México,Rodri,Sí,Amigos,2190,2190,2190,2190
2191,Q101 - Q150,1,1,Super Premium,3 a 5 veces por semana,Argentina,Vinícius Júnior; Jude Bellingham,Sí,Familia,2191,2191,2191,2191
2192,Q51 - Q100,1,1,Accesible,Varias veces al mes,Francia,Neymar Jr.; Lionel Messi; Lamine Yamal,Sí,Familia,2192,2192,2192,2192
2193,Q25 - Q50,1,0,Premium,3 a 5 veces por semana,Alemania,Harry Kane,No,Familia,2193,2193,2193,2193
2194,Q25 - Q50,3,0,Accesible,Varias veces al mes,Brasil,Cristiano Ronaldo,Sí,Compañeros de trabajo,2194,2194,2194,2194
2195,Menos de Q25,2,0,Accesible,Todos los días,Portugal,Cristiano Ronaldo; Vinícius Júnior,Sí,Familia,2195,2195,2195,2195
2196,Q51 - Q100,1,0,Premium,Varias veces al mes,Países Bajos,Neymar Jr.; Lionel Messi; Kylian Mbappé,Sí,Compañeros de trabajo,2196,2196,2196,2196
2197,Q25 - Q50,1,1,Moderado,1 a 2 veces por semana,España,Ninguno; Cristiano Ronaldo; Federico Valverde,Sí,Compañeros de trabajo,2197,2197,2197,2197
2198,Menos de Q25,3,0,Moderado,Todos los días,México,Lionel Messi; Cristiano Ronaldo; Christian Pulisic,Sí,Amigos,2198,2198,2198,2198
2200,Q51 - Q100,1,1,Economico,3 a 5 veces por semana,Estados Unidos,Alphonso Davies; Lionel Messi; Cristiano Ronaldo,Sí,Familia,2200,2200,2200,2200
2201,Menos de Q25,3,1,Accesible,Todos los días,Argentina,Cristiano Ronaldo; Lamine Yamal; Federico Valverde,Sí,Familia,2201,2201,2201,2201
2202,Q51 - Q100,2,1,Accesible,1 a 2 veces por semana,Brasil,Jude Bellingham,No,Amigos,2202,2202,2202,2202
2203,Q25 - Q50,3,1,Accesible,Varias veces al mes,España,Neymar Jr.; Jude Bellingham,Sí,Amigos,2203,2203,2203,2203
2204,Q51 - Q100,3,1,Moderado,Todos los días,Portugal,Cristiano Ronaldo; Neymar Jr.,Sí,Familia,2204,2204,2204,2204
2205,Q25 - Q50,1,0,Moderado,Todos los días,COLOMBIA,Lionel Messi; Lamine Yamal; Vinícius Júnior,No,Familia,2205,2205,2205,2205
2206,Q25 - Q50,1,1,Premium,3 a 5 veces por semana,Brasil,Christian Pulisic,Sí,Solo,2206,2206,2206,2206
2207,Más de Q150,3,1,Moderado,1 a 2 veces por semana,España,Alphonso Davies; Lionel Messi,Sí,Compañeros de trabajo,2207,2207,2207,2207
2208,Q25 - Q50,3,0,Moderado,1 a 2 veces por semana,Inglaterra,Cristiano Ronaldo; Neymar Jr.,Sí,Amigos,2208,2208,2208,2208
2209,Q25 - Q50,2,1,Accesible,Todos los días,España,Neymar Jr.; Rodri; Vinícius Júnior,Sí,Amigos,2209,2209,2209,2209
2210,Q51 - Q100,2,1,Super Premium,Varias veces al mes,Argentina,Lionel Messi; Rodri; Harry Kane,Sí,Amigos,2210,2210,2210,2210
2211,Q101 - Q150,2,1,Premium,Todos los días,Brasil,Vinícius Júnior,Sí,Amigos,2211,2211,2211,2211
2212,Q51 - Q100,2,0,Accesible,Varias veces al mes,ESTADOS UNIDOS,Julián Álvarez; Jude Bellingham,Sí,Solo,2212,2212,2212,2212
2213,Menos de Q25,1,1,Economico,1 a 2 veces por semana,Brasil,Cristiano Ronaldo,Sí,Familia,2213,2213,2213,2213
2214,Menos de Q25,1,1,Accesible,Todos los días,Argentina,Cristiano Ronaldo; Harry Kane,Sí,Amigos,2214,2214,2214,2214
2215,Q51 - Q100,3,1,Premium,1 a 2 veces por semana,México,Lionel Messi,Sí,Amigos,2215,2215,2215,2215
2216,Más de Q150,1,0,Premium,Varias veces al mes,España,Neymar Jr.,Sí,Familia,2216,2216,2216,2216
2217,Menos de Q25,1,1,Moderado,3 a 5 veces por semana,Francia,Cristiano Ronaldo; Kylian Mbappé; Lamine Yamal,Sí,Compañeros de trabajo,2217,2217,2217,2217
2218,Menos de Q25,1,1,Economico,Varias veces al mes,España,Neymar Jr.; Lionel Messi; Christian Pulisic,Sí,Familia,2218,2218,2218,2218
2219,Q25 - Q50,3,0,Accesible,Varias veces al mes,Colombia,Julián Álvarez; Jude Bellingham,No,Amigos,2219,2219,2219,2219
2220,Q25 - Q50,3,0,Accesible,Todos los días,México,Alphonso Davies,No,Amigos,2220,2220,2220,2220
2221,Menos de Q25,1,1,Premium,3 a 5 veces por semana,Portugal,Rodri,Sí,Familia,2221,2221,2221,2221
2222,Menos de Q25,1,1,Premium,Rara vez,Argentina,Cristiano Ronaldo,Sí,Amigos,2222,2222,2222,2222
2223,Q51 - Q100,1,1,Accesible,3 a 5 veces por semana,URUGUAY,Neymar Jr.,Sí,Amigos,2223,2223,2223,2223
2224,Q101 - Q150,2,1,Premium,Varias veces al mes,Estados Unidos,Cristiano Ronaldo,Sí,Familia,2224,2224,2224,2224
2225,Q25 - Q50,2,1,Moderado,3 a 5 veces por semana,Inglaterra,Cristiano Ronaldo; Neymar Jr.,Sí,Amigos,2225,2225,2225,2225
2226,Q51 - Q100,1,1,Accesible,3 a 5 veces por semana,Nueva Zelanda,Neymar Jr.; Kylian Mbappé,Sí,Familia,2226,2226,2226,2226
2227,Q51 - Q100,1,1,Moderado,1 a 2 veces por semana,Alemania,Kylian Mbappé,No,Amigos,2227,2227,2227,2227
2228,Menos de Q25,1,0,Super Premium,Varias veces al mes,España,Lamine Yamal; Cristiano Ronaldo,Sí,Familia,2228,2228,2228,2228
2229,Q51 - Q100,2,1,Moderado,1 a 2 veces por semana,Portugal,Lamine Yamal,Sí,Amigos,2229,2229,2229,2229
2230,Q25 - Q50,1,0,Moderado,Rara vez,Brasil,Christian Pulisic,Sí,Familia,2230,2230,2230,2230
2231,Q25 - Q50,3,1,Premium,3 a 5 veces por semana,Argentina,Kylian Mbappé; Lamine Yamal; Lionel Messi,Sí,Familia,2231,2231,2231,2231
2232,Q101 - Q150,2,0,Accesible,3 a 5 veces por semana,Portugal,Cristiano Ronaldo,Sí,Amigos,2232,2232,2232,2232
2233,Q25 - Q50,2,1,Accesible,Rara vez,España,Cristiano Ronaldo; Christian Pulisic,Sí,Familia,2233,2233,2233,2233
2234,Q51 - Q100,2,1,Accesible,Todos los días,México,Lamine Yamal,Sí,Amigos,2234,2234,2234,2234
2235,Q51 - Q100,2,1,Accesible,1 a 2 veces por semana,México,Lionel Messi; Cristiano Ronaldo; Neymar Jr.,Sí,Amigos,2235,2235,2235,2235
2236,Q25 - Q50,1,1,Accesible,1 a 2 veces por semana,Brasil,Vinícius Júnior,Sí,Amigos,2236,2236,2236,2236
2237,Q101 - Q150,1,1,Moderado,Varias veces al mes,Nueva Zelanda,Federico Valverde; Lionel Messi; Cristiano Ronaldo,Sí,Solo,2237,2237,2237,2237
2238,Q25 - Q50,1,1,Premium,3 a 5 veces por semana,México,Alphonso Davies; Julián Álvarez; Harry Kane,Sí,Solo,2238,2238,2238,2238
2239,Q101 - Q150,1,1,Accesible,3 a 5 veces por semana,Brasil,Christian Pulisic; Cristiano Ronaldo; Lionel Messi,Sí,Familia,2239,2239,2239,2239
2240,Q25 - Q50,1,0,Accesible,3 a 5 veces por semana,Francia,Alphonso Davies,Sí,Amigos,2240,2240,2240,2240
2241,Más de Q150,3,1,Economico,Varias veces al mes,Argentina,Cristiano Ronaldo; Julián Álvarez,Sí,Familia,2241,2241,2241,2241
2242,Menos de Q25,1,1,Moderado,1 a 2 veces por semana,España,Alphonso Davies,Sí,Compañeros de trabajo,2242,2242,2242,2242
2243,Q51 - Q100,3,0,Moderado,Varias veces al mes,Estados Unidos,Jude Bellingham; Neymar Jr.; Lionel Messi,Sí,Amigos,2243,2243,2243,2243
2244,Q25 - Q50,3,1,Accesible,Varias veces al mes,Nueva Zelanda,Alphonso Davies,No,Familia,2244,2244,2244,2244
2245,Menos de Q25,2,1,Accesible,Todos los días,Portugal,Neymar Jr.,Sí,Amigos,2245,2245,2245,2245
2246,Q25 - Q50,1,0,Super Premium,3 a 5 veces por semana,Colombia,Jude Bellingham,Sí,Compañeros de trabajo,2246,2246,2246,2246
2247,Q51 - Q100,3,1,Super Premium,Rara vez,Argentina,Lionel Messi; Alphonso Davies; Kylian Mbappé,Sí,Familia,2247,2247,2247,2247
2248,Q25 - Q50,3,1,Moderado,1 a 2 veces por semana,Corea del Sur,Neymar Jr.,Sí,Compañeros de trabajo,2248,2248,2248,2248
2249,Menos de Q25,1,1,Economico,1 a 2 veces por semana,Inglaterra,Lamine Yamal; Vinícius Júnior,Sí,Solo,2249,2249,2249,2249
2250,Q101 - Q150,2,1,Economico,3 a 5 veces por semana,España,Neymar Jr.; Lionel Messi,No,Otro,2250,2250,2250,2250
2251,Q101 - Q150,2,0,Moderado,Rara vez,Alemania,Lionel Messi; Jude Bellingham,Sí,Amigos,2251,2251,2251,2251
2252,Q51 - Q100,2,1,Moderado,3 a 5 veces por semana,Inglaterra,Lamine Yamal,Sí,Otro,2252,2252,2252,2252
2253,Q25 - Q50,1,1,Accesible,1 a 2 veces por semana,Inglaterra,Neymar Jr.; Vinícius Júnior,Sí,Solo,2253,2253,2253,2253
2254,Menos de Q25,3,1,Super Premium,1 a 2 veces por semana,Inglaterra,Vinícius Júnior,Sí,Amigos,2254,2254,2254,2254
2255,Q51 - Q100,2,0,Moderado,3 a 5 veces por semana,Francia,Cristiano Ronaldo; Vinícius Júnior,Sí,Amigos,2255,2255,2255,2255
2256,Q51 - Q100,1,1,Moderado,Varias veces al mes,Cabo Verde,Cristiano Ronaldo; Vinícius Júnior,Sí,Familia,2256,2256,2256,2256
2257,Menos de Q25,1,0,Accesible,1 a 2 veces por semana,Portugal,Kylian Mbappé; Lamine Yamal,Sí,Solo,2257,2257,2257,2257
2258,Q25 - Q50,3,0,Economico,3 a 5 veces por semana,Francia,Christian Pulisic,Sí,Familia,2258,2258,2258,2258
2259,Q101 - Q150,1,0,Accesible,Varias veces al mes,Francia,Lionel Messi; Lamine Yamal; Kylian Mbappé,Sí,Solo,2259,2259,2259,2259
2260,Q51 - Q100,2,1,Premium,Rara vez,Argentina,Lionel Messi; Vinícius Júnior; Christian Pulisic,Sí,Familia,2260,2260,2260,2260
2261,Menos de Q25,1,0,Moderado,3 a 5 veces por semana,Francia,Federico Valverde,Sí,Familia,2261,2261,2261,2261
2262,Q25 - Q50,3,1,Accesible,3 a 5 veces por semana,México,Vinícius Júnior; Alphonso Davies; Ninguno,Sí,Familia,2262,2262,2262,2262
2263,Menos de Q25,1,1,Moderado,1 a 2 veces por semana,Brasil,Cristiano Ronaldo,Sí,Familia,2263,2263,2263,2263
2264,Más de Q150,3,1,Moderado,Varias veces al mes,BRASIL,Lionel Messi,Sí,Familia,2264,2264,2264,2264
2265,Más de Q150,2,1,Accesible,3 a 5 veces por semana,España,Lionel Messi; Cristiano Ronaldo; Vinícius Júnior,Sí,Compañeros de trabajo,2265,2265,2265,2265
2266,Q25 - Q50,1,1,Accesible,Varias veces al mes,Estados Unidos,Neymar Jr.; Alphonso Davies,Sí,Familia,2266,2266,2266,2266
2267,Q25 - Q50,2,0,Moderado,1 a 2 veces por semana,Portugal,Cristiano Ronaldo; Lionel Messi; Julián Álvarez,Sí,Compañeros de trabajo,2267,2267,2267,2267
2268,Q101 - Q150,3,1,Accesible,1 a 2 veces por semana,Argentina,Kylian Mbappé,Sí,Familia,2268,2268,2268,2268
2269,Q101 - Q150,1,1,Super Premium,Varias veces al mes,Argentina,Neymar Jr.,Sí,Amigos,2269,2269,2269,2269
2270,Menos de Q25,1,0,Accesible,Todos los días,Inglaterra,Vinícius Júnior; Cristiano Ronaldo; Jude Bellingham,Sí,Amigos,2270,2270,2270,2270
2271,Q25 - Q50,3,1,Premium,3 a 5 veces por semana,Argentina,Lionel Messi; Cristiano Ronaldo,Sí,Compañeros de trabajo,2271,2271,2271,2271
2272,Q25 - Q50,1,0,Moderado,3 a 5 veces por semana,Estados Unidos,Lionel Messi; Neymar Jr.; Cristiano Ronaldo,Sí,Solo,2272,2272,2272,2272
2273,Más de Q150,3,1,Accesible,3 a 5 veces por semana,Inglaterra,Julián Álvarez; Neymar Jr.; Kylian Mbappé,Sí,Amigos,2273,2273,2273,2273
2274,Menos de Q25,1,1,Accesible,Varias veces al mes,México,Neymar Jr.,Sí,Amigos,2274,2274,2274,2274
2275,Q25 - Q50,3,0,Accesible,Varias veces al mes,Alemania,Cristiano Ronaldo,Sí,Amigos,2275,2275,2275,2275
2276,Q101 - Q150,3,1,Moderado,3 a 5 veces por semana,CROACIA,Lionel Messi; Kylian Mbappé,Sí,Amigos,2276,2276,2276,2276
2277,Q51 - Q100,1,1,Moderado,Varias veces al mes,Türkiye,Jude Bellingham; Lionel Messi; Vinícius Júnior,Sí,Amigos,2277,2277,2277,2277
2278,Q25 - Q50,2,1,Moderado,3 a 5 veces por semana,Argentina,Julián Álvarez; Lionel Messi; Vinícius Júnior,No,Familia,2278,2278,2278,2278
2279,Más de Q150,3,1,Accesible,1 a 2 veces por semana,Portugal,Neymar Jr.,Sí,Familia,2279,2279,2279,2279
2280,Más de Q150,3,0,Accesible,3 a 5 veces por semana,Portugal,Kylian Mbappé,Sí,Familia,2280,2280,2280,2280
2281,Menos de Q25,2,0,Accesible,Varias veces al mes,Japón,Neymar Jr.; Lionel Messi; Lamine Yamal,Sí,Amigos,2281,2281,2281,2281
2282,Q25 - Q50,2,1,Economico,Todos los días,Inglaterra,Christian Pulisic,Sí,Amigos,2282,2282,2282,2282
2283,Q101 - Q150,3,1,Moderado,1 a 2 veces por semana,Inglaterra,Lionel Messi; Christian Pulisic,Sí,Amigos,2283,2283,2283,2283
2284,Q51 - Q100,3,0,Moderado,Todos los días,España,Kylian Mbappé; Cristiano Ronaldo; Lamine Yamal,No,Familia,2284,2284,2284,2284
2285,Q51 - Q100,3,1,Moderado,Todos los días,Argentina,Cristiano Ronaldo; Neymar Jr.,Sí,Amigos,2285,2285,2285,2285
2286,Más de Q150,2,1,Moderado,Rara vez,Brasil,Jude Bellingham; Cristiano Ronaldo; Lamine Yamal,No,Solo,2286,2286,2286,2286
2287,Más de Q150,3,1,Accesible,Varias veces al mes,MÉXICO,Neymar Jr.,Sí,Amigos,2287,2287,2287,2287
2288,Más de Q150,3,1,Economico,Todos los días,Francia,Lamine Yamal; Cristiano Ronaldo; Lionel Messi,Sí,Familia,2288,2288,2288,2288
2289,Q25 - Q50,3,1,Accesible,Todos los días,Brasil,Kylian Mbappé; Lionel Messi,No,Familia,2289,2289,2289,2289
2290,Q51 - Q100,3,1,Moderado,1 a 2 veces por semana,Czechia,Lionel Messi; Cristiano Ronaldo,Sí,Compañeros de trabajo,2290,2290,2290,2290
2291,Más de Q150,2,1,Premium,Rara vez,Estados Unidos,Neymar Jr.; Lionel Messi; Julián Álvarez,No,Amigos,2291,2291,2291,2291
2292,Q25 - Q50,3,1,Moderado,3 a 5 veces por semana,España,Vinícius Júnior; Cristiano Ronaldo; Kylian Mbappé,Sí,Amigos,2292,2292,2292,2292
2293,Menos de Q25,1,1,Accesible,Varias veces al mes,España,Cristiano Ronaldo,Sí,Familia,2293,2293,2293,2293
2294,Q25 - Q50,2,0,Moderado,1 a 2 veces por semana,México,Lionel Messi,Sí,Familia,2294,2294,2294,2294
2295,Q51 - Q100,1,0,Accesible,Varias veces al mes,España,Lionel Messi,No,Otro,2295,2295,2295,2295
2296,Q25 - Q50,3,1,Accesible,Varias veces al mes,Francia,Lionel Messi; Cristiano Ronaldo; Lamine Yamal,Sí,Amigos,2296,2296,2296,2296
2297,Q101 - Q150,3,1,Moderado,3 a 5 veces por semana,Francia,Harry Kane,Sí,Amigos,2297,2297,2297,2297
2298,Q101 - Q150,1,1,Accesible,Todos los días,Uruguay,Alphonso Davies; Ninguno; Neymar Jr.,Sí,Amigos,2298,2298,2298,2298
2299,Q25 - Q50,1,1,Super Premium,Varias veces al mes,Países Bajos,Lionel Messi; Lamine Yamal; Vinícius Júnior,Sí,Familia,2299,2299,2299,2299
2300,Q51 - Q100,1,0,Moderado,1 a 2 veces por semana,Argentina,Cristiano Ronaldo,Sí,Familia,2300,2300,2300,2300
2301,Q25 - Q50,3,1,Moderado,1 a 2 veces por semana,Argentina,Cristiano Ronaldo; Lamine Yamal; Neymar Jr.,Sí,Familia,2301,2301,2301,2301
2302,Q101 - Q150,3,0,Moderado,3 a 5 veces por semana,Francia,Cristiano Ronaldo,Sí,Familia,2302,2302,2302,2302
2303,Q101 - Q150,2,0,Moderado,Todos los días,Croacia,Vinícius Júnior; Lamine Yamal,Sí,Amigos,2303,2303,2303,2303
2304,Q25 - Q50,3,1,Moderado,1 a 2 veces por semana,Francia,Ninguno; Cristiano Ronaldo; Vinícius Júnior,Sí,Familia,2304,2304,2304,2304
2305,Q25 - Q50,2,1,Economico,1 a 2 veces por semana,México,Lionel Messi; Kylian Mbappé; Neymar Jr.,Sí,Familia,2305,2305,2305,2305
2306,Q101 - Q150,2,0,Accesible,3 a 5 veces por semana,España,Cristiano Ronaldo; Lionel Messi,No,Compañeros de trabajo,2306,2306,2306,2306
2307,Más de Q150,3,1,Accesible,1 a 2 veces por semana,Portugal,Cristiano Ronaldo,Sí,Familia,2307,2307,2307,2307
2308,Más de Q150,2,1,Premium,3 a 5 veces por semana,Francia,Vinícius Júnior; Lionel Messi,Sí,Amigos,2308,2308,2308,2308
2309,Q25 - Q50,1,1,Moderado,3 a 5 veces por semana,México,Lionel Messi; Jude Bellingham; Federico Valverde,Sí,Familia,2309,2309,2309,2309
2310,Q25 - Q50,2,0,Moderado,1 a 2 veces por semana,Francia,Jude Bellingham; Vinícius Júnior,Sí,Solo,2310,2310,2310,2310
2311,Q51 - Q100,3,1,Accesible,3 a 5 veces por semana,México,Lamine Yamal; Kylian Mbappé; Christian Pulisic,Sí,Otro,2311,2311,2311,2311
2312,Q25 - Q50,1,1,Economico,1 a 2 veces por semana,Argentina,Kylian Mbappé; Cristiano Ronaldo; Neymar Jr.,Sí,Amigos,2312,2312,2312,2312
2313,Menos de Q25,3,0,Premium,Todos los días,México,Lionel Messi; Julián Álvarez,No,Familia,2313,2313,2313,2313
2314,Q51 - Q100,2,0,Premium,1 a 2 veces por semana,Brasil,Harry Kane,No,Familia,2314,2314,2314,2314
2315,Q51 - Q100,1,0,Premium,Varias veces al mes,ARGENTINA,Neymar Jr.,Sí,Amigos,2315,2315,2315,2315
2316,Q51 - Q100,3,1,Accesible,Todos los días,Uruguay,Neymar Jr.; Lamine Yamal,Sí,Familia,2316,2316,2316,2316
2317,Q25 - Q50,1,1,Moderado,1 a 2 veces por semana,México,Kylian Mbappé; Neymar Jr.,No,Amigos,2317,2317,2317,2317
2318,Q51 - Q100,3,0,Moderado,Varias veces al mes,Uruguay,Lionel Messi; Kylian Mbappé,Sí,Amigos,2318,2318,2318,2318
2319,Q25 - Q50,1,1,Moderado,1 a 2 veces por semana,Argentina,Kylian Mbappé; Cristiano Ronaldo; Vinícius Júnior,Sí,Otro,2319,2319,2319,2319
2320,Q51 - Q100,2,0,Premium,Todos los días,México,Cristiano Ronaldo; Neymar Jr.; Rodri,Sí,Familia,2320,2320,2320,2320
2321,Q101 - Q150,3,1,Premium,Varias veces al mes,Brasil,Neymar Jr.; Rodri,Sí,Familia,2321,2321,2321,2321
2322,Menos de Q25,2,1,Premium,Todos los días,Francia,Neymar Jr.; Lionel Messi,Sí,Compañeros de trabajo,2322,2322,2322,2322
2323,Q101 - Q150,3,1,Accesible,Todos los días,Brasil,Vinícius Júnior,Sí,Amigos,2323,2323,2323,2323
2324,Menos de Q25,1,1,Accesible,Varias veces al mes,España,Lionel Messi; Jude Bellingham,Sí,Amigos,2324,2324,2324,2324
2325,Q51 - Q100,2,1,Premium,Varias veces al mes,Brasil,Cristiano Ronaldo; Vinícius Júnior,Sí,Amigos,2325,2325,2325,2325
2326,Q101 - Q150,1,1,Premium,3 a 5 veces por semana,México,Neymar Jr.; Jude Bellingham; Alphonso Davies,Sí,Compañeros de trabajo,2326,2326,2326,2326
2327,Q51 - Q100,2,1,Moderado,Varias veces al mes,Colombia,Kylian Mbappé,Sí,Amigos,2327,2327,2327,2327
2328,Q51 - Q100,2,1,Moderado,1 a 2 veces por semana,Brasil,Christian Pulisic; Lionel Messi,Sí,Amigos,2328,2328,2328,2328
2329,Más de Q150,3,0,Moderado,Varias veces al mes,Inglaterra,Cristiano Ronaldo; Harry Kane,Sí,Amigos,2329,2329,2329,2329
2331,Q51 - Q100,3,1,Premium,1 a 2 veces por semana,México,Lionel Messi; Cristiano Ronaldo,Sí,Amigos,2331,2331,2331,2331
2332,Q25 - Q50,2,1,Accesible,1 a 2 veces por semana,Brasil,Lionel Messi,Sí,Familia,2332,2332,2332,2332
2333,Menos de Q25,1,1,Accesible,3 a 5 veces por semana,Brasil,Cristiano Ronaldo; Lionel Messi; Kylian Mbappé,Sí,Familia,2333,2333,2333,2333
2334,Q101 - Q150,3,1,Accesible,Varias veces al mes,Argentina,Lionel Messi; Federico Valverde; Christian Pulisic,Sí,Familia,2334,2334,2334,2334
2335,Q25 - Q50,2,0,Moderado,Rara vez,Portugal,Cristiano Ronaldo,Sí,Compañeros de trabajo,2335,2335,2335,2335
2336,Q25 - Q50,3,1,Super Premium,Varias veces al mes,Portugal,Cristiano Ronaldo,Sí,Familia,2336,2336,2336,2336
2337,Q101 - Q150,3,1,Moderado,1 a 2 veces por semana,Francia,Lamine Yamal,Sí,Amigos,2337,2337,2337,2337
2338,Q51 - Q100,2,0,Premium,Rara vez,Brasil,Cristiano Ronaldo; Lionel Messi; Christian Pulisic,Sí,Compañeros de trabajo,2338,2338,2338,2338
2339,Menos de Q25,2,1,Premium,Todos los días,Estados Unidos,Julián Álvarez; Lionel Messi; Lamine Yamal,Sí,Solo,2339,2339,2339,2339
2340,Q101 - Q150,2,1,Accesible,Todos los días,Argentina,Lamine Yamal; Lionel Messi; Kylian Mbappé,Sí,Amigos,2340,2340,2340,2340
2341,Q51 - Q100,3,1,Premium,1 a 2 veces por semana,Irán,Kylian Mbappé,Sí,Amigos,2341,2341,2341,2341
2342,Q51 - Q100,1,0,Accesible,3 a 5 veces por semana,Inglaterra,Alphonso Davies; Lamine Yamal; Christian Pulisic,Sí,Amigos,2342,2342,2342,2342
2343,Q25 - Q50,1,0,Super Premium,Rara vez,Brasil,Federico Valverde,Sí,Familia,2343,2343,2343,2343
2344,Menos de Q25,3,0,Premium,Todos los días,México,Christian Pulisic,Sí,Familia,2344,2344,2344,2344
2345,Q51 - Q100,2,0,Moderado,Rara vez,Argentina,Federico Valverde; Cristiano Ronaldo; Vinícius Júnior,Sí,Familia,2345,2345,2345,2345
2346,Q25 - Q50,1,0,Premium,3 a 5 veces por semana,Brasil,Lamine Yamal; Cristiano Ronaldo; Jude Bellingham,No,Amigos,2346,2346,2346,2346
2347,Q25 - Q50,1,1,Moderado,Todos los días,Inglaterra,Rodri; Lionel Messi; Cristiano Ronaldo,Sí,Compañeros de trabajo,2347,2347,2347,2347
2348,Q51 - Q100,3,0,Moderado,1 a 2 veces por semana,Alemania,Lionel Messi,Sí,Amigos,2348,2348,2348,2348
2349,Q51 - Q100,3,0,Moderado,Todos los días,Cabo Verde,Cristiano Ronaldo; Julián Álvarez,Sí,Familia,2349,2349,2349,2349
2350,Q25 - Q50,3,0,Accesible,Varias veces al mes,México,Ninguno,Sí,Compañeros de trabajo,2350,2350,2350,2350
2351,Q51 - Q100,3,0,Premium,1 a 2 veces por semana,Estados Unidos,Julián Álvarez,Sí,Familia,2351,2351,2351,2351
2352,Q101 - Q150,1,0,Accesible,Todos los días,Brasil,Lionel Messi; Kylian Mbappé,Sí,Amigos,2352,2352,2352,2352
2353,Q101 - Q150,3,1,Moderado,Todos los días,Argentina,Neymar Jr.; Cristiano Ronaldo,Sí,Amigos,2353,2353,2353,2353
2354,Q25 - Q50,1,1,Super Premium,Todos los días,México,Lionel Messi,Sí,Amigos,2354,2354,2354,2354
2355,Q25 - Q50,1,0,Premium,3 a 5 veces por semana,Brasil,Cristiano Ronaldo,Sí,Familia,2355,2355,2355,2355
2356,Q51 - Q100,3,0,Accesible,1 a 2 veces por semana,Argentina,Jude Bellingham,Sí,Amigos,2356,2356,2356,2356
2357,Menos de Q25,2,0,Accesible,Todos los días,Argentina,Vinícius Júnior; Alphonso Davies; Julián Álvarez,Sí,Amigos,2357,2357,2357,2357
2358,Q25 - Q50,2,0,Accesible,Rara vez,Francia,Kylian Mbappé; Cristiano Ronaldo; Neymar Jr.,No,Amigos,2358,2358,2358,2358
2359,Q101 - Q150,3,0,Premium,1 a 2 veces por semana,México,Neymar Jr.; Vinícius Júnior,Sí,Amigos,2359,2359,2359,2359
2360,Q51 - Q100,3,1,Moderado,Rara vez,Inglaterra,Lionel Messi,Sí,Compañeros de trabajo,2360,2360,2360,2360
2361,Q25 - Q50,3,1,Accesible,Todos los días,Estados Unidos,Cristiano Ronaldo,Sí,Amigos,2361,2361,2361,2361
2362,Q101 - Q150,2,1,Moderado,Todos los días,Portugal,Jude Bellingham; Vinícius Júnior; Neymar Jr.,Sí,Familia,2362,2362,2362,2362
2363,Menos de Q25,3,1,Moderado,1 a 2 veces por semana,Estados Unidos,Jude Bellingham; Kylian Mbappé,Sí,Compañeros de trabajo,2363,2363,2363,2363
2364,Q25 - Q50,3,0,Accesible,Todos los días,España,Lionel Messi; Lamine Yamal,Sí,Familia,2364,2364,2364,2364
2365,Q25 - Q50,1,1,Economico,1 a 2 veces por semana,Argentina,Vinícius Júnior,Sí,Amigos,2365,2365,2365,2365
2366,Q25 - Q50,1,0,Accesible,1 a 2 veces por semana,Argentina,Lionel Messi; Vinícius Júnior,Sí,Familia,2366,2366,2366,2366
2367,Menos de Q25,2,0,Moderado,Todos los días,Argentina,Neymar Jr.; Vinícius Júnior; Alphonso Davies,Sí,Familia,2367,2367,2367,2367
2368,Más de Q150,2,0,Moderado,Todos los días,Portugal,Lionel Messi,Sí,Familia,2368,2368,2368,2368
2369,Q51 - Q100,1,0,Premium,Todos los días,Estados Unidos,Cristiano Ronaldo; Julián Álvarez,Sí,Familia,2369,2369,2369,2369
2370,Q25 - Q50,1,1,Economico,Varias veces al mes,Francia,Lionel Messi; Kylian Mbappé,No,Amigos,2370,2370,2370,2370
2371,Q25 - Q50,2,1,Accesible,3 a 5 veces por semana,Brasil,Jude Bellingham; Lamine Yamal,Sí,Amigos,2371,2371,2371,2371
2372,Q101 - Q150,2,1,Moderado,Varias veces al mes,Jordania,Harry Kane,Sí,Amigos,2372,2372,2372,2372
2373,Q25 - Q50,2,1,Moderado,3 a 5 veces por semana,Brasil,Lionel Messi; Jude Bellingham; Lamine Yamal,Sí,Amigos,2373,2373,2373,2373
2374,Q51 - Q100,2,1,Super Premium,Todos los días,Argentina,Kylian Mbappé,Sí,Solo,2374,2374,2374,2374
2375,Menos de Q25,2,1,Moderado,Todos los días,Alemania,Neymar Jr.; Federico Valverde,Sí,Solo,2375,2375,2375,2375
2376,Q25 - Q50,1,1,Premium,1 a 2 veces por semana,España,Rodri; Lionel Messi; Cristiano Ronaldo,Sí,Familia,2376,2376,2376,2376
2377,Q25 - Q50,1,1,Accesible,3 a 5 veces por semana,Argentina,Kylian Mbappé; Neymar Jr.; Cristiano Ronaldo,Sí,Amigos,2377,2377,2377,2377
2378,Q25 - Q50,1,1,Premium,Varias veces al mes,España,Kylian Mbappé,Sí,Familia,2378,2378,2378,2378
2379,Q25 - Q50,3,0,Economico,Varias veces al mes,Portugal,Lamine Yamal; Vinícius Júnior; Neymar Jr.,Sí,Solo,2379,2379,2379,2379
2380,Más de Q150,2,1,Moderado,3 a 5 veces por semana,Inglaterra,Kylian Mbappé; Vinícius Júnior,Sí,Amigos,2380,2380,2380,2380
2381,Q51 - Q100,2,0,Moderado,Todos los días,Brasil,Lionel Messi,Sí,Familia,2381,2381,2381,2381
2382,Q25 - Q50,2,1,Moderado,Todos los días,Argentina,Alphonso Davies; Cristiano Ronaldo; Lionel Messi,Sí,Familia,2382,2382,2382,2382
2383,Q25 - Q50,3,0,Accesible,Varias veces al mes,Brasil,Neymar Jr.,Sí,Amigos,2383,2383,2383,2383
2384,Q51 - Q100,2,1,Accesible,Varias veces al mes,Portugal,Kylian Mbappé; Neymar Jr.,Sí,Otro,2384,2384,2384,2384
2385,Q101 - Q150,2,0,Moderado,1 a 2 veces por semana,Argentina,Cristiano Ronaldo; Neymar Jr.; Lionel Messi,Sí,Compañeros de trabajo,2385,2385,2385,2385
2386,Q25 - Q50,1,1,Moderado,Varias veces al mes,Argentina,Lionel Messi; Cristiano Ronaldo; Kylian Mbappé,Sí,Otro,2386,2386,2386,2386
2387,Q51 - Q100,1,1,Accesible,3 a 5 veces por semana,Argentina,Kylian Mbappé; Neymar Jr.,Sí,Amigos,2387,2387,2387,2387
2388,Q25 - Q50,3,0,Premium,3 a 5 veces por semana,México,Harry Kane; Ninguno; Lionel Messi,Sí,Amigos,2388,2388,2388,2388
2389,Q101 - Q150,3,1,Moderado,Varias veces al mes,México,Cristiano Ronaldo,Sí,Amigos,2389,2389,2389,2389
2390,Q101 - Q150,1,1,Premium,1 a 2 veces por semana,España,Christian Pulisic; Lionel Messi; Kylian Mbappé,Sí,Amigos,2390,2390,2390,2390
2391,Q101 - Q150,2,0,Accesible,3 a 5 veces por semana,Bélgica,Lamine Yamal; Kylian Mbappé; Jude Bellingham,Sí,Otro,2391,2391,2391,2391
2392,Q101 - Q150,2,1,Premium,Varias veces al mes,Argentina,Cristiano Ronaldo; Lionel Messi; Neymar Jr.,Sí,Solo,2392,2392,2392,2392
2393,Q51 - Q100,1,1,Moderado,1 a 2 veces por semana,Inglaterra,Harry Kane; Federico Valverde,Sí,Solo,2393,2393,2393,2393
2394,Q25 - Q50,2,1,Moderado,Rara vez,Alemania,Lionel Messi; Neymar Jr.; Vinícius Júnior,Sí,Familia,2394,2394,2394,2394
2395,Q25 - Q50,1,0,Moderado,Rara vez,Portugal,Christian Pulisic,Sí,Familia,2395,2395,2395,2395
2396,Q51 - Q100,3,0,Accesible,3 a 5 veces por semana,México,Vinícius Júnior; Cristiano Ronaldo,Sí,Familia,2396,2396,2396,2396
2397,Q25 - Q50,1,0,Accesible,1 a 2 veces por semana,España,Julián Álvarez; Vinícius Júnior; Lionel Messi,Sí,Otro,2397,2397,2397,2397
2398,Menos de Q25,1,0,Economico,3 a 5 veces por semana,Argentina,Cristiano Ronaldo; Kylian Mbappé,Sí,Familia,2398,2398,2398,2398
2399,Q25 - Q50,3,0,Moderado,3 a 5 veces por semana,Argentina,Cristiano Ronaldo; Kylian Mbappé,Sí,Familia,2399,2399,2399,2399
2400,Q25 - Q50,3,0,Premium,Varias veces al mes,South Africa,Cristiano Ronaldo,Sí,Otro,2400,2400,2400,2400
2401,Q51 - Q100,2,1,Moderado,1 a 2 veces por semana,España,Lionel Messi; Kylian Mbappé; Jude Bellingham,Sí,Familia,2401,2401,2401,2401
2402,Q25 - Q50,1,0,Premium,Varias veces al mes,México,Vinícius Júnior; Lionel Messi; Neymar Jr.,Sí,Amigos,2402,2402,2402,2402
2403,Menos de Q25,3,1,Moderado,Todos los días,Francia,Lamine Yamal; Cristiano Ronaldo,Sí,Amigos,2403,2403,2403,2403
2404,Q101 - Q150,3,1,Economico,Todos los días,Argentina,Lionel Messi; Rodri,Sí,Amigos,2404,2404,2404,2404
2406,Q101 - Q150,1,1,Super Premium,Varias veces al mes,Inglaterra,Vinícius Júnior; Christian Pulisic; Kylian Mbappé,Sí,Familia,2406,2406,2406,2406
2407,Q51 - Q100,1,1,Moderado,3 a 5 veces por semana,Brasil,Kylian Mbappé,Sí,Amigos,2407,2407,2407,2407
2408,Q51 - Q100,3,1,Moderado,Varias veces al mes,España,Ninguno; Lionel Messi,Sí,Familia,2408,2408,2408,2408
2409,Menos de Q25,1,0,Moderado,Rara vez,Argentina,Cristiano Ronaldo; Christian Pulisic,Sí,Amigos,2409,2409,2409,2409
2410,Q25 - Q50,3,1,Super Premium,Todos los días,Francia,Harry Kane,Sí,Amigos,2410,2410,2410,2410
2411,Más de Q150,2,1,Moderado,1 a 2 veces por semana,Alemania,Lamine Yamal; Jude Bellingham,Sí,Familia,2411,2411,2411,2411
2412,Q25 - Q50,2,1,Accesible,Varias veces al mes,BRASIL,Lionel Messi,Sí,Familia,2412,2412,2412,2412
2413,Q25 - Q50,2,1,Accesible,Todos los días,Brasil,Neymar Jr.; Vinícius Júnior; Kylian Mbappé,Sí,Familia,2413,2413,2413,2413
2414,Menos de Q25,1,1,Accesible,Todos los días,Corea del Sur,Cristiano Ronaldo; Jude Bellingham; Neymar Jr.,Sí,Amigos,2414,2414,2414,2414
2415,Q101 - Q150,1,0,Moderado,3 a 5 veces por semana,Brasil,Lionel Messi; Vinícius Júnior,Sí,Familia,2415,2415,2415,2415
2416,Q51 - Q100,3,1,Accesible,1 a 2 veces por semana,Paraguay,Alphonso Davies; Kylian Mbappé; Cristiano Ronaldo,Sí,Compañeros de trabajo,2416,2416,2416,2416
2417,Q25 - Q50,3,0,Moderado,Varias veces al mes,México,Lionel Messi; Vinícius Júnior; Neymar Jr.,Sí,Familia,2417,2417,2417,2417
2418,Q25 - Q50,1,1,Moderado,1 a 2 veces por semana,Francia,Kylian Mbappé; Lionel Messi,Sí,Familia,2418,2418,2418,2418
2419,Q25 - Q50,1,0,Moderado,3 a 5 veces por semana,México,Lamine Yamal; Cristiano Ronaldo,Sí,Familia,2419,2419,2419,2419
2420,Q25 - Q50,2,0,Accesible,Todos los días,MÉXICO,Neymar Jr.,Sí,Familia,2420,2420,2420,2420
2421,Q101 - Q150,3,1,Moderado,Varias veces al mes,Alemania,Vinícius Júnior; Kylian Mbappé; Lionel Messi,No,Familia,2421,2421,2421,2421
2422,Q101 - Q150,2,0,Accesible,Varias veces al mes,Brasil,Neymar Jr.,Sí,Solo,2422,2422,2422,2422
2423,Menos de Q25,1,0,Accesible,3 a 5 veces por semana,México,Lionel Messi; Jude Bellingham; Neymar Jr.,Sí,Otro,2423,2423,2423,2423
2424,Q25 - Q50,1,1,Premium,Varias veces al mes,España,Lionel Messi; Kylian Mbappé; Federico Valverde,Sí,Familia,2424,2424,2424,2424
2425,Q101 - Q150,1,1,Moderado,3 a 5 veces por semana,Brasil,Vinícius Júnior; Julián Álvarez,Sí,Familia,2425,2425,2425,2425
2426,Q25 - Q50,2,0,Moderado,Varias veces al mes,Brasil,Cristiano Ronaldo,Sí,Amigos,2426,2426,2426,2426
2427,Q25 - Q50,3,1,Accesible,1 a 2 veces por semana,Inglaterra,Lamine Yamal; Jude Bellingham,Sí,Amigos,2427,2427,2427,2427
2428,Q101 - Q150,3,1,Accesible,Todos los días,Argentina,Cristiano Ronaldo,No,Amigos,2428,2428,2428,2428
2429,Q51 - Q100,3,1,Accesible,1 a 2 veces por semana,Argentina,Cristiano Ronaldo; Kylian Mbappé,Sí,Familia,2429,2429,2429,2429
2430,Q25 - Q50,2,1,Moderado,3 a 5 veces por semana,México,Cristiano Ronaldo,Sí,Familia,2430,2430,2430,2430
2431,Q101 - Q150,1,1,Moderado,Varias veces al mes,Haití,Kylian Mbappé; Christian Pulisic,Sí,Amigos,2431,2431,2431,2431
2432,Q101 - Q150,3,1,Premium,Rara vez,Argentina,Neymar Jr.; Harry Kane,Sí,Amigos,2432,2432,2432,2432
2433,Q101 - Q150,1,1,Accesible,1 a 2 veces por semana,México,Cristiano Ronaldo,No,Amigos,2433,2433,2433,2433
2434,Q25 - Q50,2,0,Accesible,Todos los días,Brasil,Cristiano Ronaldo,Sí,Solo,2434,2434,2434,2434
2435,Q25 - Q50,3,1,Accesible,Rara vez,España,Neymar Jr.; Lamine Yamal; Lionel Messi,No,Amigos,2435,2435,2435,2435
2436,Q25 - Q50,3,1,Accesible,3 a 5 veces por semana,México,Jude Bellingham; Christian Pulisic,Sí,Familia,2436,2436,2436,2436
2437,Q101 - Q150,1,0,Moderado,Varias veces al mes,Portugal,Lionel Messi; Christian Pulisic; Vinícius Júnior,Sí,Amigos,2437,2437,2437,2437
2438,Q25 - Q50,1,0,Accesible,Varias veces al mes,Colombia,Kylian Mbappé,Sí,Amigos,2438,2438,2438,2438
2440,Menos de Q25,3,1,Accesible,3 a 5 veces por semana,Brasil,Rodri; Cristiano Ronaldo; Jude Bellingham,Sí,Familia,2440,2440,2440,2440
2441,Q51 - Q100,2,1,Moderado,3 a 5 veces por semana,FRANCIA,Lamine Yamal; Cristiano Ronaldo; Neymar Jr.,Sí,Familia,2441,2441,2441,2441
2442,Q51 - Q100,3,0,Moderado,3 a 5 veces por semana,España,Harry Kane; Kylian Mbappé,Sí,Otro,2442,2442,2442,2442
2443,Q25 - Q50,1,1,Economico,Rara vez,Argentina,Julián Álvarez; Lionel Messi,Sí,Amigos,2443,2443,2443,2443
2444,Q25 - Q50,1,1,Accesible,Varias veces al mes,Estados Unidos,Lionel Messi; Jude Bellingham; Harry Kane,Sí,Familia,2444,2444,2444,2444
2445,Q51 - Q100,2,1,Moderado,Rara vez,Argentina,Vinícius Júnior; Jude Bellingham; Federico Valverde,No,Amigos,2445,2445,2445,2445
2446,Q51 - Q100,3,1,Moderado,Varias veces al mes,Brasil,Rodri; Kylian Mbappé,Sí,Compañeros de trabajo,2446,2446,2446,2446
2447,Q25 - Q50,3,1,Moderado,Varias veces al mes,Colombia,Jude Bellingham; Lamine Yamal,Sí,Amigos,2447,2447,2447,2447
2448,Q51 - Q100,1,0,Moderado,1 a 2 veces por semana,Alemania,Cristiano Ronaldo; Neymar Jr.; Lionel Messi,Sí,Solo,2448,2448,2448,2448
2449,Menos de Q25,2,0,Economico,Varias veces al mes,Francia,Neymar Jr.; Christian Pulisic; Cristiano Ronaldo,Sí,Amigos,2449,2449,2449,2449
2450,Q51 - Q100,3,1,Accesible,1 a 2 veces por semana,México,Rodri; Neymar Jr.,Sí,Familia,2450,2450,2450,2450
2451,Q101 - Q150,1,1,Accesible,1 a 2 veces por semana,México,Lionel Messi; Kylian Mbappé,Sí,Solo,2451,2451,2451,2451
2452,Q25 - Q50,3,1,Moderado,3 a 5 veces por semana,México,Cristiano Ronaldo; Vinícius Júnior,No,Familia,2452,2452,2452,2452
2453,Q25 - Q50,1,0,Premium,Todos los días,España,Christian Pulisic,Sí,Familia,2453,2453,2453,2453
2454,Menos de Q25,1,1,Moderado,3 a 5 veces por semana,España,Cristiano Ronaldo; Ninguno,Sí,Amigos,2454,2454,2454,2454
2455,Q101 - Q150,2,1,Moderado,Todos los días,España,Neymar Jr.; Federico Valverde; Lionel Messi,Sí,Amigos,2455,2455,2455,2455
2456,Más de Q150,2,0,Moderado,Todos los días,ALEMANIA,Vinícius Júnior,Sí,Familia,2456,2456,2456,2456
2457,Menos de Q25,2,1,Moderado,Todos los días,Argentina,Neymar Jr.,Sí,Familia,2457,2457,2457,2457
2458,Q51 - Q100,2,0,Moderado,Rara vez,Argentina,Cristiano Ronaldo; Neymar Jr.; Christian Pulisic,Sí,Familia,2458,2458,2458,2458
2459,Q25 - Q50,1,0,Super Premium,1 a 2 veces por semana,Francia,Lionel Messi,Sí,Familia,2459,2459,2459,2459
2460,Q101 - Q150,3,1,Premium,Varias veces al mes,Nueva Zelanda,Lionel Messi; Lamine Yamal,No,Familia,2460,2460,2460,2460
2461,Q101 - Q150,1,1,Moderado,1 a 2 veces por semana,Brasil,Kylian Mbappé; Rodri,Sí,Familia,2461,2461,2461,2461
2462,Q25 - Q50,3,0,Premium,Rara vez,Colombia,Federico Valverde; Lionel Messi,Sí,Solo,2462,2462,2462,2462
2463,Q101 - Q150,1,0,Moderado,Varias veces al mes,Argentina,Lionel Messi; Cristiano Ronaldo,Sí,Amigos,2463,2463,2463,2463
2464,Q25 - Q50,3,0,Accesible,3 a 5 veces por semana,Colombia,Lionel Messi,Sí,Familia,2464,2464,2464,2464
2465,Q51 - Q100,2,0,Premium,3 a 5 veces por semana,España,Julián Álvarez; Rodri,No,Familia,2465,2465,2465,2465
2466,Menos de Q25,3,0,Premium,3 a 5 veces por semana,México,Lamine Yamal; Vinícius Júnior; Lionel Messi,Sí,Amigos,2466,2466,2466,2466
2467,Q51 - Q100,3,1,Super Premium,Todos los días,Argentina,Harry Kane; Christian Pulisic,Sí,Compañeros de trabajo,2467,2467,2467,2467
2468,Q25 - Q50,1,0,Premium,3 a 5 veces por semana,España,Lionel Messi; Vinícius Júnior; Kylian Mbappé,Sí,Solo,2468,2468,2468,2468
2469,Q25 - Q50,3,0,Moderado,1 a 2 veces por semana,Congo DR,Lionel Messi; Kylian Mbappé,Sí,Amigos,2469,2469,2469,2469
2470,Q25 - Q50,3,1,Accesible,1 a 2 veces por semana,México,Lionel Messi,Sí,Amigos,2470,2470,2470,2470
2471,Más de Q150,2,0,Accesible,Todos los días,México,Alphonso Davies,No,Familia,2471,2471,2471,2471
2472,Q25 - Q50,3,1,Moderado,3 a 5 veces por semana,España,Lionel Messi; Vinícius Júnior; Cristiano Ronaldo,Sí,Amigos,2472,2472,2472,2472
2473,Q25 - Q50,2,0,Moderado,Varias veces al mes,México,Lionel Messi,Sí,Familia,2473,2473,2473,2473
2474,Más de Q150,1,1,Moderado,Varias veces al mes,Colombia,Neymar Jr.,Sí,Solo,2474,2474,2474,2474
2475,Q51 - Q100,1,1,Moderado,1 a 2 veces por semana,México,Christian Pulisic; Vinícius Júnior; Lamine Yamal,Sí,Amigos,2475,2475,2475,2475
2476,Q51 - Q100,2,0,Accesible,Todos los días,Argentina,Cristiano Ronaldo; Lamine Yamal; Neymar Jr.,Sí,Familia,2476,2476,2476,2476
2477,Q51 - Q100,3,1,Moderado,Rara vez,Portugal,Harry Kane; Cristiano Ronaldo,Sí,Familia,2477,2477,2477,2477
2479,Menos de Q25,2,0,Moderado,3 a 5 veces por semana,Estados Unidos,Vinícius Júnior; Jude Bellingham,No,Amigos,2479,2479,2479,2479
2480,Q25 - Q50,2,1,Moderado,Todos los días,Alemania,Neymar Jr.; Kylian Mbappé; Alphonso Davies,Sí,Familia,2480,2480,2480,2480
2481,Q51 - Q100,1,1,Economico,Varias veces al mes,Portugal,Lionel Messi; Kylian Mbappé,No,Amigos,2481,2481,2481,2481
2482,Menos de Q25,2,0,Accesible,Varias veces al mes,Brasil,Lionel Messi,Sí,Familia,2482,2482,2482,2482
2483,Menos de Q25,3,0,Moderado,Todos los días,Estados Unidos,Lionel Messi,Sí,Amigos,2483,2483,2483,2483
2484,Q51 - Q100,3,0,Super Premium,Varias veces al mes,Qatar,Alphonso Davies; Neymar Jr.,Sí,Amigos,2484,2484,2484,2484
2485,Q101 - Q150,1,1,Accesible,3 a 5 veces por semana,Argentina,Alphonso Davies; Julián Álvarez; Lionel Messi,No,Familia,2485,2485,2485,2485
2486,Q25 - Q50,1,0,Premium,Todos los días,Portugal,Neymar Jr.,Sí,Familia,2486,2486,2486,2486
2487,Q25 - Q50,2,0,Moderado,3 a 5 veces por semana,Argentina,Lionel Messi,Sí,Familia,2487,2487,2487,2487
2488,Menos de Q25,3,1,Economico,Varias veces al mes,Irak,Lamine Yamal; Vinícius Júnior; Cristiano Ronaldo,Sí,Familia,2488,2488,2488,2488
2489,Menos de Q25,2,0,Premium,1 a 2 veces por semana,Inglaterra,Cristiano Ronaldo,Sí,Amigos,2489,2489,2489,2489
2490,Q25 - Q50,3,1,Super Premium,Todos los días,Estados Unidos,Lionel Messi; Rodri; Cristiano Ronaldo,Sí,Familia,2490,2490,2490,2490
2491,Q25 - Q50,1,1,Moderado,1 a 2 veces por semana,Portugal,Lionel Messi,Sí,Familia,2491,2491,2491,2491
2492,Q101 - Q150,1,1,Moderado,3 a 5 veces por semana,FRANCIA,Vinícius Júnior,No,Familia,2492,2492,2492,2492
2493,Q51 - Q100,2,0,Moderado,1 a 2 veces por semana,Alemania,Jude Bellingham; Cristiano Ronaldo; Christian Pulisic,Sí,Familia,2493,2493,2493,2493
2494,Menos de Q25,2,1,Moderado,Rara vez,Argentina,Kylian Mbappé,Sí,Familia,2494,2494,2494,2494
2495,Q101 - Q150,2,0,Accesible,1 a 2 veces por semana,Argentina,Harry Kane,Sí,Amigos,2495,2495,2495,2495
2496,Q51 - Q100,3,1,Accesible,1 a 2 veces por semana,Brasil,Vinícius Júnior; Kylian Mbappé; Lamine Yamal,Sí,Familia,2496,2496,2496,2496
2497,Q51 - Q100,1,1,Moderado,1 a 2 veces por semana,México,Lamine Yamal; Jude Bellingham; Neymar Jr.,Sí,Amigos,2497,2497,2497,2497
2498,Menos de Q25,3,1,Moderado,Rara vez,Argentina,Lionel Messi; Neymar Jr.; Jude Bellingham,Sí,Amigos,2498,2498,2498,2498
2499,Q25 - Q50,1,1,Accesible,Varias veces al mes,México,Neymar Jr.,Sí,Amigos,2499,2499,2499,2499
2500,Más de Q150,3,0,Accesible,Todos los días,Portugal,Christian Pulisic; Neymar Jr.; Lionel Messi,Sí,Amigos,2500,2500,2500,2500
